sector,DOY,IAC,Traditional,p10,p25,p75,p90,IAC_norm,dIAC,spread_10_90,spread_25_75
Amundsen_Bellingshausen,1,2.442175862877797,2.3710218499333333,1.7677329124,1.912028899,2.762912073,3.000128064,0.4023573191992984,NA,1.2323951516,0.8508831739999998
Amundsen_Bellingshausen,2,2.3972188029050967,2.3926261462195124,1.783923579,1.884580582,2.775492857,2.986771534,0.3865165614552288,-0.044957059972700275,1.2028479549999997,0.8909122750000003
Amundsen_Bellingshausen,3,2.352215722015009,2.34216627235,1.7426430710999998,1.82186187125,2.7492053399999996,2.9822322496,0.3706595880999973,-0.045003080890087865,1.2395891785000002,0.9273434687499995
Amundsen_Bellingshausen,4,2.3072870868263764,2.3026368502439025,1.693958282,1.816265391,2.682345411,2.938651001,0.3548288459156333,-0.04492863518863244,1.2446927190000001,0.8660800200000001
Amundsen_Bellingshausen,5,2.2625533639580393,2.24996539345,1.6486509938,1.76242980025,2.682108884,2.8959669306,0.339066781684165,-0.0447337228683371,1.2473159368000002,0.9196790837499997
Amundsen_Bellingshausen,6,2.2181350200288388,2.2113055451219514,1.603947914,1.756163704,2.583252346,2.859893093,0.323415842187621,-0.04441834392920052,1.2559451790000002,0.8270886420000001
Amundsen_Bellingshausen,7,2.174152521657613,2.162706936,1.5839909328000001,1.677914195,2.5299514157500003,2.8023245717000003,0.3079184742080289,-0.04398249837122581,1.2183336389000001,0.8520372207500002
Amundsen_Bellingshausen,8,2.1307263354632044,2.1320284040487802,1.571521169,1.67882246,2.482413466,2.771527631,0.29261712452741795,-0.04342618619440852,1.2000064620000002,0.8035910060000002
Amundsen_Bellingshausen,9,2.087976928064455,2.0792160702,1.5286306161,1.6320888189999998,2.39985397275,2.7419480276,0.2775542399278169,-0.04274940739874955,1.2133174114999998,0.7677651537500001
Amundsen_Bellingshausen,10,2.0460247660802025,2.0477981209756098,1.517079011,1.653246976,2.377360657,2.679763187,0.2627722671912533,-0.041952161984252445,1.1626841759999997,0.7241136810000002
Amundsen_Bellingshausen,11,2.0049903161292884,2.001135678625,1.4477355573,1.55035361275,2.3029736929999998,2.6176214274,0.24831365309975584,-0.0410344499509141,1.1698858701000001,0.7526200802499998
Amundsen_Bellingshausen,12,1.9649940448305534,1.966663555780488,1.410989603,1.595135581,2.316947274,2.566430248,0.23422084443535307,-0.03999627129873495,1.155440645,0.7218116929999998
Amundsen_Bellingshausen,13,1.926156418802838,1.92751316295,1.3877478866,1.51439863425,2.2311413095,2.5175549677,0.22053628798007335,-0.038837626027715455,1.1298070811000003,0.7167426752499999
Amundsen_Bellingshausen,14,1.8885979046649848,1.8819013083333334,1.3671796511,1.50907849275,2.1946336315000003,2.4805206440000003,0.20730243051594588,-0.03755851413785316,1.1133409929000002,0.6855551387500003
Amundsen_Bellingshausen,15,1.8524389690358305,1.8396550186097562,1.337357882,1.45672453,2.103101827,2.457277429,0.1945617188249977,-0.03615893562915429,1.1199195469999998,0.6463772970000001
Amundsen_Bellingshausen,16,1.8178000785342183,1.8132628711666667,1.3390227049,1.4614592887500002,2.1347042425000002,2.3936788423,0.1823565996892582,-0.034638890501612174,1.0546561373999999,0.67324495375
Amundsen_Bellingshausen,17,1.7847862021478123,1.7750063444390245,1.296981973,1.405900939,2.073962507,2.339014551,0.17072405925295556,-0.03301387638640607,1.042032578,0.6680615680000002
Amundsen_Bellingshausen,18,1.7533846565603104,1.7509164265238095,1.2941669702,1.4260855557499998,2.0645516209999997,2.3086796203,0.1596596285107533,-0.031401545587501856,1.0145126501,0.6384660652499998
Amundsen_Bellingshausen,19,1.7235287822327587,1.723147713097561,1.280244132,1.390529194,2.047439724,2.290548572,0.1491398197699833,-0.029855874327551657,1.01030444,0.6569105300000002
Amundsen_Bellingshausen,20,1.6951516371937956,1.6921743489523808,1.2695978566,1.38002792,2.02657857825,2.2117571106,0.13914104582205372,-0.02837714503896316,0.9421592539999999,0.64655065825
Amundsen_Bellingshausen,21,1.668186279472061,1.6681008091707317,1.247609629,1.356946015,1.980471808,2.205095921,0.1296397194583734,-0.026965357721734584,0.9574862919999998,0.623525793
Amundsen_Bellingshausen,22,1.6425657670961928,1.6382852515238095,1.2499976939000002,1.34202761325,1.9414739619999999,2.1797331710999996,0.12061225347035033,-0.025620512375868154,0.9297354771999995,0.5994463487499999
Amundsen_Bellingshausen,23,1.6182231580948305,1.6215813759756097,1.215177065,1.337715218,1.909303834,2.168811445,0.11203506064939309,-0.024342609001362314,0.9536343799999998,0.5715886159999999
Amundsen_Bellingshausen,24,1.595091510496611,1.5927026707857144,1.2275656902,1.3190726664999999,1.87660632975,2.1303469333,0.10388455378690939,-0.023131647598219507,0.9027812430999997,0.5575336632500001
Amundsen_Bellingshausen,25,1.5731038823301737,1.575678916292683,1.215257169,1.298224151,1.829554979,2.121220516,0.09613714567430778,-0.02198762816643729,0.9059633470000001,0.531330828
Amundsen_Bellingshausen,26,1.552193331624156,1.5470616839285714,1.1971009742,1.2858955029999999,1.7734023644999999,2.0946579544,0.08876924910299615,-0.02091055070601766,0.8975569802000001,0.4875068615
Amundsen_Bellingshausen,27,1.532292916407198,1.5397227332926828,1.215886336,1.281426248,1.743467545,2.073262377,0.08175727686438321,-0.01990041521695818,0.8573760409999998,0.46204129699999985
Amundsen_Bellingshausen,28,1.5133356947079368,1.5149649319285714,1.155462212,1.2680362915,1.7251439522499998,2.0494256245,0.07507764174987691,-0.018957221699261062,0.8939634125,0.45710766074999976
Amundsen_Bellingshausen,29,1.4952547245550118,1.506392972902439,1.209020152,1.2719512610000001,1.713854269,2.016265728,0.06870675655088566,-0.01808097015292498,0.8072455760000001,0.44190300799999993
Amundsen_Bellingshausen,30,1.477983063977061,1.4794258394285715,1.1573200661,1.2628589365,1.69268555875,2.0023467164,0.06262103405881757,-0.01727166057795082,0.8450266502999999,0.42982662225
Amundsen_Bellingshausen,31,1.4614537710027227,1.4722679128048781,1.169055231,1.236534624,1.676521413,1.97684111,0.0567968870650808,-0.01652929297433836,0.8077858790000001,0.439986789
Amundsen_Bellingshausen,32,1.445603038524885,1.4222856702173914,1.0863334304999999,1.225701776,1.601520186,1.93043312,0.05121183294010125,-0.015850732477837637,0.8440996895000001,0.37581840999999994
Amundsen_Bellingshausen,33,1.430417208124852,1.4404720386829268,1.153321801,1.216274588,1.644566815,1.903936376,0.04586105909822803,-0.015185830400032962,0.7506145750000002,0.4282922269999998
Amundsen_Bellingshausen,34,1.4159229542000413,1.414833588142857,1.1177078629000001,1.20405762525,1.6109817444999999,1.8973843735,0.0407539643450707,-0.01449425392481074,0.7796765105999999,0.40692411924999994
Amundsen_Bellingshausen,35,1.40214809359111,1.4109315750731708,1.133709046,1.200597408,1.632239133,1.87700464,0.035900350029612525,-0.013774860608931405,0.7432955939999999,0.431641725
Amundsen_Bellingshausen,36,1.3891204431387123,1.386288512404762,1.1094894325,1.18901189025,1.589042184,1.8367322392,0.031310017500835854,-0.013027650452397621,0.7272428067000001,0.40003029375
Amundsen_Bellingshausen,37,1.376867819683506,1.383341669487805,1.111111704,1.173161448,1.587567981,1.79486206,0.02699276810772412,-0.01225262345520628,0.683750356,0.41440653299999997
Amundsen_Bellingshausen,38,1.3654180400661449,1.364810036095238,1.1086742484999998,1.1721978275,1.57096445625,1.7830457407,0.022958403199259438,-0.011449779617361155,0.6743714922000001,0.39876662875
Amundsen_Bellingshausen,39,1.3547989211272866,1.362151432804878,1.086937807,1.170832902,1.569293468,1.761039784,0.01921672412442532,-0.010619118938858252,0.6741019770000001,0.398460566
Amundsen_Bellingshausen,40,1.345038279707586,1.3449899061904762,1.0760813826,1.139829753,1.5427442239999998,1.7454132079,0.01577753223220418,-0.009760641419700677,0.6693318253,0.4029144709999999
Amundsen_Bellingshausen,41,1.3361639326477002,1.344105811097561,1.055722478,1.156381847,1.51664624,1.730216855,0.012650628871579386,-0.008874347059885768,0.674494377,0.360264393
Amundsen_Bellingshausen,42,1.328203696788284,1.3283203130952381,1.0533202189000002,1.14069176,1.4725978347499997,1.715760986,0.009845815391533352,-0.007960235859416187,0.6624407670999999,0.3319060747499998
Amundsen_Bellingshausen,43,1.321185388969993,1.3263189925121952,1.051379651,1.146694474,1.447127474,1.713460853,0.007372893141048814,-0.0070183078182910474,0.662081202,0.30043299999999995
Amundsen_Bellingshausen,44,1.315136826033485,1.3100589925952382,1.0500056648,1.13431126475,1.4386012325,1.6864014423999998,0.005241663469109366,-0.006048562936507906,0.6363957775999998,0.30428996774999995
Amundsen_Bellingshausen,45,1.3100858248194138,1.3087945226097562,1.051363467,1.14285267,1.438332087,1.686681407,0.0034619277246970355,-0.005051001214071205,0.63531794,0.29547941700000013
Amundsen_Bellingshausen,46,1.306060202168437,1.2986457122857142,1.0441309559999998,1.1216462597499999,1.4303855165,1.6665506543,0.002043487256795339,-0.0040256226509767234,0.6224196983000001,0.30873925675
Amundsen_Bellingshausen,47,1.303087172188964,1.2990525601707317,1.051146556,1.123005642,1.426527658,1.656482512,9.959310398343908e-4,-0.0029730299794730186,0.605335956,0.30352201599999984
Amundsen_Bellingshausen,48,1.3011666474510444,1.2939105234761905,1.0520445484,1.1220911872500001,1.4238375537499999,1.6496220683,3.1922826760345216e-4,-0.0019205247379197044,0.5975775199,0.30174636649999975
Amundsen_Bellingshausen,49,1.3002606576869498,1.2949931593170732,1.06520283,1.122316317,1.447222269,1.648242181,0,-9.059897640946168e-4,0.583039351,0.32490595200000016
Amundsen_Bellingshausen,50,1.300328442201892,1.2923260917619048,1.0617590447,1.11132077125,1.4561566590000001,1.6631176881999998,2.3884081402343644e-5,6.778451494215965e-5,0.6013586434999998,0.3448358877500002
Amundsen_Bellingshausen,51,1.301329240301081,1.2980127043414633,1.026034653,1.125373421,1.460041154,1.679147737,3.765183561882449e-4,0.0010007980991890708,0.6531130840000001,0.3346677330000001
Amundsen_Bellingshausen,52,1.3032222912897289,1.2984444138809523,1.0348492603000001,1.1383175617499999,1.4349090585,1.7002636629999999,0.0010435406687360916,0.001893050988647893,0.6654144026999997,0.29659149675000007
Amundsen_Bellingshausen,53,1.3059668344730468,1.3104647152439024,0.993995345,1.155266354,1.432376556,1.687570216,0.0020105888634240365,0.00274454318331796,0.6935748709999999,0.2771102019999998
Amundsen_Bellingshausen,54,1.3095221091562452,1.3113545826666666,1.0163645894000002,1.1514900460000002,1.4386239669999998,1.6659793243999999,0.0032633007846299194,0.003555274683198384,0.6496147349999997,0.2871339209999997
Amundsen_Bellingshausen,55,1.313847354644536,1.3175122701463415,0.973496083,1.158728529,1.467693346,1.656986873,0.0047873142767321285,0.004325245488290719,0.6834907899999999,0.3089648169999999
Amundsen_Bellingshausen,56,1.3189018102431311,1.320136328,1.0110396019,1.15723486825,1.4668736880000002,1.6563991519,0.00656826718410913,0.005054455598595187,0.64535955,0.3096388197500002
Amundsen_Bellingshausen,57,1.3246447152572423,1.3229377607073172,0.951427261,1.160464248,1.484037711,1.68558312,0.008591797351139154,0.0057429050141111215,0.734155859,0.323573463
Amundsen_Bellingshausen,58,1.3310353089920772,1.3327980662857142,1.0097761209,1.16309835725,1.4907882955000002,1.7114761582,0.010843542622199182,0.006390593734834971,0.7017000373,0.32768993825000026
Amundsen_Bellingshausen,59,1.3380328307528513,1.336622517390244,0.950069968,1.159017334,1.509128923,1.708699415,0.013309140841668772,0.006997521760774061,0.7586294470000001,0.35011158899999995
Amundsen_Bellingshausen,60,1.3455965198447737,1.3398490896176471,1.1385539499,1.161702294,1.52754813725,1.6967220505,0.015974229853925378,0.007563689091922399,0.5581681006000001,0.36584584325
Amundsen_Bellingshausen,61,1.3536856155730563,1.3536161279285714,0.9878499060000001,1.1877511757499999,1.59093324275,1.6983727435999998,0.01882444750334738,0.008089095728282647,0.7105228375999997,0.40318206700000014
Amundsen_Bellingshausen,62,1.362259388770492,1.3627752048333333,1.0394082607,1.1906593115,1.6304553904999999,1.7103936115,0.021845442743152796,0.008573773197435575,0.6709853508000001,0.43979607899999995
Amundsen_Bellingshausen,63,1.3712877981204623,1.3705114292439025,1.070738522,1.206368027,1.639588852,1.727170445,0.02502663042344194,0.009028409349970401,0.656431923,0.43322082500000003
Amundsen_Bellingshausen,64,1.3807670017276947,1.3879415155000001,1.0770240709,1.20632035,1.6569756770000001,1.7403346276,0.02836665684065119,0.009479203607232423,0.6633105566999999,0.4506553270000002
Amundsen_Bellingshausen,65,1.390697098644773,1.3935866135853658,1.089876261,1.212620313,1.639677919,1.771768996,0.03186555689626181,0.009930096917078357,0.6818927350000001,0.427057606
Amundsen_Bellingshausen,66,1.4010781879242824,1.4030457687142857,1.0886663538,1.21282284925,1.6219469207500001,1.7882121953999999,0.03552336549175543,0.010381089279509315,0.6995458415999998,0.4091240715000002
Amundsen_Bellingshausen,67,1.4119103686188073,1.4073044161463415,1.107347334,1.213630112,1.636679713,1.7913793,0.03934011752861354,0.010832180694524851,0.684031966,0.423049601
Amundsen_Bellingshausen,68,1.4231937397809302,1.4270613217619048,1.111033357,1.2256790949999998,1.6433477095,1.8162185008000002,0.04331584790831692,0.011283371162122968,0.7051851438000003,0.41766861450000015
Amundsen_Bellingshausen,69,1.4349284004632354,1.433823704,1.085661771,1.233018591,1.668967536,1.820410728,0.047450591532346896,0.01173466068230522,0.7347489569999999,0.43594894500000003
Amundsen_Bellingshausen,70,1.4471144497183097,1.450443786452381,1.0935780031,1.2479807382499999,1.7070078814999998,1.8452836654000002,0.05174438330218574,0.012186049255074272,0.7517056623000002,0.45902714324999994
Amundsen_Bellingshausen,71,1.4597519865987358,1.4594981540487806,1.074066654,1.26539019,1.739626766,1.873756367,0.0561972581193143,0.012637536880426126,0.799689713,0.474236576
Amundsen_Bellingshausen,72,1.472841110157096,1.4758048923095237,1.1267969331,1.2786990165,1.7451269675,1.868347614,0.06080925088521322,0.013089123558360116,0.7415506808999999,0.466427951
Amundsen_Bellingshausen,73,1.4863819194459773,1.493243351097561,1.107211596,1.309154465,1.761577229,1.897611365,0.0655803965013649,0.01354080928888135,0.790399769,0.45242276400000003
Amundsen_Bellingshausen,74,1.5003745135179625,1.508383550547619,1.1308193505,1.3173184795,1.7614285752499999,1.9018329598,0.07051072986925012,0.013992594071985165,0.7710136093,0.44411009574999993
Amundsen_Bellingshausen,75,1.5148189914256367,1.5225942110487805,1.119229015,1.338833428,1.812181534,1.917475949,0.07560028589035063,0.014444477907674225,0.798246934,0.473348106
Amundsen_Bellingshausen,76,1.5297154522215832,1.5367252526666666,1.1858298485,1.33855560125,1.80986501375,1.9304811361999998,0.08084909946614742,0.014896460795946531,0.7446512876999998,0.47130941250000014
Amundsen_Bellingshausen,77,1.545063994958387,1.5460603070243903,1.15166826,1.345620042,1.841582595,1.968449897,0.08625720549812213,0.01534854273680386,0.8167816369999998,0.49596255300000003
Amundsen_Bellingshausen,78,1.5608624061503835,1.561332405952381,1.1959309109,1.3803002635,1.8361766727500002,2.0060399698,0.0918238240578229,0.01579841119199643,0.8101090589000002,0.4558764092500003
Amundsen_Bellingshausen,79,1.5770979891979853,1.5656213746829268,1.18027646,1.399961056,1.851737541,2.010816478,0.09754448145950698,0.016235583047601754,0.8305400180000002,0.4517764850000001
Amundsen_Bellingshausen,80,1.5937550784739085,1.585779391547619,1.2459863357999998,1.387802526,1.86565001575,2.0317300444999997,0.10341365787143131,0.016657089275923243,0.7857437086999999,0.47784748975
Amundsen_Bellingshausen,81,1.6108180081608057,1.5962905788292683,1.246945962,1.380863289,1.875673857,2.063680796,0.10942583339488329,0.017062929686897155,0.8167348339999998,0.4948105679999999
Amundsen_Bellingshausen,82,1.6282711124413245,1.6267991805,1.3044846871999998,1.41991033275,1.89035356075,2.0723278503,0.11557548813114868,0.017453104280518827,0.7678431631000004,0.47044322799999994
Amundsen_Bellingshausen,83,1.6460987254981172,1.642093621682927,1.247071379,1.418059452,1.929245499,2.089111494,0.12185710218151478,0.0178276130567927,0.8420401149999999,0.511186047
Amundsen_Bellingshausen,84,1.6642851815138326,1.670379054952381,1.330659969,1.447099395,1.94692504125,2.1292182706,0.12826515564726776,0.018186456015715446,0.7985583016,0.49982564625000014
Amundsen_Bellingshausen,85,1.6828148146711217,1.6768427834146342,1.246146769,1.436305689,1.963607884,2.191404575,0.13479412862969442,0.01852963315728906,0.9452578059999999,0.5273021949999999
Amundsen_Bellingshausen,86,1.7016719591526344,1.7002626062619048,1.3456006378,1.4626947169999998,1.97860728275,2.2315316796,0.14143850123008136,0.018857144481512655,0.8859310418000002,0.5159125657500003
Amundsen_Bellingshausen,87,1.7208409491410221,1.7078393268048782,1.270010786,1.44899584,1.998007707,2.217862505,0.14819275354971562,0.019168989988387786,0.9478517189999998,0.5490118669999999
Amundsen_Bellingshausen,88,1.7403061188189317,1.7343382160238094,1.397846042,1.471765729,2.0148254325,2.25119713,0.15505136568988254,0.019465169677909566,0.8533510879999999,0.5430597035
Amundsen_Bellingshausen,89,1.760051802369018,1.7467470702926828,1.345733607,1.477416747,2.033464435,2.293378166,0.16200881775187043,0.019745683550086213,0.947644559,0.556047688
Amundsen_Bellingshausen,90,1.7800623339739279,1.7725632386904762,1.4005015387,1.47571320975,2.0504192685,2.3310491570000003,0.16905958983696476,0.020010531604909954,0.9305476183000003,0.5747060587499997
Amundsen_Bellingshausen,91,1.8003220478163122,1.8354605238888888,1.4204049790000002,1.508097356,2.133569933,2.3802835044,0.17619816204645233,0.02025971384238434,0.9598785253999997,0.625472577
Amundsen_Bellingshausen,92,1.8208152780788245,1.839016122488372,1.4345098714,1.5293006005,2.182875897,2.40911755,0.18341901448162093,0.020493230262512263,0.9746076786,0.6535752965000001
Amundsen_Bellingshausen,93,1.8415288418372,1.8456832944390245,1.434699534,1.546327715,2.209027,2.432886869,0.19071750209873853,0.02071356375837552,0.9981873349999999,0.6626992849999997
Amundsen_Bellingshausen,94,1.8624711665329596,1.8738050878571428,1.4472991109,1.5767122367500002,2.22968233725,2.4582464345999995,0.19809659433263066,0.02094232469575963,1.0109473236999995,0.6529701004999997
Amundsen_Bellingshausen,95,1.883661806647027,1.8851509189512194,1.451511173,1.586057927,2.269183278,2.500575208,0.20556318126452836,0.02119064011406735,1.0490640349999998,0.6831253509999999
Amundsen_Bellingshausen,96,1.9051204086193245,1.9064690284047618,1.4703612180999999,1.6057547469999998,2.28116975275,2.5133623438,0.21312418537769753,0.021458601972297542,1.0430011257,0.6754150057500001
Amundsen_Bellingshausen,97,1.9268666188897776,1.9192828655121952,1.477573886,1.622982811,2.300690849,2.532790259,0.2207865291554051,0.021746210270453092,1.055216373,0.677708038
Amundsen_Bellingshausen,98,1.9489200838983123,1.948330590547619,1.5482419857,1.6402105495,2.3102307117499996,2.5507081389,0.22855713508091824,0.022053465008534667,1.0024661532,0.6700201622499997
Amundsen_Bellingshausen,99,1.9713004500848514,1.9595318497317074,1.472949493,1.647494331,2.334725303,2.593472574,0.236442925637503,0.022380366186539158,1.1205230810000002,0.6872309719999998
Amundsen_Bellingshausen,100,1.9940273638893204,1.9947247587380952,1.5877385768,1.7024645565,2.35083215075,2.6188512554,0.24445082330842627,0.022726913804469007,1.0311126786,0.64836759425
Amundsen_Bellingshausen,101,2.0171204717516433,2.005979324,1.523262168,1.709324579,2.312941908,2.644071867,0.25258775057695454,0.02309310786232288,1.120809699,0.603617329
Amundsen_Bellingshausen,102,2.040599420111747,2.0452678911428572,1.6165095404,1.77664381475,2.3927873870000003,2.6575393011,0.2608606299263553,0.02347894836010367,1.0410297606999999,0.6161435722500002
Amundsen_Bellingshausen,103,2.064483855409554,2.0614082533170732,1.585394798,1.772274167,2.397219035,2.672037461,0.2692763838398944,0.023884435297806927,1.086642663,0.624944868
Amundsen_Bellingshausen,104,2.088793424084991,2.0933269630714286,1.6305419485,1.8545692295,2.4439270192500002,2.7282791707999996,0.27784193480083935,0.0243095686754371,1.0977372222999997,0.5893577897500002
Amundsen_Bellingshausen,105,2.11354777257798,2.113437203317073,1.609427873,1.873596498,2.457343336,2.738225983,0.28656420529245574,0.024754348492988854,1.12879811,0.5837468380000002
Amundsen_Bellingshausen,106,2.1387665473284465,2.142955331380952,1.6262756741000002,1.9107321162500002,2.4626939552500002,2.767015952,0.2954501177980107,0.025218774750466633,1.1407402778999998,0.5519618390000001
Amundsen_Bellingshausen,107,2.1644693947763174,2.1652586367804876,1.644147035,1.923925221,2.488074678,2.792589189,0.3045065948007716,0.02570284744787088,1.148442154,0.5641494569999999
Amundsen_Bellingshausen,108,2.190673999061924,2.193605499428571,1.6720725584000002,1.9495305219999999,2.52872087175,2.8131454110000003,0.31373986736173465,0.02620460428560678,1.1410728526,0.5791903497500002
Amundsen_Bellingshausen,109,2.2173606516663207,2.213048438170732,1.686922838,1.967072526,2.51900586,2.842993783,0.3231429911239,0.02668665260439651,1.1560709449999997,0.5519333340000001
Amundsen_Bellingshausen,110,2.2444761045566883,2.2413463939047618,1.7197984795,2.00278580475,2.5374334889999997,2.8487199846,0.33269720397985353,0.027115452890367653,1.1289215051000001,0.5346476842499999
Amundsen_Bellingshausen,111,2.271965920887842,2.2674736577804877,1.730259815,1.982893898,2.56789775,2.866954822,0.34238332494050366,0.027489816331153882,1.136695007,0.5850038520000003
Amundsen_Bellingshausen,112,2.2997756638145974,2.2990739574285715,1.809912316,2.032401986,2.55444198525,2.8651877976,0.3521821730167588,0.0278097429267552,1.0552754816,0.52203999925
Amundsen_Bellingshausen,113,2.327850896491776,2.327421450780488,1.792969473,2.05187817,2.588934007,2.912951483,0.36207456721952996,0.028075232677178708,1.11998201,0.537055837
Amundsen_Bellingshausen,114,2.3561371820741908,2.3543252465714284,1.8606416326,2.0923324665,2.62744576825,2.9202545846,0.3720413265597246,0.02828628558241464,1.059612952,0.53511330175
Amundsen_Bellingshausen,115,2.384580083716664,2.3809032997560977,1.822466313,2.08156245,2.71303099,2.923198306,0.38206327004825374,0.028442901642473206,1.1007319930000001,0.6314685400000002
Amundsen_Bellingshausen,116,2.413125164574006,2.4063131632380954,1.8887190091000001,2.1212383975,2.7075982494999997,2.9246295488,0.3921212166960241,0.028545080857341976,1.0359105397,0.5863598519999997
Amundsen_Bellingshausen,117,2.4417179878010375,2.440696292,1.901964586,2.154923652,2.78187415,2.933520722,0.40219598551394625,0.028592823227031605,1.0315561359999998,0.6269504980000002
Amundsen_Bellingshausen,118,2.4703041165525756,2.458393675,1.9638991883,2.16941217,2.79183702,2.9500974286999995,0.4122683955129291,0.028586128751538098,0.9861982403999994,0.6224248499999998
Amundsen_Bellingshausen,119,2.4988291139834367,2.491179967682927,2.031971729,2.173846077,2.84966326,2.972256791,0.4223192657038816,0.02852499743086101,0.9402850620000001,0.6758171829999999
Amundsen_Bellingshausen,120,2.5272385432484383,2.5100812549285716,2.0653092697,2.232043945,2.81841197625,2.9992498489,0.4323294150977131,0.028409429265001673,0.9339405791999997,0.5863680312500001
Amundsen_Bellingshausen,121,2.555477967502399,2.5937182257555556,2.0754545274,2.287437743,2.914046483,3.0399008984,0.4422796627053332,0.028239424253960532,0.9644463710000002,0.62660874
Amundsen_Bellingshausen,122,2.583492949900132,2.5853692770697676,2.075301677,2.2971044469999997,2.891825816,3.0688489887999997,0.4521508275376498,0.028014982397733146,0.9935473117999996,0.5947213690000002
Amundsen_Bellingshausen,123,2.6112293437326395,2.5979228399024388,2.091817154,2.298386404,2.902328317,3.071350397,0.461923830835945,0.027736393832507478,0.9795332429999997,0.6039419129999999
Amundsen_Bellingshausen,124,2.6386504104617883,2.6208352125,2.0925269977000003,2.36156835575,2.9178734925,3.0798999622000003,0.471585727663811,0.02742106672914879,0.9873729645,0.5563051367500003
Amundsen_Bellingshausen,125,2.665746394214303,2.661305761829268,2.143515362,2.389835368,2.977906611,3.095173634,0.4811330805094257,0.027095983752514652,0.951658272,0.5880712429999999
Amundsen_Bellingshausen,126,2.692509860206353,2.6884351625714284,2.1804888206000004,2.461581912,2.9855973867500003,3.1005980295,0.49056326970394054,0.02676346599205015,0.9201092088999996,0.5240154747500001
Amundsen_Bellingshausen,127,2.7189333736541115,2.727204967390244,2.231326369,2.47383509,3.031050676,3.132767463,0.4998736755785079,0.026423513447758396,0.9014410939999999,0.5572155859999999
Amundsen_Bellingshausen,128,2.7450094997737478,2.7477985830952383,2.2778695851,2.52465789425,3.0191470715,3.1655799859,0.5090616784642792,0.026076126119636278,0.8877104008000001,0.49448917724999975
Amundsen_Bellingshausen,129,2.7707308037814324,2.7873950942439025,2.335128902,2.52217127,3.048576163,3.215431062,0.5181246586924062,0.025721304007684687,0.8803021599999998,0.526404893
Amundsen_Bellingshausen,130,2.796089850893339,2.7998953544285716,2.3979265144,2.59704788025,3.03081630125,3.2316647740000004,0.5270599965940416,0.02535904711190673,0.8337382596000005,0.4337684209999999
Amundsen_Bellingshausen,131,2.821079206325639,2.839656320073171,2.425859577,2.614034456,3.074437907,3.249715123,0.5358650725003372,0.024989355432299742,0.8238555459999999,0.4604034509999999
Amundsen_Bellingshausen,132,2.8456914352945013,2.8593165486904764,2.458000705,2.6671868665,3.11558682525,3.2883789744999996,0.5445372667424444,0.024612228968862393,0.8303782694999997,0.44839995875000005
Amundsen_Bellingshausen,133,2.869919103016098,2.8830079219512195,2.48330341,2.666235398,3.156966764,3.311696028,0.5530739596515154,0.0242276677215969,0.8283926180000001,0.4907313659999999
Amundsen_Bellingshausen,134,2.893754774706602,2.902807045904762,2.5328764386,2.7091586247499997,3.1777956730000003,3.3113956281,0.5614725315587026,0.023835671690503712,0.7785191895000003,0.46863704825000063
Amundsen_Bellingshausen,135,2.9171910155821825,2.9287853330243903,2.572481465,2.749919599,3.21992446,3.335303989,0.5697303627951573,0.023436240875580605,0.7628225239999997,0.47000486100000005
Amundsen_Bellingshausen,136,2.940220390859012,2.9443439528809523,2.5750422738,2.77724202125,3.24796182825,3.3411049957000003,0.5778448336920319,0.023029375276829356,0.7660627219000005,0.4707198069999996
Amundsen_Bellingshausen,137,2.9628354657532605,2.970424289,2.589238486,2.800538167,3.278008758,3.390270744,0.585813324580478,0.022615074894248632,0.8010322579999998,0.4774705909999999
Amundsen_Bellingshausen,138,2.9850288132345337,2.9804575379761906,2.6187435871,2.815466873,3.25558472525,3.3647178815,0.5936332185235936,0.022193347481273218,0.7459742943999998,0.4401178522499998
Amundsen_Bellingshausen,139,3.0067986275109386,3.0096687885365854,2.629266315,2.828679614,3.265466678,3.447662356,0.601303879245076,0.021769814276404897,0.8183960409999997,0.4367870640000002
Amundsen_Bellingshausen,140,3.0281586329157286,3.0121203966666665,2.6588701487,2.8139640305,3.27903218425,3.3905722565,0.608830142555772,0.021360005404789995,0.7317021077999999,0.4650681537499999
Amundsen_Bellingshausen,141,3.049125213209476,3.047772357682927,2.671659115,2.839408094,3.30104189,3.508565584,0.6162177813238879,0.020966580293747317,0.8369064689999997,0.4616337960000001
Amundsen_Bellingshausen,142,3.069714752152751,3.0522754258809526,2.7315138037,2.83513303375,3.322538245,3.4622161378,0.6234725684176294,0.020589538943275087,0.7307023341000001,0.48740521125
Amundsen_Bellingshausen,143,3.0899436335061288,3.081873597902439,2.749518827,2.830681544,3.31984639,3.473489327,0.6306002767052036,0.020228881353377748,0.7239704999999996,0.489164846
Amundsen_Bellingshausen,144,3.1098282410301783,3.083861604595238,2.7336457705000003,2.8699705235,3.3530940762499997,3.4781470661,0.6376066790548156,0.019884607524049525,0.7445012955999997,0.4831235527499995
Amundsen_Bellingshausen,145,3.129384958485474,3.118682089414634,2.702977551,2.902886404,3.331659181,3.504847157,0.6444975483346723,0.019556717455295747,0.8018696059999999,0.4287727769999998
Amundsen_Bellingshausen,146,3.148630169632588,3.1319721566190477,2.7462928107,2.9369530895000002,3.2991952409999996,3.5363866560000004,0.6512786574129799,0.01924521114711375,0.7900938453000004,0.3622421514999994
Amundsen_Bellingshausen,147,3.1675802582320878,3.171075664390244,2.796169581,2.965552571,3.364258693,3.580116562,0.6579557791579432,0.01895008859949998,0.7839469810000002,0.3987061220000001
Amundsen_Bellingshausen,148,3.1862516080445524,3.1811314195238096,2.8383256316999996,2.979549043,3.3566395,3.5878595227999996,0.6645346864377705,0.018671349812464655,0.7495338911,0.377090457
Amundsen_Bellingshausen,149,3.2046606028305504,3.220306422536585,2.859455062,3.017781296,3.43254805,3.588766596,0.6710211521206669,0.018408994785998,0.7293115340000003,0.41476675399999996
Amundsen_Bellingshausen,150,3.2228236263506536,3.218269493642857,2.9031111523,2.9931417397499995,3.43194368475,3.5939789517,0.6774209490748384,0.018163023520103128,0.6908677993999999,0.43880194500000025
Amundsen_Bellingshausen,151,3.240757062365435,3.2561615176341463,2.947456315,3.036932686,3.456219916,3.615246488,0.6837398501684915,0.017933436014781368,0.6677901729999998,0.4192872299999997
Amundsen_Bellingshausen,152,3.2584772946354668,3.274353557111111,2.9805199124,3.063517684,3.544361363,3.643871099,0.6899836282698325,0.017720232270031833,0.6633511865999999,0.48084367900000036
Amundsen_Bellingshausen,153,3.2760007069213226,3.2980562350000002,3.0076772783999997,3.0879469817499996,3.5166603724999996,3.6456778094000004,0.6961580562470681,0.017523412285855855,0.6380005310000008,0.42871339075000003
Amundsen_Bellingshausen,154,3.293339420854822,3.283118448857143,3.0260879213000003,3.10615522525,3.4707898745,3.622177295,0.7022674051942873,0.017338713933499506,0.5960893736999999,0.36463464924999966
Amundsen_Bellingshausen,155,3.310483645410364,3.313770887682927,3.008842495,3.127133835,3.518010565,3.654723449,0.7083082252136386,0.017144224555541765,0.6458809539999999,0.39087673
Amundsen_Bellingshausen,156,3.3274165671368405,3.311612763904762,3.0254088186,3.149339677,3.43726267125,3.6818637469,0.7142745920341401,0.016932921726476646,0.6564549283000001,0.2879229942500001
Amundsen_Bellingshausen,157,3.344121369380944,3.346426776317073,3.042614318,3.188688293,3.507855621,3.727964448,0.7201605802565041,0.016704802244103423,0.6853501299999998,0.31916732800000025
Amundsen_Bellingshausen,158,3.3605812354893647,3.346257221642857,3.0552504118000003,3.1943209725,3.53037401675,3.7060035921,0.7259602644814434,0.016459866108420762,0.6507531802999997,0.33605304425000027
Amundsen_Bellingshausen,159,3.3767793488087943,3.3900130743414634,3.042355093,3.215379427,3.601688833,3.740633236,0.7316677193096701,0.016198113319429552,0.698278143,0.3863094060000001
Amundsen_Bellingshausen,160,3.3926988926859263,3.3782324676190476,3.042256601,3.2192082455,3.57185882575,3.7315753150999997,0.7372770193418979,0.015919543877132014,0.6893187140999997,0.3526505802500002
Amundsen_Bellingshausen,161,3.4083230504674504,3.42095428202439,3.008435816,3.225162527,3.661884491,3.83869101,0.7427822391788389,0.01562415778152415,0.8302551939999998,0.43672196399999974
Amundsen_Bellingshausen,162,3.423635005500058,3.403581240809524,3.0490043098,3.2289101715000004,3.6239979215,3.831762332,0.748177453421205,0.015311955032607738,0.7827580221999999,0.3950877499999996
Amundsen_Bellingshausen,163,3.438617941130443,3.448201793682927,3.074035754,3.253907876,3.680183661,3.889903074,0.7534567366697102,0.014982935630384997,0.8158673199999997,0.4262757850000001
Amundsen_Bellingshausen,164,3.4532550407052938,3.4386531054047618,3.1346470138,3.28389747075,3.6175831932499998,3.892070369,0.7586141635250656,0.014637099574850598,0.7574233551999998,0.33368572249999984
Amundsen_Bellingshausen,165,3.467529487571305,3.479123438926829,3.139241191,3.286438687,3.683352722,3.937984583,0.7636438085879853,0.014274446866011203,0.798743392,0.396914035
Amundsen_Bellingshausen,166,3.4814244650751673,3.4776037525,3.1553284604,3.31854188275,3.63736690525,3.8789159491,0.7685397464591815,0.013894977503862371,0.7235874887000002,0.3188250225
Amundsen_Bellingshausen,167,3.4949231565635714,3.518303407097561,3.175257253,3.34672866,3.740538502,3.928997635,0.7732960517393666,0.013498691488404102,0.7537403820000002,0.393809842
Amundsen_Bellingshausen,168,3.5080087453832105,3.5197615203809525,3.2046172576,3.35812584425,3.67803362275,3.8967325624,0.7779067990292533,0.01308558881963906,0.6921153048000002,0.3199077785000002
Amundsen_Bellingshausen,169,3.5206685232975485,3.543224121707317,3.234931842,3.361638899,3.747576864,3.931319074,0.782367510542785,0.012659777914338033,0.6963872320000002,0.3859379650000001
Amundsen_Bellingshausen,170,3.532930982474267,3.5462413609285712,3.2319119971,3.37252703675,3.7347246839999997,3.8655315821,0.7866882255824894,0.012262459176718643,0.6336195849999999,0.3621976472499995
Amundsen_Bellingshausen,171,3.5448483800100656,3.5545556532682925,3.197969119,3.375545918,3.760794506,3.910128658,0.790887357096405,0.011917397535798457,0.712159539,0.38524858800000006
Amundsen_Bellingshausen,172,3.556473259829844,3.564460110452381,3.2035383983,3.37703876125,3.7934713562499995,3.8560824374,0.7949834190973644,0.011624879819778222,0.6525440390999999,0.4164325949999994
Amundsen_Bellingshausen,173,3.567858165858502,3.565374906292683,3.197157997,3.360075465,3.766600451,3.889054825,0.7989949255982005,0.011384906028657937,0.691896828,0.406524986
Amundsen_Bellingshausen,174,3.5790556420209363,3.576141618714286,3.2228518702,3.37588154625,3.79342325025,3.8775599719000002,0.802940390611745,0.011197476162434494,0.6547081017000003,0.417541704
Amundsen_Bellingshausen,175,3.5901182322420495,3.5790715217317075,3.23841489,3.381037353,3.798191553,3.907340568,0.8068383281508321,0.011062590221113222,0.6689256779999999,0.41715420000000014
Amundsen_Bellingshausen,176,3.6010984804467374,3.597839720095238,3.2372922356,3.409029002,3.80629249125,3.8822153196,0.8107072522282927,0.010980248204687904,0.6449230840000002,0.39726348924999977
Amundsen_Bellingshausen,177,3.612048930559901,3.597072300219512,3.265866104,3.372405991,3.769122834,3.883168271,0.8145656768569598,0.010950450113163424,0.6173021670000001,0.3967168430000001
Amundsen_Bellingshausen,178,3.623022126506439,3.608538543404762,3.258677459,3.3947623865,3.7888958515000004,3.8764932229,0.8184321160496665,0.010973195946538006,0.6178157639000004,0.39413346500000035
Amundsen_Bellingshausen,179,3.634070612211248,3.6105765111707315,3.254775611,3.418713172,3.759320805,3.915997706,0.8223250838192444,0.011048485704808986,0.6612220950000003,0.3406076330000003
Amundsen_Bellingshausen,180,3.6452469315992313,3.6232829894761904,3.2591466528,3.46054924075,3.7598900125,3.906540921,0.8262630941785273,0.011176319387983469,0.6473942681999998,0.2993407717500003
Amundsen_Bellingshausen,181,3.6566036285952883,3.6377460694878048,3.23992469,3.476407661,3.787162318,3.920435846,0.8302646611403477,0.011356696996057014,0.6805111560000001,0.31075465699999993
Amundsen_Bellingshausen,182,3.6681932471243157,3.6704419569333333,3.2939015252,3.517227353,3.82509551,3.9552870396,0.8343482987175378,0.011589618529027401,0.6613855144,0.30786815700000014
Amundsen_Bellingshausen,183,3.6800683311112117,3.6811614555238097,3.2978337134999998,3.4880263107499996,3.8492480655,3.9920505569,0.8385325209229294,0.011875083986895962,0.6942168434000004,0.3612217547500003
Amundsen_Bellingshausen,184,3.6922792713012957,3.6888525407380954,3.3158106367,3.49143454775,3.85757350475,3.9990714279999997,0.8428350830899375,0.012210940190084063,0.6832607912999995,0.366138957
Amundsen_Bellingshausen,185,3.704826935309497,3.700470975073171,3.30773799,3.477408073,3.871073146,4.027488167,0.8472562909253384,0.012547664008201398,0.7197501769999994,0.3936650730000002
Amundsen_Bellingshausen,186,3.7176626676203584,3.720135799785714,3.3392654939,3.51841291325,3.880883966,4.0778541252,0.8517790005092737,0.012835732310861214,0.7385886312999999,0.3624710527499997
Amundsen_Bellingshausen,187,3.7307356595388415,3.7348041524390245,3.363405071,3.514953535,3.898599713,4.118533757,0.8563853092424653,0.013072991918483101,0.7551286859999999,0.3836461779999998
Amundsen_Bellingshausen,188,3.743995102369908,3.7564200979285713,3.3593866675,3.51303499625,3.935052217,4.1197445854,0.8610573145256357,0.013259442831066615,0.7603579179000004,0.4220172207499999
Amundsen_Bellingshausen,189,3.757390187418517,3.7619679698292683,3.349150708,3.547506957,3.919055099,4.111383999,0.8657771137595063,0.01339508504860909,0.7622332910000003,0.37154814199999997
Amundsen_Bellingshausen,190,3.7708701059896317,3.785382068690476,3.3906508634,3.56587911225,3.9713210924999998,4.162221868,0.8705268043447998,0.013479918571114524,0.7715710045999997,0.40544198024999956
Amundsen_Bellingshausen,191,3.7843840493882093,3.777396001487805,3.425903321,3.508253404,3.948548799,4.098380401,0.8752884836822371,0.013513943398577588,0.6724770800000002,0.44029539500000014
Amundsen_Bellingshausen,192,3.797881208919217,3.8045388763095236,3.4492434195,3.56801998875,3.9674420735,4.1495327806,0.8800442491725425,0.013497159531007608,0.7002893611000003,0.39942208474999985
Amundsen_Bellingshausen,193,3.8113107758876112,3.8048518468536585,3.437919364,3.545682905,4.001336399,4.167605606,0.8847761982164363,0.013429566968394369,0.7296862420000005,0.4556534940000003
Amundsen_Bellingshausen,194,3.824621941598354,3.836341762785714,3.4327116602,3.6104587720000003,4.025080807,4.1810801903999995,0.889466428214641,0.013311165710742756,0.7483685301999996,0.41462203499999983
Amundsen_Bellingshausen,195,3.8377638973564068,3.83773414397561,3.440394708,3.592907135,4.027501095,4.223994696,0.8940970365678784,0.01314195575805277,0.7835999880000002,0.43459395999999995
Amundsen_Bellingshausen,196,3.850685834466731,3.8641000866190476,3.4515965555,3.61013011975,4.06779445975,4.2280162989,0.8986501206768718,0.01292193711032441,0.7764197434,0.45766434
Amundsen_Bellingshausen,197,3.863336944234286,3.8652648010731707,3.478011739,3.6131626,4.080050154,4.224713471,0.9031077779423416,0.012651109767555013,0.7467017320000005,0.46688755400000037
Amundsen_Bellingshausen,198,3.875666417964036,3.8959137177380954,3.5230101869999997,3.6779394185000003,4.06581494175,4.2642368632,0.9074521057650115,0.012329473729749907,0.7412266762000002,0.38787552324999997
Amundsen_Bellingshausen,199,3.8876236802352757,3.8944082847560977,3.556161686,3.65854958,4.091617401,4.337025417,0.911665283740529,0.01195726227123961,0.7808637310000006,0.43306782099999985
Amundsen_Bellingshausen,200,3.8991774833922985,3.9090094834047617,3.5511743109000005,3.6773994410000004,4.0703521205,4.3475807726,0.9157363016617233,0.011553803157022813,0.7964064616999993,0.39295267949999957
Amundsen_Bellingshausen,201,3.9103300876316385,3.9046215644390245,3.545617974,3.691891445,4.056211283,4.356788951,0.9196659559157637,0.011152604239339947,0.8111709770000006,0.3643198379999997
Amundsen_Bellingshausen,202,3.921087094481686,3.912912306285714,3.567808814,3.69598224,4.0819715277499995,4.3361336069,0.923456220218331,0.010757006850047546,0.7683247928999997,0.3859892877499993
Amundsen_Bellingshausen,203,3.9314541054708165,3.918338844731707,3.555136819,3.693710826,4.061636042,4.32737431,0.9271090682851004,0.01036701098913051,0.7722374909999998,0.36792521600000017
Amundsen_Bellingshausen,204,3.941436722127405,3.930084670238095,3.6089159192999998,3.7139100405,4.05631170175,4.3270487511,0.9306264738317479,0.009982616656588394,0.7181328318000006,0.34240166125000027
Amundsen_Bellingshausen,205,3.9510405459798332,3.9488546698292684,3.601408501,3.747863077,4.07392418,4.380722167,0.9340104105739506,0.009603823852428306,0.7793136660000002,0.3260611029999998
Amundsen_Bellingshausen,206,3.9602711785564804,3.953554659047619,3.6454008683,3.7691776125,4.11850499975,4.362340786899999,0.9372628522273855,0.009230632576647135,0.7169399185999992,0.3493273872499998
Amundsen_Bellingshausen,207,3.969134221385724,3.9695412694634147,3.607980248,3.76564007,4.124829836,4.383286377,0.940385772507729,0.00886304282924355,0.7753061290000001,0.3591897660000001
Amundsen_Bellingshausen,208,3.9776352759959415,3.963338813595238,3.6108528086,3.74454185125,4.17547240175,4.4133732543,0.9433811451306571,0.008501054610217551,0.8025204456999999,0.4309305504999994
Amundsen_Bellingshausen,209,3.9857799439155173,3.9807272932682927,3.593824926,3.743263128,4.185510717,4.459780308,0.9462509438118483,0.008144667919575799,0.8659553820000001,0.4422475889999995
Amundsen_Bellingshausen,210,3.9935738266728262,3.980013164452381,3.6387047683,3.765645755,4.16923437775,4.4902004122,0.9489971422669784,0.0077938827573089675,0.8514956439000003,0.4035886227499996
Amundsen_Bellingshausen,211,4.001022525796245,3.9939185145609755,3.616816696,3.777091228,4.17484956,4.460345299,0.9516217142117225,0.00744869912341839,0.8435286030000002,0.397758332
Amundsen_Bellingshausen,212,4.008131642814158,3.9888495410476192,3.6084908122,3.782639471,4.18070008325,4.3888971424,0.9541266333617602,0.007109117017913391,0.7804063302000004,0.39806061224999967
Amundsen_Bellingshausen,213,4.014906779254938,4.030341723666667,3.6144025836000004,3.804838785,4.206090203,4.4562857324000005,0.9565138734327653,0.006775136440779761,0.8418831488,0.40125141799999975
Amundsen_Bellingshausen,214,4.021353538584709,4.0305058638372095,3.5919083738,3.7940157085,4.2191478805,4.4576469329999995,0.9587854088231853,0.006446759329771012,0.8657385591999995,0.42513217199999964
Amundsen_Bellingshausen,215,4.027481773734667,4.045383205690476,3.5935118567,3.8422852987500002,4.23137508875,4.4329123309,0.9609447112434978,0.0061282351499585275,0.8394004741999996,0.3890897899999999
Amundsen_Bellingshausen,216,4.033314597594753,4.026097598261905,3.6439296725,3.8378305472500003,4.213885724000001,4.3749168993000005,0.9629999245912468,0.005832823860085767,0.7309872268000004,0.37605517675000044
Amundsen_Bellingshausen,217,4.038877702187617,4.070196912690476,3.6165893844999997,3.869628969,4.23832082525,4.4490074965,0.9649601015292847,0.005563104592863688,0.8324181120000005,0.3686918562499999
Amundsen_Bellingshausen,218,4.0441967795359055,4.038637486738096,3.66534583,3.84028656625,4.1736909165,4.4237848296,0.9668342947204626,0.005319077348288737,0.7584389995999996,0.3334043502499999
Amundsen_Bellingshausen,219,4.049297521662262,4.077939199404762,3.6403991382000003,3.8830054780000003,4.23451442875,4.5281057881999995,0.9686315568276299,0.005100742126356472,0.8877066499999993,0.35150895074999955
Amundsen_Bellingshausen,220,4.054205620589338,4.055535926904762,3.7285552548000003,3.8605755032499998,4.188705527,4.4596241676,0.9703609405136393,0.004908098927075777,0.7310689128000001,0.32813002375
Amundsen_Bellingshausen,221,4.058946768339776,4.076163036690476,3.6792033709,3.8870950244999998,4.215631959,4.579027228499999,0.9720314984413407,0.004741147750438657,0.8998238575999995,0.32853693450000065
Amundsen_Bellingshausen,222,4.063546656936223,4.055934323761905,3.7435598625,3.8749439275000004,4.170308522,4.538727371299999,0.9736522832735844,0.004599888596446888,0.7951675087999992,0.29536459449999963
Amundsen_Bellingshausen,223,4.068030978401332,4.0716941855,3.6746504261000004,3.8466504487499997,4.175258491,4.6511666679,0.9752323476732238,0.004484321465108465,0.9765162417999997,0.3286080422500004
Amundsen_Bellingshausen,224,4.072425424757742,4.063641874238095,3.7564246208,3.88248556975,4.174228381,4.636588732999999,0.9767807443031074,0.004394446356410064,0.8801641121999992,0.2917428112499998
Amundsen_Bellingshausen,225,4.076755688028101,4.081031031380952,3.7552287737,3.84425505225,4.2345747495,4.7177643208,0.9783065258260861,0.004330263270358792,0.9625355470999999,0.39031969725000026
Amundsen_Bellingshausen,226,4.08104746023506,4.0693294964047615,3.7485730026,3.83811332375,4.2045472775,4.5585692595,0.9798187449050129,0.004291772206959088,0.8099962568999994,0.36643395374999965
Amundsen_Bellingshausen,227,4.0853264334012644,4.086845255857143,3.7307477225,3.80691944725,4.26079679325,4.621852731,0.9813264542027379,0.004278973166204736,0.8911050084999999,0.45387734600000007
Amundsen_Bellingshausen,228,4.089618299549357,4.066918969047619,3.7249415061,3.826354517,4.18683448325,4.5309938759,0.9828387063821105,0.004291866148092183,0.8060523698000002,0.36047996625000023
Amundsen_Bellingshausen,229,4.093948750701987,4.089877306261904,3.7078811192,3.7927281125,4.25411933575,4.545605173799999,0.984364554105983,0.00433045115263031,0.8377240545999993,0.4613912232499997
Amundsen_Bellingshausen,230,4.098334778450584,4.073249775880952,3.7131013469000003,3.83606647725,4.230851267,4.4712549755,0.9859099844136252,0.004386027748597421,0.7581536285999997,0.3947847897500001
Amundsen_Bellingshausen,231,4.1027425669121484,4.100100638809524,3.6835006225,3.8386029377499997,4.295594544249999,4.489144713299999,0.9874630821751145,0.004407788461564088,0.8056440907999991,0.4569916064999995
Amundsen_Bellingshausen,232,4.10711991007938,4.078639783285714,3.7044273079,3.845966997,4.3197155645,4.4332293748,0.9890054524439194,0.004377343167231373,0.7288020668999997,0.47374856749999994
Amundsen_Bellingshausen,233,4.111414576579293,4.110540948285714,3.6872568402,3.8254300065,4.36404717525,4.5323736514999995,0.9905186913358309,0.004294666499912836,0.8451168112999996,0.5386171687499997
Amundsen_Bellingshausen,234,4.115574335038908,4.091614234833333,3.6947208428000002,3.8231730975,4.32919583775,4.452402275,0.9919843949666428,0.004159758459615581,0.7576814321999996,0.5060227402500006
Amundsen_Bellingshausen,235,4.119546954085238,4.129347501642857,3.7001879153,3.82340515,4.33404890275,4.5750110184,0.9933841594521453,0.003972619046329839,0.8748231030999998,0.5106437527500001
Amundsen_Bellingshausen,236,4.1232802023452955,4.1215243025,3.7660096171,3.8556448682499997,4.3040374455,4.4416106579,0.994699580908129,0.003733248260057387,0.6756010408000002,0.4483925772499999
Amundsen_Bellingshausen,237,4.1267218484461,4.149044056190476,3.7527174093999998,3.881448878,4.309078615,4.5695400372,0.9959122554503871,0.0034416461008044408,0.8168226278000006,0.42762973699999973
Amundsen_Bellingshausen,238,4.129819661014662,4.133500141761905,3.7711231125,3.91995409975,4.29469301075,4.4665784292,0.9970037791947095,0.0030978125685621194,0.6954553166999999,0.3747389109999997
Amundsen_Bellingshausen,239,4.1325214086779996,4.159646658309524,3.7792198646,3.92443984175,4.30882851075,4.537807143199999,0.9979557482568885,0.002701747663337528,0.7585872785999994,0.3843886689999998
Amundsen_Bellingshausen,240,4.1347748600631284,4.136601082833334,3.7853249253,3.956200645,4.291564213,4.4463179291,0.9987497587527159,0.0022534513851288906,0.6609930038000003,0.335363568
Amundsen_Bellingshausen,241,4.136527783797063,4.165337930214286,3.7736944949,3.9798751707499997,4.30283847625,4.4761794133,0.9993674067979827,0.0017529237339344306,0.7024849183999997,0.3229633055000001
Amundsen_Bellingshausen,242,4.137727948506814,4.1426950638571425,3.8097456026,3.9701784222499996,4.2756879325,4.5265505093,0.9997902885084794,0.0012001647097514834,0.7168049066999997,0.3055095102500007
Amundsen_Bellingshausen,243,4.138323122819406,4.160031394785714,3.7873086327000003,3.979977323,4.32310812925,4.5431614531,1,5.951743125915954e-4,0.7558528203999995,0.3431308062500005
Amundsen_Bellingshausen,244,4.138261075361846,4.126218455466667,3.820373173,3.949977887,4.318543289,4.4957886462,0.9999781373883335,-6.204745756033248e-5,0.6754154732000002,0.36856540199999976
Amundsen_Bellingshausen,245,4.137494641493436,4.14129413355814,3.7664893326,3.919589553,4.3558834995,4.4964649858,0.999708082067908,-7.664338684092442e-4,0.7299756532000004,0.4362939465000002
Amundsen_Bellingshausen,246,4.136035557336263,4.116402532238095,3.7850975531,3.8938928172500002,4.34592712925,4.4608937351,0.9991939692972769,-0.0014590841571733293,0.675796182,0.45203431199999944
Amundsen_Bellingshausen,247,4.1339335595045315,4.151403768928572,3.7602938884,3.9086273882500002,4.343325515499999,4.5394057100000005,0.9984533239247538,-0.0021019978317315946,0.7791118216000004,0.434698127249999
Amundsen_Bellingshausen,248,4.131239017953993,4.11678614052381,3.7849690661,3.93571846625,4.285059417,4.4894440362,0.9975038939584854,-0.0026945415505386094,0.7044749701000002,0.34934095075000027
Amundsen_Bellingshausen,249,4.128002302640385,4.151753133404762,3.8079331327000006,3.9484767394999998,4.316128619500001,4.4938203766000004,0.9963634274066131,-0.0032367153136076965,0.6858872438999999,0.3676518800000008
Amundsen_Bellingshausen,250,4.124273783519455,4.1132270251190475,3.7682127214,3.9556342874999997,4.295798087750001,4.415849655100001,0.9950496722772819,-0.003728519120929974,0.6476369337000007,0.3401638002500009
Amundsen_Bellingshausen,251,4.120103830546947,4.139417069952381,3.7972486315,3.9628173775,4.26182363725,4.467683107099999,0.9935803765786358,-0.004169952972508106,0.6704344755999991,0.29900625975000006
Amundsen_Bellingshausen,252,4.115542813678604,4.099214993547619,3.7700210167000003,3.9348216635,4.2384008935,4.4043041834,0.9919732883188184,-0.004561016868342982,0.6342831666999995,0.30357922999999953
Amundsen_Bellingshausen,253,4.110641102870173,4.124735649952381,3.8537766447,3.9045882415,4.281304185250001,4.444576484800001,0.9902461555059744,-0.004901710808431048,0.5907998401000008,0.3767159437500007
Amundsen_Bellingshausen,254,4.105449068077392,4.072241045380952,3.7381911871000004,3.88337952075,4.23821354375,4.3302761821,0.9884167261482457,-0.005192034792781186,0.592084995,0.35483402299999955
Amundsen_Bellingshausen,255,4.100017079256011,4.102719133404762,3.7626465643,3.9300462905,4.247560655,4.3930226422,0.9865027482537784,-0.005431988821380962,0.6303760778999998,0.31751436450000003
Amundsen_Bellingshausen,256,4.0943955063617725,4.060043233285715,3.7294379772,3.9493891357499997,4.215720875,4.3218271359,0.9845219698307157,-0.005621572894238369,0.5923891586999996,0.26633173925
Amundsen_Bellingshausen,257,4.088634719350421,4.098642788857143,3.7162081078,3.9786187659999994,4.214067733249999,4.3741333330000005,0.9824921388872017,-0.005760787011351631,0.6579252252000005,0.23544896724999997
Amundsen_Bellingshausen,258,4.0827850881777,4.054265679071428,3.6921948043,3.9392269737500003,4.19146147925,4.325750969,0.9804310034313801,-0.005849631172720748,0.6335561646999994,0.2522345054999997
Amundsen_Bellingshausen,259,4.0768969827993535,4.093934877833333,3.7340294646,3.9652222315,4.19571299425,4.4168744533,0.9783563114713948,-0.005888105378346609,0.6828449887000003,0.23049076275000013
Amundsen_Bellingshausen,260,4.071019287114577,4.033891251023809,3.6968776076000003,3.922204069,4.17484404,4.3018878602,0.9762852873988143,-0.005877695684776363,0.6050102525999996,0.2526399709999998
Amundsen_Bellingshausen,261,4.065158959470678,4.086729524714285,3.7302160647,3.9332449735,4.22526816575,4.3879431353,0.9742203830086196,-0.005860327643898877,0.6577270705999996,0.2920231922500003
Amundsen_Bellingshausen,262,4.059276216098131,4.036649980333333,3.6859861030000003,3.8977206972500005,4.16965497025,4.3014587022,0.9721475803677966,-0.005882743372547239,0.6154725991999994,0.2719342729999994
Amundsen_Bellingshausen,263,4.053328820285076,4.092744696547619,3.7130841515,3.8783673299999997,4.273120292,4.427183823,0.9700519972415889,-0.005947395813055145,0.7140996715000001,0.3947529620000001
Amundsen_Bellingshausen,264,4.047274535319649,4.029351338690476,3.6508180390000002,3.82530298375,4.223871952500001,4.398390389299999,0.9679187513952383,-0.006054284965427037,0.7475723502999991,0.3985689687500007
Amundsen_Bellingshausen,265,4.041071124489995,4.079210958285715,3.7002905147000003,3.8198591165,4.23898574125,4.4175287572999995,0.9657329605939903,-0.0062034108296540325,0.7172382425999992,0.4191266247499996
Amundsen_Bellingshausen,266,4.034676351084251,4.012250650714286,3.6448405053000004,3.76347625125,4.152015995999999,4.4593946175,0.9634797426030868,-0.006394773405744125,0.8145541121999997,0.3885397447499992
Amundsen_Bellingshausen,267,4.028047978390554,4.062441521833334,3.6481041672999996,3.7861245969999997,4.18177719975,4.5015370397000005,0.9611442151877707,-0.006628372693696427,0.8534328724000009,0.39565260275000025
Amundsen_Bellingshausen,268,4.021143769697049,3.994823516,3.6201801164000003,3.75760212575,4.131132023999999,4.4047638496,0.9587114961132864,-0.006904208693505609,0.7845837331999999,0.37352989824999927
Amundsen_Bellingshausen,269,4.013921488291876,4.039502514904762,3.6082511530000003,3.7807991317500003,4.183796047,4.4874625217999995,0.9561667031448782,-0.007222281405172559,0.8792113687999992,0.40299691525000014
Amundsen_Bellingshausen,270,4.00633889746317,3.979443336452381,3.5690024159,3.7640813355000002,4.12472203975,4.3939094373000005,0.953494954047787,-0.007582590828706159,0.8249070214000005,0.3606407042499997
Amundsen_Bellingshausen,271,3.9983537604990715,4.021110091952381,3.5583967022999996,3.79386957075,4.18284975075,4.416430360700001,0.9506813665872567,-0.007985136964098416,0.858033658400001,0.3889801799999999
Amundsen_Bellingshausen,272,3.9899238406877253,3.9656667469047617,3.5385546302,3.73545879675,4.1367363335,4.3969644858,0.9477110585285323,-0.00842991981134622,0.8584098555999997,0.4012775367499999
Amundsen_Bellingshausen,273,3.9810069013172673,4.00746194947619,3.5456109198999997,3.77181674975,4.20057720725,4.3846305654,0.9445691476368558,-0.00891693937045801,0.8390196455000005,0.42876045750000014
Amundsen_Bellingshausen,274,3.9715607056758357,3.9618804076666665,3.5261067208,3.702298434,4.162884372,4.3516270486,0.9412407516774699,-0.009446195641431565,0.8255203278000001,0.4605859379999999
Amundsen_Bellingshausen,275,3.9615433202628116,3.987651144255814,3.579189615,3.7248460995,4.2221338745,4.3475028066,0.9377110952530272,-0.010017385413024105,0.7683131915999994,0.49728777499999977
Amundsen_Bellingshausen,276,3.9509495001372037,3.9427655802857142,3.4971302406,3.70491353125,4.0792664395,4.3259883620999995,0.9339783302925093,-0.010593820125607945,0.8288581214999993,0.37435290824999967
Amundsen_Bellingshausen,277,3.9398452549986382,3.9771761985,3.5578486679999997,3.7408011565,4.21907934625,4.3394286954,0.9300657155157068,-0.01110424513856545,0.7815800274,0.47827818975000014
Amundsen_Bellingshausen,278,3.928304781250132,3.9134536271190474,3.5007622525999995,3.66970701125,4.0828287805,4.3223326729,0.9259993942524193,-0.011540473748506308,0.8215704203000005,0.41312176925
Amundsen_Bellingshausen,279,3.916402275294699,3.949253509357143,3.5037761510000003,3.69337973025,4.15196598025,4.339628365,0.9218055098324451,-0.01190250595543274,0.835852214,0.45858624999999975
Amundsen_Bellingshausen,280,3.9042119335353576,3.876924819047619,3.4759091718999997,3.64206056975,4.043665872,4.265792675899999,0.9175102055855835,-0.012190341759341639,0.7898835039999996,0.40160530225000013
Amundsen_Bellingshausen,281,3.8918079523751192,3.9143844036904762,3.4973510583,3.666671538,4.10462035775,4.3604293139,0.9131396248416324,-0.012403981160238331,0.8630782556000001,0.4379488197499999
Amundsen_Bellingshausen,282,3.879264528217003,3.842124957452381,3.4963110901,3.60104962225,4.002543059500001,4.2514129221,0.9087199109303918,-0.012543424158116157,0.7551018320000003,0.40149343725000053
Amundsen_Bellingshausen,283,3.866655857464025,3.8846349785,3.5000759354000004,3.6538420095,4.038781208,4.318628351999999,0.90427720718166,-0.012608670752978224,0.8185524165999989,0.3849391984999997
Amundsen_Bellingshausen,284,3.8540561365191968,3.8178533563333334,3.4991014741,3.5652781495,3.97020152725,4.1873097790000005,0.8998376569252354,-0.012599720944828086,0.6882083049000003,0.40492337774999987
Amundsen_Bellingshausen,285,3.8415395617855377,3.857772305047619,3.4821132642999997,3.64377430075,4.01940540725,4.2983130865999994,0.8954274034909177,-0.01251657473365908,0.8161998222999998,0.37563110649999976
Amundsen_Bellingshausen,286,3.829180329666063,3.7935612992142858,3.4765527123,3.604908474,3.9290909977500004,4.2123121142999995,0.8910725902085054,-0.012359232119474761,0.7357594019999993,0.32418252375000023
Amundsen_Bellingshausen,287,3.8170526365637873,3.8256603014761903,3.4731826671,3.601216904,4.029892750749999,4.2402277626,0.886799360407797,-0.012127693102275572,0.7670450954999999,0.42867584674999915
Amundsen_Bellingshausen,288,3.805230678881726,3.7684801866904762,3.4972991306999996,3.5866152414999997,3.8594002107499996,4.1362756814,0.8826338574185912,-0.011821957682061512,0.6389765507000003,0.27278496924999995
Amundsen_Bellingshausen,289,3.793788653022897,3.805595936214286,3.5017119153,3.57212003225,3.99926867025,4.2412388422,0.8786022245706883,-0.01144202585882903,0.7395269268999995,0.42714863800000025
Amundsen_Bellingshausen,290,3.782800753817024,3.756112131690476,3.4963412111000003,3.56322418525,3.8659472807500004,4.0676008817,0.874730604639532,-0.010987899205872953,0.5712596705999995,0.3027230955000002
Amundsen_Bellingshausen,291,3.7723165997456034,3.7915532958571427,3.4834446198999998,3.5888646232499997,3.9562866240000005,4.2110157391000005,0.8710364808490145,-0.010484154071420448,0.7275711192000007,0.36742200075000087
Amundsen_Bellingshausen,292,3.7622990345326413,3.741336133547619,3.4653933129,3.5501365154999998,3.893409972,4.078491792,0.8675067610715133,-0.010017565212962154,0.6130984791000005,0.3432734565000004
Amundsen_Bellingshausen,293,3.752691759694287,3.7760042429285714,3.427510652,3.57617924875,3.9246048719999997,4.169435162299999,0.8641216083638523,-0.009607274838354218,0.7419245102999992,0.3484256232499998
Amundsen_Bellingshausen,294,3.743438476746686,3.7277840644761904,3.3913039291000002,3.54460711875,3.8907454485,4.0935362909,0.8608611857828541,-0.009253282947601082,0.7022323618000001,0.34613832975000003
Amundsen_Bellingshausen,295,3.734482887205993,3.754248721833333,3.3802367824,3.5345782955000002,3.9398891775000005,4.1248643840999994,0.8577056563853448,-0.008955589540692976,0.7446276016999995,0.4053108820000002
Amundsen_Bellingshausen,296,3.7257686925883533,3.7077836005238094,3.3771847109,3.53087533375,3.88717386675,4.0787145873999995,0.8546351832281471,-0.00871419461763967,0.7015298764999995,0.3562985329999999
Amundsen_Bellingshausen,297,3.717239594409917,3.7388917327380953,3.3670372243999998,3.52747314425,3.91632581775,4.1027543861,0.8516299293680851,-0.008529098178436278,0.7357171617000002,0.3888526735000002
Amundsen_Bellingshausen,298,3.708839294186832,3.698437718666667,3.3554101736999997,3.5271796447500003,3.85078592175,4.0451535712,0.8486700578619826,-0.008400300223085022,0.6897433975000005,0.32360627699999966
Amundsen_Bellingshausen,299,3.700511493435248,3.728777180809524,3.3296704237999997,3.5166950249999998,3.914243416,4.1053402135,0.8457357317666633,-0.008327800751584125,0.7756697897000002,0.3975483910000004
Amundsen_Bellingshausen,300,3.692199893671314,3.681749649595238,3.3060679475,3.51345145775,3.8370085035,4.0222636485,0.8428071141389516,-0.00831159976393403,0.7161957010000002,0.3235570457499999
Amundsen_Bellingshausen,301,3.6838481964111804,3.7121519683095237,3.2933153253,3.5227094987500003,3.9005630412500003,4.0753586378,0.8398643680356718,-0.008351697260133406,0.7820433124999999,0.37785354250000003
Amundsen_Bellingshausen,302,3.675400103170992,3.659623004928571,3.2915311451,3.46902781125,3.807467409,4.0258503868,0.836887656513646,-0.00844809324018847,0.7343192417000002,0.3384395977499999
Amundsen_Bellingshausen,303,3.666799315466902,3.6897525462142857,3.2906533928000004,3.5056078807500004,3.863035274,4.0613601302,0.8338571426297001,-0.008600787704089896,0.7707067373999994,0.3574273932499996
Amundsen_Bellingshausen,304,3.6579895348150573,3.642897242547619,3.2913237594,3.47351299725,3.80925281575,3.9750428278000003,0.8307529894406569,-0.00880978065184479,0.6837190684000003,0.3357398185
Amundsen_Bellingshausen,305,3.6489144627316077,3.6554732291086958,3.283450528,3.46203902575,3.82434411375,3.9708138484999997,0.8275553600033407,-0.009075072083449598,0.6873633204999998,0.36230508799999983
Amundsen_Bellingshausen,306,3.6395249378308607,3.642213797418605,3.282441634,3.4750496495,3.8198840935,3.9621480132,0.824246932152966,-0.00938952490074696,0.6797063792000002,0.34483444399999996
Amundsen_Bellingshausen,307,3.6298192461556824,3.637493743372093,3.276884665,3.4509864104999997,3.834813769,3.9182198156,0.8208271019714887,-0.009705691675178318,0.6413351506000002,0.3838273585000005
Amundsen_Bellingshausen,308,3.6198150295591485,3.603508798952381,3.2600581545,3.44682618275,3.7573664279999996,3.8758782326,0.8173020856198605,-0.010004216596533944,0.6158200781000001,0.31054024524999946
Amundsen_Bellingshausen,309,3.6095299869911184,3.613157880883721,3.2564707534000004,3.409539448,3.8031750505,3.9106159952,0.8136781193772604,-0.01028504256803009,0.6541452417999998,0.3936356025000003
Amundsen_Bellingshausen,310,3.5989818174014485,3.5828976470714284,3.2479839975,3.3961069685000003,3.72661025625,3.8522226765000003,0.8099614395228665,-0.010548169589669865,0.6042386790000003,0.3305032877499996
Amundsen_Bellingshausen,311,3.5881882197399992,3.5881014607209303,3.2417127098,3.3638173475000004,3.7630662425,3.8896683524,0.8061582823358572,-0.010793597661449272,0.6479556426000004,0.3992488949999995
Amundsen_Bellingshausen,312,3.5771668929566327,3.566315903380952,3.2414707869,3.3563222645,3.72102584575,3.8131989552,0.802274884095413,-0.011021326783366536,0.5717281683,0.3647035812499997
Amundsen_Bellingshausen,313,3.5659355360012044,3.5737737119534883,3.2541646753999998,3.346669569,3.7200563525,3.8191279714000004,0.7983174810807108,-0.011231356955428318,0.5649632960000006,0.3733867835
Amundsen_Bellingshausen,314,3.554511847823573,3.5484275625238095,3.2447711426,3.348624805,3.6951708085000003,3.7839208126000003,0.7942923095709291,-0.011423688177631508,0.5391496700000005,0.3465460035000003
Amundsen_Bellingshausen,315,3.542913527373601,3.553708049744186,3.2253706986000004,3.3532561115,3.690534833,3.7703735076,0.7902056058452482,-0.011598320449971666,0.5450028089999996,0.33727872150000016
Amundsen_Bellingshausen,316,3.5311582736011458,3.5256787877380953,3.1971049161,3.3338170645,3.67282691525,3.7584001441,0.7860636061828459,-0.011755253772455454,0.5612952280000001,0.3390098507500001
Amundsen_Bellingshausen,317,3.5192637854560656,3.5262527489534885,3.16697059,3.321741376,3.659472269,3.7650898502,0.7818725468629009,-0.011894488145080206,0.5981192601999998,0.33773089300000025
Amundsen_Bellingshausen,318,3.5072477618882214,3.4982690927857143,3.1281871528000003,3.312373326,3.6307762407500004,3.7567222748,0.7776386641645918,-0.012016023567844147,0.6285351219999997,0.3184029147500005
Amundsen_Bellingshausen,319,3.495127901847471,3.5001536826976745,3.1195514038,3.3068920655,3.6306821815,3.7509688735999998,0.7733681943670977,-0.012119860040750385,0.6314174697999997,0.32379011600000007
Amundsen_Bellingshausen,320,3.4829219042836757,3.4784909252380953,3.0946785074000003,3.273231396,3.6191115160000003,3.7287043889000002,0.7690673737495972,-0.012205997563795368,0.6340258814999999,0.34588012000000035
Amundsen_Bellingshausen,321,3.4706471311003666,3.4771988495116277,3.0865750144,3.2990418265,3.5991369075,3.7274966876,0.764742319831964,-0.012274773183309051,0.6409216731999998,0.30009508100000026
Amundsen_Bellingshausen,322,3.4583163684601965,3.4554273109047617,3.0615642452,3.29921101075,3.60687397575,3.7165314533000005,0.7603975378577608,-0.012330762640170079,0.6549672081000004,0.307662965
Amundsen_Bellingshausen,323,3.445939104864583,3.4550043940697672,3.0749036476000002,3.289715429,3.596543907,3.7593543832000003,0.7560363711295168,-0.012377263595613641,0.6844507356,0.3068284779999999
Amundsen_Bellingshausen,324,3.4335247560129423,3.4267577688571427,3.047607784,3.2698705512500004,3.58698314375,3.69756482,0.7516621372977533,-0.01241434885164061,0.649957036,0.31711259249999957
Amundsen_Bellingshausen,325,3.421082737604686,3.4241845654651164,3.0520953148000003,3.2702615049999997,3.56754678,3.6951696824,0.7472781540129895,-0.012442018408256317,0.6430743675999997,0.2972852750000001
Amundsen_Bellingshausen,326,3.40862246533923,3.406466501095238,3.0253945782000002,3.25735477325,3.58484365175,3.6868160599,0.7428877389257466,-0.012460272265455874,0.6614214816999997,0.3274888785000001
Amundsen_Bellingshausen,327,3.3961533549159855,3.403091038883721,3.0319765862,3.2540576244999997,3.5672456009999998,3.6812228404000003,0.7384942096865431,-0.012469110423244611,0.6492462542000004,0.3131879765000001
Amundsen_Bellingshausen,328,3.3836848220343687,3.3803443182380954,3.0051748871,3.23923327825,3.556802536,3.6674245304000004,0.7341008839459011,-0.012468532881616756,0.6622496433000005,0.3175692577500002
Amundsen_Bellingshausen,329,3.3712262823937937,3.3697101283023256,3.0160125924,3.215364642,3.5357013015,3.6527664854,0.7297110793543401,-0.012458539640574973,0.6367538929999998,0.3203366595000001
Amundsen_Bellingshausen,330,3.3587871516936736,3.3528731579285713,2.9988985276999998,3.1859707004999995,3.54370795825,3.6365615899000003,0.7253281135623807,-0.012439130700120149,0.6376630622000006,0.35773725775000065
Amundsen_Bellingshausen,331,3.346376845633421,3.3472793225813953,2.9981925978,3.1711979855,3.5256900780000002,3.6331393370000002,0.7209553042205421,-0.01241030606025273,0.6349467392000001,0.35449209250000013
Amundsen_Bellingshausen,332,3.334004779912453,3.3293080968809523,2.9834614195,3.1493035015,3.52320319075,3.6071220795,0.7165959689793457,-0.012372065720967829,0.6236606599999996,0.37389968924999994
Amundsen_Bellingshausen,333,3.3216803702301796,3.320975310534884,3.0051927612,3.155361072,3.515857052,3.6052089298,0.7122534254893108,-0.01232440968227344,0.6000161685999998,0.36049598000000005
Amundsen_Bellingshausen,334,3.309413032286018,3.303986327595238,2.9909295561,3.125964166,3.50834523225,3.5747702000999997,0.7079309914009587,-0.012267337944161572,0.5838406439999995,0.3823810662499998
Amundsen_Bellingshausen,335,3.2972121817793822,3.295250132,2.9681365939999997,3.12523368075,3.4890483345000005,3.595358885,0.7036319843648093,-0.012200850506635774,0.6272222910000003,0.36381465375000044
Amundsen_Bellingshausen,336,3.285085381657838,3.2880285591860465,2.9023510187999997,3.1216174335,3.4919417624999998,3.6090227448000003,0.699359069208596,-0.012126800121544434,0.7066717260000006,0.3703243289999998
Amundsen_Bellingshausen,337,3.272974785317787,3.2671311210238096,2.8728244266000003,3.1316674445,3.456122947,3.5806220190999998,0.6950918635044095,-0.01211059634005096,0.7077975924999995,0.32445550249999977
Amundsen_Bellingshausen,338,3.2607412177605983,3.2506039240487805,2.833021931,3.141520492,3.426850526,3.560121731,0.6907813285153153,-0.012233567557188518,0.7270998,0.2853300339999998
Amundsen_Bellingshausen,339,3.2482404200365784,3.245602442190476,2.7948285548,3.1175303507500005,3.45310243,3.5505928675,0.6863766341586545,-0.012500797724019908,0.7557643126999998,0.33557207924999943
Amundsen_Bellingshausen,340,3.235328133196035,3.222436490609756,2.759478532,3.110557972,3.388018055,3.545687998,0.6818269503517687,-0.012912286840543352,0.7862094659999999,0.2774600829999998
Amundsen_Bellingshausen,341,3.221860098289273,3.2202466771428573,2.7820150892,3.07544281725,3.4273968975,3.5296850899,0.6770814470119987,-0.013468034906761961,0.7476700006999999,0.3519540802500001
Amundsen_Bellingshausen,342,3.2076920563666,3.2000090415365854,2.761417454,3.044045708,3.390185408,3.511970097,0.6720892940566859,-0.01416804192267307,0.7505526429999998,0.3461396999999997
Amundsen_Bellingshausen,343,3.1926797484783185,3.191287737047619,2.762867535,3.01209773125,3.3874779405,3.5187022701000004,0.6667996614031704,-0.015012307888281562,0.7558347351000005,0.37538020925000026
Amundsen_Bellingshausen,344,3.1766789156747364,3.172811641317073,2.733488703,2.994851064,3.391866837,3.49835562,0.6611617189687936,-0.01600083280358211,0.764866917,0.3970157729999997
Amundsen_Bellingshausen,345,3.1595452990061603,3.166366965404762,2.752243828,2.9938127684999998,3.40179003475,3.4793801767,0.655124636670897,-0.017133616668576046,0.7271363486999998,0.4079772662500001
Amundsen_Bellingshausen,346,3.1411346395228947,3.1383904373658535,2.73627371,2.970812865,3.344538058,3.446410022,0.648637584426821,-0.01841065948326559,0.7101363119999999,0.37372519299999984
Amundsen_Bellingshausen,347,3.1213026782752458,3.125998960595238,2.7313868514,2.986893159,3.3600727682500002,3.4233573807999997,0.6416497321539065,-0.019831961247648966,0.6919705293999998,0.37317960925000015
Amundsen_Bellingshausen,348,3.0999051563135223,3.0943876896585367,2.708330622,2.986575548,3.270151382,3.438398189,0.6341102497694957,-0.02139752196172351,0.7300675669999999,0.2835758340000001
Amundsen_Bellingshausen,349,3.076797814688026,3.0818791495238096,2.7050744764,2.92287602475,3.3087553605,3.4266737668,0.6259683071909282,-0.023107341625496325,0.7215992903999999,0.38587933575000033
Amundsen_Bellingshausen,350,3.0518363944490665,3.052082186804878,2.695935105,2.862545323,3.235910152,3.414414888,0.6171730743355462,-0.02496142023895942,0.7184797829999998,0.37336482900000023
Amundsen_Bellingshausen,351,3.024877046891708,3.035660138642857,2.6718156055999995,2.85826279175,3.2776005675,3.4155797809,0.6076738656716875,-0.026959347557358626,0.7437641753000004,0.41933777574999986
Amundsen_Bellingshausen,352,2.9958543260080055,2.999673363390244,2.563413859,2.830449315,3.217368544,3.4135785,0.5974476210980508,-0.02902272088370239,0.8501646409999997,0.3869192290000001
Amundsen_Bellingshausen,353,2.9648736806300815,2.9767458946190475,2.4965500631,2.8056198847499996,3.219861022,3.4363366264,0.5865314958335288,-0.030980645377924,0.9397865633000002,0.41424113725000034
Amundsen_Bellingshausen,354,2.932063070540651,2.941574500121951,2.428200706,2.709057754,3.189624656,3.388302023,0.5749705768993858,-0.032810610089430536,0.9601013169999999,0.4805669020000001
Amundsen_Bellingshausen,355,2.8975504555224245,2.914495795,2.4154660447,2.6343445767500002,3.144246107,3.4113473621,0.5628099513168845,-0.034512615018226445,0.9958813173999999,0.5099015302499996
Amundsen_Bellingshausen,356,2.861463795358123,2.8793769601463413,2.361209508,2.639196487,3.102217761,3.344873259,0.5500947061072914,-0.03608666016430151,0.9836637509999999,0.4630212739999999
Amundsen_Bellingshausen,357,2.8239310498304544,2.8467608783809526,2.3019557263,2.58993976375,3.1091994925,3.3012685675,0.5368699282918683,-0.03753274552766861,0.9993128412000001,0.5192597287500003
Amundsen_Bellingshausen,358,2.785080178722134,2.7894922573658536,2.246274684,2.515493551,3.015496553,3.252577377,0.5231807048918798,-0.038850871108320195,1.0063026930000003,0.5000030020000001
Amundsen_Bellingshausen,359,2.7450391418158784,2.762164034690476,2.1687307082,2.43469757475,3.07273440875,3.2221226864,0.5090721229285906,-0.04004103690625582,1.0533919782,0.6380368340000002
Amundsen_Bellingshausen,360,2.7039358988943984,2.7118912348048783,2.088734912,2.364654483,2.993778069,3.168099528,0.49458926942326387,-0.04110324292147993,1.0793646159999999,0.6291235860000004
Amundsen_Bellingshausen,361,2.661898409740405,2.680637601714286,2.0501291353,2.290236827,2.9681853645,3.1418021339,0.47977723139716233,-0.04203748915399341,1.0916729986,0.6779485374999998
Amundsen_Bellingshausen,362,2.6190546341366225,2.6286138235609755,1.999060949,2.240432489,2.897174076,3.130461545,0.4646810958715537,-0.0428437756037825,1.1314005960000002,0.6567415870000004
Amundsen_Bellingshausen,363,2.5755325318657536,2.5939463672619048,1.9396065285000001,2.1883904915,2.93457586475,3.1162857498000003,0.44934594986769794,-0.043522102270868945,1.1766792213000001,0.7461853732500003
Amundsen_Bellingshausen,364,2.5314600627105186,2.5464301027560974,1.902602067,2.096145531,2.883557327,3.0848644,0.4338168804068614,-0.044072469155234995,1.182262333,0.7874117960000002
Amundsen_Bellingshausen,365,2.4869651864536277,2.4960487554285713,1.8777822016999999,2.0310890465,2.8805758564999997,3.0155669005,0.4181389745103066,-0.04449487625689086,1.1377846988000002,0.8494868099999997
Amundsen_Bellingshausen,366,2.442175862877797,2.4695402803636366,1.912275028,2.326883794,2.665521825,2.806784758,0.4023573191992984,-0.044789323575830764,0.89450973,0.3386380309999999
Ross,1,0.9063807411816538,0.8693905477777778,0.5305773154,0.647151822,1.06903513,1.226198985,0.12125617768124934,NA,0.6956216695999999,0.42188330800000007
Ross,2,0.8512031787011475,0.8604522887560976,0.558620035,0.639574155,1.025087619,1.169106389,0.11102580901396608,-0.055177562480506315,0.610486354,0.385513464
Ross,3,0.8021691949662958,0.823248312325,0.5282520022999999,0.6446605255,0.9614113925,1.1115007949000002,0.10193450979228832,-0.04903398373485168,0.5832487926000003,0.316750867
Ross,4,0.7588116728664883,0.7855341511951219,0.509372035,0.599785664,0.887176447,1.057316708,0.09389567270633299,-0.04335752209980748,0.5479446730000002,0.287390783
Ross,5,0.7206634952911057,0.75497025875,0.4917631504,0.5708632695000001,0.8886921185,1.0541232095000002,0.0868226904462154,-0.03814817757538258,0.5623600591000002,0.31782884899999986
Ross,6,0.6872575451295394,0.7183823195365854,0.476870579,0.564810787,0.817994206,1.029117155,0.080628955702052807,-0.033405950161566333,0.5522465759999999,0.25318341899999997
Ross,7,0.658126705271174,0.69011735345,0.4601985628,0.5543503160000001,0.83197247375,0.9836674029,0.07522786116396127,-0.029130839858365398,0.5234688401,0.27762215775
Ross,8,0.6328038586053916,0.6593592633902439,0.439499213,0.538124448,0.749887047,0.937799881,0.07053279952205632,-0.02532284666578244,0.498300668,0.21176259899999994
Ross,9,0.6108218880215843,0.639254260225,0.4263115415,0.50642459575,0.759862142,0.9061321065000001,0.06645716346645542,-0.021981970583807242,0.4798205650000001,0.25343754625000003
Ross,10,0.5917136764091347,0.6159146159756097,0.412062606,0.496890449,0.734513601,0.893533045,0.06291434568727416,-0.019108211612449577,0.481470439,0.23762315199999995
Ross,11,0.5750121066574315,0.59653105885,0.38678287060000005,0.462194609,0.7164237680000001,0.8675035871,0.05981773887462935,-0.016701569751703227,0.4807207164999999,0.2542291590000001
Ross,12,0.5602500616558593,0.5791606475609756,0.386984886,0.45639256,0.692930307,0.835445124,0.057080735718637025,-0.014762045001572188,0.44846023800000007,0.23653774700000002
Ross,13,0.5469604242938043,0.558797454575,0.3495969173,0.43060072125,0.6943269190000001,0.8166956948,0.0546167289094135,-0.013289637362055018,0.46709877750000006,0.2637261977500001
Ross,14,0.5346760774606555,0.5372755643809524,0.32631287080000004,0.4304750985,0.6683656195,0.7740178971999999,0.052339111137075595,-0.01228434683314883,0.4477050263999999,0.23789052099999997
Ross,15,0.5229299040457946,0.5134907082195121,0.306625074,0.410844736,0.63611133,0.752097499,0.05016127509173884,-0.011746173414860839,0.445472425,0.225266594
Ross,16,0.5112547869386115,0.499729431,0.31770394690000003,0.39967605274999995,0.608012,0.7183405799999999,0.04799661346352019,-0.011675117107183164,0.40063663309999986,0.20833594725000004
Ross,17,0.4992297364580715,0.4786647913902439,0.298703839,0.376521868,0.597083289,0.699361972,0.04576707134298745,-0.012025050480539978,0.400658133,0.22056142099999998
Ross,18,0.4867839453674758,0.46988974083333335,0.3007004978,0.36985307100000003,0.58020970275,0.6789451617,0.043459520492806894,-0.012445791090595681,0.37824466389999994,0.2103566317499999
Ross,19,0.4740072622349447,0.4514615263658537,0.288955847,0.359425036,0.555615309,0.65614045,0.04109061956796029,-0.012776683132531108,0.367184603,0.19619027300000003
Ross,20,0.460990376265527,0.4446770839285714,0.2869588292,0.353045793,0.5445802237499999,0.6297194807,0.03867718308435019,-0.01301688596941769,0.34276065149999996,0.19153443074999993
Ross,21,0.447823976664272,0.4267880934634146,0.279483578,0.341359747,0.503642394,0.603388623,0.03623602555787922,-0.013166399601255041,0.32390504499999995,0.162282647
Ross,22,0.43459875263622855,0.4197917725238095,0.2609928392,0.33277666425,0.51390026375,0.5887446595,0.03378396150444995,-0.013225224028043436,0.3277518203,0.18112359949999995
Ross,23,0.42140539338644556,0.4043849482195122,0.264320751,0.324843445,0.476524246,0.582508744,0.03133780543996493,-0.013193359249782988,0.31818799299999995,0.15168080099999998
Ross,24,0.40833458811997225,0.4004253535952381,0.25848477799999997,0.32628068975,0.4802330815,0.5589640173999999,0.02891437188032679,-0.013070805266473307,0.30047923939999993,0.15395239174999997
Ross,25,0.3954770260418583,0.385859368097561,0.255723679,0.311726629,0.458173585,0.553232243,0.02653047534143823,-0.012857562078113949,0.297508564,0.14644695600000002
Ross,26,0.38292339635715206,0.3836948618095238,0.2498196201,0.310914598,0.45209435075,0.5420895615,0.024202930339201713,-0.012553629684706247,0.29226994139999996,0.14117975275
Ross,27,0.3707643882709021,0.3696779995609756,0.247305279,0.301323095,0.45514142,0.513764465,0.021948551389519736,-0.012159008086249978,0.26645918599999996,0.15381832500000003
Ross,28,0.35909069098815755,0.36414128883333335,0.2247245111,0.2969943095,0.44917560049999994,0.5124370114,0.019784153008294916,-0.011673697282744533,0.28771250029999995,0.15218129099999994
Ross,29,0.3479929937139689,0.34913612043902437,0.213777198,0.264872358,0.424155496,0.495968477,0.0177265497114301,-0.011097697274188634,0.282191279,0.15928313800000005
Ross,30,0.3375619856533837,0.34576003657142856,0.20241481200000003,0.27067777825,0.42052672474999997,0.5038143122,0.015792556014827593,-0.010431008060585223,0.30139950019999995,0.14984894649999997
Ross,31,0.3278883560114519,0.33194394007317074,0.206345575,0.252106159,0.403410773,0.496972501,0.013998986434390168,-0.009673629641931802,0.290626926,0.151304614
Ross,32,0.31905803312146125,0.3217008735,0.1743619825,0.239610272,0.388813788,0.4948966135,0.012361772781690854,-0.008830322889990638,0.320534631,0.14920351599999998
Ross,33,0.3110807852486142,0.3174431142195122,0.185180113,0.242699594,0.37985699,0.487968075,0.01088272617251238,-0.007977247872847038,0.302787962,0.13715739600000001
Ross,34,0.30390512780947976,0.3143819563333333,0.1675728995,0.23630879625,0.37488905824999996,0.4651665737,0.009552300946526475,-0.007175657439134453,0.29759367419999994,0.13858026199999995
Ross,35,0.2974778412090514,0.30379933565853656,0.184024457,0.224513271,0.369968117,0.466457255,0.008360629758153451,-0.00642728660042835,0.282432798,0.145454846
Ross,36,0.29174570585232285,0.30379161016666667,0.16090314090000002,0.232918425,0.36628898499999996,0.4542905546,0.007297845261813658,-0.005732135356728563,0.2933874137,0.13337055999999994
Ross,37,0.286655502144288,0.2953225511707317,0.167298332,0.218919818,0.367591238,0.434490712,0.006354080111927482,-0.005090203708034868,0.26719238,0.14867142
Ross,38,0.28215401048993916,0.29345053616666666,0.14242586270000002,0.21747166475000002,0.37743046575,0.43271242369999996,0.00551946696291502,-0.0045014916543488215,0.29028656099999994,0.15995880099999998
Ross,39,0.27818801129427123,0.282645234,0.146429672,0.203033616,0.351762549,0.422062281,0.004784138469196836,-0.003965999195667924,0.275632609,0.14872893299999998
Ross,40,0.27470428496227767,0.28008943180952384,0.1248165216,0.21285687725000002,0.3504529835,0.39660619350000004,0.004138227285193234,-0.003483726331993564,0.27178967190000003,0.13759610624999996
Ross,41,0.27164961189895315,0.2730586712682927,0.130827965,0.187643516,0.3298009,0.420340251,0.003571866065324745,-0.00305467306332452,0.289512286,0.142157384
Ross,42,0.2689707725092883,0.2716560109047619,0.117104292,0.212260706,0.3306736045,0.372162523,0.0030751874640111494,-0.0026788393896648444,0.255058231,0.1184128985
Ross,43,0.2666145471982795,0.2638008541219512,0.129780142,0.181229388,0.32274239,0.400763686,0.002638324135673287,-0.0023562253110088194,0.270983544,0.141513002
Ross,44,0.2645277163709195,0.2642636484761905,0.1165531262,0.19919293375,0.329412094,0.3634538426,0.0022514087347313386,-0.002086830827359998,0.24690071640000003,0.13021916025
Ross,45,0.2626570604322009,0.2594444537317073,0.134621994,0.192634169,0.321081575,0.372371973,0.0019045739156054447,-0.0018706559387186017,0.23774997900000003,0.12844740600000001
Ross,46,0.26094935978712047,0.25837798064285716,0.11109533390000002,0.20072715600000002,0.32092026075,0.3654627779,0.0015879523327165274,-0.0017077006450804122,0.25436744399999994,0.12019310475
Ross,47,0.2593521357190905,0.25165686948780486,0.109774686,0.186318488,0.309463649,0.38531597,0.0012918140053669383,-0.0015972240680299787,0.275541284,0.123145161
Ross,48,0.2578464685600414,0.2527590513809524,0.10149373490000001,0.1930160025,0.31188425425,0.37593625489999993,0.0010126510732831738,-0.0015056671590490955,0.2744425199999999,0.11886825174999999
Ross,49,0.25646000422271265,0.2507586394390244,0.116925557,0.175401886,0.308774468,0.373539182,7.555893134432973e-4,-0.0013864643373287522,0.256613625,0.13337258200000002
Ross,50,0.2552238186125362,0.25201615935714283,0.10159312459999999,0.18267279175,0.30755783,0.37218053009999996,5.263904513557654e-4,-0.0012361856101764657,0.2705874055,0.12488503824999997
Ross,51,0.2541689876349434,0.2510131179268293,0.11505768,0.162533775,0.319293575,0.378229824,3.308162125289323e-4,-0.001054830977592791,0.263172144,0.1567598
Ross,52,0.25332658719536766,0.2507984657857143,0.10385499580000002,0.173276459,0.31686291075,0.39304663289999997,1.746283224715224e-4,-8.424004395757301e-4,0.28919163709999995,0.14358645175
Ross,53,0.25272769319924027,0.2459492127317073,0.11679899,0.161233641,0.316394965,0.40310236,6.358850669186917e-5,-5.98893996127392e-4,0.28630337,0.15516132399999996
Ross,54,0.25240338155199404,0.24952917404761904,0.10813612090000002,0.17571182900000001,0.31806835725,0.4020859796,3.4584906985941863e-6,-3.2431164724622263e-4,0.29394985869999996,0.14235652824999998
Ross,55,0.2523847281590601,0.2493062197804878,0.116005509,0.163297319,0.320322348,0.412234312,0,-1.8653392933942747e-5,0.296228803,0.15702502899999998
Ross,56,0.252702808925872,0.25211989114285716,0.09854252030000003,0.1694281185,0.32412317150000003,0.40514666219999995,5.8974760104842e-5,3.180807668118901e-4,0.3066041418999999,0.15469505300000003
Ross,57,0.2533886997578616,0.2525338968536585,0.119753027,0.165664786,0.329267857,0.412779913,1.8614449652156682e-4,6.858908319896106e-4,0.293026886,0.163603071
Ross,58,0.25447347656045943,0.2552334609047619,0.12890473819999998,0.1635361645,0.323002569,0.40934249349999996,3.8727093475836375e-4,0.001084776802597831,0.2804377553,0.15946640450000002
Ross,59,0.2559882152391001,0.25625228026829266,0.121680327,0.16381083,0.323701849,0.411478179,6.681158003241838e-4,0.0015147386786406591,0.28979785199999997,0.159891019
Ross,60,0.25796399169921513,0.2671844640882353,0.1618609939,0.19678666374999998,0.30203677624999997,0.41611144159999996,0.0010344408187274118,0.001975776460115042,0.25425044769999994,0.10525011249999999
Ross,61,0.26043188184623495,0.26401036316666665,0.1212794249,0.18531504575,0.33290538324999996,0.42580333919999996,0.0014920077154762163,0.0024678901470198134,0.3045239143,0.14759033749999997
Ross,62,0.26342292025803676,0.26518050078571426,0.12281477860000001,0.19343734425,0.329771928,0.4142736203,0.0020465705536144257,0.0029910384118018163,0.29145884169999997,0.13633458375
Ross,63,0.2669541314709547,0.2696979438292683,0.13408255,0.195446382,0.345545585,0.424456011,0.0027012858205847233,0.0035312112129179396,0.29037346100000005,0.150099203
Ross,64,0.27100819682214405,0.2725382631904762,0.13163238230000002,0.18982483625,0.35254296225000004,0.4317446147999999,0.0034529424954981677,0.004054065351189351,0.3001122324999999,0.16271812600000005
Ross,65,0.27556263170423817,0.277622683097561,0.14346006,0.194065847,0.349549373,0.42741333,0.004297371749353275,0.004554434882094116,0.28395327,0.15548352599999998
Ross,66,0.2805949515098723,0.2836589897380952,0.1443741463,0.196511356,0.37005330625000005,0.4342173232,0.005230404753148912,0.005032319805634122,0.2898431769,0.17354195025000005
Ross,67,0.2860826716316791,0.290178875,0.159235864,0.197614748,0.373376986,0.438120901,0.006247872677883472,0.005487720121806816,0.278885037,0.17576223800000002
Ross,68,0.2920033074622918,0.2959824420952381,0.1540594656,0.1998716345,0.377135834,0.43927969739999995,0.00734560669455544,0.005920635830612697,0.28522023179999995,0.1772641995
Ross,69,0.2983343743943452,0.2966549889512195,0.146520774,0.20791099,0.384098622,0.466591363,0.0085194379741636,0.006331066932053375,0.32007058899999996,0.176187632
Ross,70,0.3050533878204753,0.30563604083333334,0.15908540459999998,0.21863697525,0.384640042,0.46684610569999996,0.009765197687706974,0.006719013426130127,0.3077607011,0.16600306675
Ross,71,0.31213786313331293,0.30766181436585366,0.154512779,0.215055308,0.383271903,0.468569439,0.011078717006183594,0.007084475312837624,0.31405666,0.16821659500000002
Ross,72,0.31956531572549285,0.3184951624285714,0.1715337341,0.22524936325,0.39603329975,0.46052531139999997,0.012455827100592242,0.007427452592179917,0.28899157729999997,0.1707839365
Ross,73,0.32731326098964963,0.32114065002439024,0.168259969,0.219579939,0.400511131,0.469325284,0.013892359141931664,0.007747945264156786,0.301065315,0.18093119200000002
Ross,74,0.3353592143184174,0.3349143390714286,0.16906968160000002,0.23087122575,0.41722142925,0.4707768429,0.015384144301200518,0.008045953328767785,0.30170716129999997,0.1863502035
Ross,75,0.34368069110442984,0.3392250112682927,0.181683159,0.23162404,0.420342689,0.480910531,0.016927013749397375,0.008321476786012416,0.29922737199999994,0.188718649
Ross,76,0.3522552067403189,0.3513067836904762,0.17870950900000002,0.24875995950000002,0.43473720149999995,0.4985966102,0.0185167986575205,0.008574515635889068,0.31988710119999997,0.18597724199999993
Ross,77,0.3610602766187214,0.35755770141463417,0.211402376,0.256141577,0.446580645,0.506174165,0.020149330196569056,0.008805069878402516,0.294771789,0.190439068
Ross,78,0.3700814293082019,0.3706275661904762,0.21876408780000003,0.27462880975000004,0.46462557449999997,0.5017669902,0.02182192524550483,0.009021152689480505,0.28300290240000003,0.18999676474999994
Ross,79,0.37934051841378374,0.3752890323902439,0.232444176,0.28517874,0.466352567,0.504288829,0.023538635640364933,0.00925908910558182,0.27184465300000005,0.181173827
Ross,80,0.38886968551790835,0.38921572652380954,0.2303683598,0.29265348474999997,0.47965701875,0.5201682803,0.02530542069183914,0.009529167104124603,0.2897999204999999,0.18700353400000003
Ross,81,0.39870107286161516,0.3969205168780488,0.241426813,0.294169267,0.470275674,0.549267094,0.027128239832726646,0.00983138734370681,0.30784028099999994,0.17610640699999996
Ross,82,0.40886682268594327,0.4099315998095238,0.2330961052,0.30637000725,0.51161474025,0.5769256184,0.02901305249582659,0.010165749824328107,0.3438295132,0.20524473299999996
Ross,83,0.41939907723193204,0.4198647075609756,0.263218236,0.308707302,0.49949959,0.608006022,0.030965818113938146,0.010532254545988773,0.344787786,0.19079228799999998
Ross,84,0.4303299787406225,0.435575109547619,0.2437226463,0.32458689175000005,0.53310396025,0.6208245897,0.03299249611986082,0.010930901508690472,0.3771019434,0.2085170684999999
Ross,85,0.4416916694530535,0.4455975392195122,0.299891642,0.336999262,0.550044542,0.637106665,0.03509904594639369,0.011361690712430983,0.337215023,0.21304527999999995
Ross,86,0.45351629161026563,0.4571402743571429,0.28084856760000004,0.3586432655,0.5490696884999999,0.6371675947000001,0.03729142702633617,0.011824622157212139,0.3563190271,0.19042642299999996
Ross,87,0.46583598745329835,0.46660095192682927,0.314048047,0.377912376,0.562505342,0.64663997,0.03957559879248747,0.012319695843032719,0.33259192299999996,0.18459296600000002
Ross,88,0.4786828992231916,0.48024286623809526,0.2800224668,0.3934954815,0.54771745125,0.6539238236,0.041957520677646874,0.012846911769893277,0.37390135680000003,0.15422196975000002
Ross,89,0.492089169160985,0.4959348548536585,0.353668007,0.393236122,0.578625524,0.671924232,0.04444315211461361,0.01340626993779337,0.31825622499999995,0.18538940199999998
Ross,90,0.5060869395077184,0.5102541415714286,0.3057839153,0.400307835,0.5950363145,0.6920342718,0.047038452536186964,0.01399777034673344,0.3862503565,0.19472847950000005
Ross,91,0.5207083525044307,0.5342356144666667,0.34087561460000004,0.407562907,0.614784452,0.7360378656,0.049749381375166025,0.014621412996712269,0.3951622509999999,0.207221545
Ross,92,0.5359855503921632,0.534531369372093,0.3314919642,0.42419643,0.623168905,0.7468439518000001,0.05258189806435034,0.015277197887732519,0.4153519876000001,0.19897247499999998
Ross,93,0.5519451097380226,0.5448588331219513,0.340060666,0.424114228,0.651205865,0.775487723,0.05554093011534407,0.015959559345859353,0.435427057,0.227091637
Ross,94,0.5685651651322979,0.5662853338333333,0.3668737119,0.44168911725000004,0.6684215225000001,0.8055015656000001,0.05862242350342507,0.016620055394275357,0.43862785370000007,0.22673240525000005
Ross,95,0.5857989087006198,0.5761039714878049,0.382944016,0.461127009,0.66249062,0.8342304,0.06181769966814586,0.017233743568321858,0.45128638400000004,0.20136361100000005
Ross,96,0.6035993264325459,0.6052151361904762,0.4032410102,0.49175968975,0.71089155025,0.8494913323,0.06511804182975522,0.017800417731926088,0.44625032209999993,0.21913186049999994
Ross,97,0.6219194043176363,0.6172190911219513,0.412150199,0.498556975,0.704350445,0.84912619,0.06851473320850236,0.01832007788509038,0.436975991,0.20579346999999998
Ross,98,0.6407121283454481,0.6421879312619048,0.42486578449999995,0.51395435325,0.74631718325,0.8721773048999999,0.07199905702463595,0.018792724027811847,0.44731152039999994,0.2323628299999999
Ross,99,0.659930484505539,0.6562259054878049,0.447836065,0.555057046,0.764462796,0.895157732,0.07556229649840475,0.019218356160090933,0.44732166700000003,0.20940574999999995
Ross,100,0.6795274587874698,0.6811150029047619,0.4666658778,0.57799262225,0.79138567475,0.9355196640000001,0.0791957348500581,0.019596974281930746,0.46885378620000007,0.21339305249999996
Ross,101,0.6994560371807953,0.695892953,0.485700131,0.583793716,0.803368721,0.969235242,0.08289065529984423,0.019928578393325513,0.483535111,0.21957500500000005
Ross,102,0.7196692056750774,0.7171959408333334,0.5072305323,0.59187157275,0.828177383,0.9948061887999998,0.08663834106801271,0.02021316849428212,0.4875756564999998,0.23630581024999997
Ross,103,0.7401199502598733,0.7356520736585366,0.541647789,0.610104208,0.857656279,1.019150824,0.09043007537481221,0.0204507445847959,0.477503035,0.24755207099999998
Ross,104,0.7607612569247417,0.7601098101666667,0.5369459544999999,0.6295036962499999,0.87021650575,1.0259897291,0.09425714144049169,0.02064130666486841,0.48904377460000004,0.24071280950000007
Ross,105,0.7815461116592399,0.7770893897560975,0.569851269,0.632786964,0.906894067,1.03724769,0.09811082248529983,0.020784854734498204,0.467396421,0.27410710299999996
Ross,106,0.8024275004529253,0.7966142160952381,0.6038799595000001,0.65138245425,0.89941753425,1.0234621224,0.10198240172948536,0.020881388793685396,0.41958216289999994,0.24803508000000007
Ross,107,0.8233584092953605,0.8177103376585366,0.62777675,0.671724726,0.91748144,1.081967578,0.10586316239329796,0.020930908842435203,0.454190828,0.245756714
Ross,108,0.8442947438506213,0.8449591496904761,0.6616851612,0.68581383925,0.945609578,1.0939109214,0.10974492902837847,0.020936334555260783,0.43222576020000003,0.25979573875000006
Ross,109,0.8652480457290479,0.8676275410731707,0.657786838,0.717901024,0.969653696,1.152574686,0.11362984154311513,0.02095330187842659,0.49478784799999986,0.25175267199999996
Ross,110,0.8862797594531318,0.8912695739523809,0.7112769058,0.7389275785000001,0.994357748,1.1821879745,0.11752929225151047,0.021031713724083856,0.4709110686999999,0.25543016949999986
Ross,111,0.9074530983604787,0.9061539279756098,0.713506932,0.743328793,1.017644047,1.239699733,0.1214550014202694,0.02117333890734696,0.5261928009999999,0.2743152540000001
Ross,112,0.9288312757886918,0.9306949559523809,0.7335601901000001,0.7673710167500001,1.045332669,1.2568053859999997,0.12541868931609626,0.02137817742821313,0.5232451958999996,0.2779616522499999
Ross,113,0.9504775050753752,0.9457427359512195,0.732297166,0.78506305,1.083560713,1.302948339,0.12943207620569563,0.02164622928668336,0.570651173,0.298497663
Ross,114,0.9724549995581323,0.9762105338095238,0.7952737964,0.8196273435,1.084543479,1.3038866837,0.13350688235577196,0.0219774944827571,0.5086128873000001,0.2649161354999999
Ross,115,0.994826972574567,0.9927632373170732,0.781154296,0.841166958,1.139143173,1.350229996,0.1376548280330298,0.022371973016434676,0.5690757,0.29797621499999993
Ross,116,1.0176566374622824,1.0281755820238094,0.802142233,0.8580616652499999,1.153921253,1.3843589367,0.1418876335041735,0.02282966488771543,0.5822167037,0.2958595877500001
Ross,117,1.0410072075588839,1.0422949341707317,0.771764651,0.863557556,1.204337268,1.415349405,0.14621701903590786,0.023350570096601464,0.6435847539999999,0.340779712
Ross,118,1.0649418962019719,1.070897319952381,0.8238166386,0.8903214242499999,1.19907163425,1.4414709097999998,0.1506547048949368,0.02393468864308801,0.6176542711999998,0.30875021000000014
Ross,119,1.0895239167291535,1.0891033491951219,0.801619028,0.924426762,1.224299882,1.473303018,0.15521241134796537,0.024582020527181614,0.67168399,0.29987312
Ross,120,1.1148164824780311,1.1162912297142857,0.8738424701,0.9517002192499999,1.223818026,1.4970597759999997,0.15990185866169793,0.025292565748877616,0.6232173058999997,0.2721178067500001
Ross,121,1.1408828067862085,1.1925329245333334,0.8818576138,0.963831893,1.343838674,1.576861261,0.16473476710283885,0.026066324308177347,0.6950036471999999,0.38000678099999985
Ross,122,1.1677861029912906,1.175108013372093,0.9179536928,0.9843863385,1.277709974,1.5268330434000004,0.169722856938093,0.02690329620508214,0.6088793506000003,0.29332363549999996
Ross,123,1.1955889654184466,1.197734849,0.948430921,1.013216797,1.298614246,1.553145429,0.17487773366422693,0.027802862427156017,0.6047145079999999,0.2853974490000002
Ross,124,1.2243168476469561,1.2273926328095237,0.9659750632,1.0283224172499998,1.3299243215,1.5749013447000002,0.18020411658177204,0.028727882228509527,0.6089262815000002,0.3016019042500002
Ross,125,1.2539376350999634,1.2507123421707318,0.928949474,1.078244338,1.357940915,1.585541375,0.1856960513870937,0.029620787453007225,0.656591901,0.27969657699999995
Ross,126,1.2844142611011566,1.2810717557380953,1.0297776127,1.0915179515,1.4086478895,1.6247792464,0.19134666561705843,0.030476626001193274,0.5950016336999999,0.3171299380000001
Ross,127,1.3157096589742259,1.3103265680487806,1.002273074,1.099378597,1.439743991,1.672427607,0.19714908680853316,0.03129539787306923,0.6701545329999998,0.340365394
Ross,128,1.3477867620428612,1.3358434319285715,1.0509301738,1.134370024,1.46552081975,1.6836569721,0.20309644249838477,0.032077103068635315,0.6327267983,0.33115079574999995
Ross,129,1.3806085036307543,1.3619089398536586,1.045113995,1.161897079,1.510786552,1.689568699,0.20918186022348048,0.03282174158789308,0.6444547040000002,0.34888947299999984
Ross,130,1.4141378170615932,1.3976739132142857,1.0671862051999998,1.200007247,1.52565532175,1.7633432985,0.2153984675206868,0.03352931343083898,0.6961570933000001,0.3256480747499999
Ross,131,1.4483376356590696,1.424277601707317,1.108099816,1.20240878,1.582319567,1.80355051,0.22173939192687095,0.03419981859747634,0.695450694,0.379910787
Ross,132,1.4831708927468714,1.4619904902380954,1.145002596,1.2548883974999998,1.6196949335,1.8209812544000001,0.22819776097889943,0.03483325708780183,0.6759786584,0.3648065360000001
Ross,133,1.5186005216486902,1.5001824591219513,1.151840088,1.27429677,1.697330845,1.883060973,0.23476670221363943,0.03542962890181878,0.7312208850000002,0.4230340749999999
Ross,134,1.554589455688218,1.5408035607380952,1.2177047946,1.3028703885000001,1.7106919535,1.9216022527999999,0.2414393431679582,0.03598893403952785,0.7038974581999999,0.4078215649999999
Ross,135,1.591100628189141,1.5863669491463415,1.281513847,1.352318637,1.740355269,1.969773835,0.24820881137872192,0.03651117250092306,0.688259988,0.38803663199999994
Ross,136,1.6280969724751504,1.6274397292857143,1.2973602267,1.3993107927500001,1.811124275,2.0173183692,0.2550682343827977,0.036996344286009286,0.7199581424999999,0.4118134822499999
Ross,137,1.665541421869938,1.665810325,1.309962494,1.430757699,1.899498063,2.02230951,0.2620107397170528,0.03744444939478764,0.7123470159999998,0.4687403640000001
Ross,138,1.7033969225205414,1.704959528,1.3364828257999999,1.47313393425,1.9287577175,2.0448463698,0.26902945729590694,0.03785550065060339,0.7083635440000002,0.45562378324999986
Ross,139,1.7416357175034414,1.7417875937317073,1.368786078,1.492528133,1.967855621,2.094225396,0.27611924076008104,0.03823879498289995,0.725439318,0.475327488
Ross,140,1.780255735067054,1.7971076853809524,1.4101433523000002,1.51771105325,2.02004884675,2.1321872885999995,0.28327970598998853,0.03862001756361266,0.7220439362999993,0.5023377935
Ross,141,1.8192593018691732,1.8352667504390243,1.454384251,1.563806205,2.102705327,2.165601576,0.2905112843668996,0.03900356680211914,0.7112173249999998,0.5388991219999999
Ross,142,1.8586487445675928,1.882550532142857,1.4797041779,1.6271752797499999,2.137129597,2.269696849,0.2978144072720846,0.0393894426984196,0.7899926710999998,0.5099543172500001
Ross,143,1.8984263898201073,1.9126152420243903,1.52013361,1.668500236,2.212377586,2.290628802,0.30518950608681383,0.03977764525251448,0.770495192,0.54387735
Ross,144,1.9385945642845086,1.955247742,1.5382289192,1.7086717505,2.191712496,2.3225058565000003,0.31263701219235734,0.04016817446440135,0.7842769373000003,0.4830407455000001
Ross,145,1.9791555946185901,1.9853270435365853,1.578653903,1.698834159,2.260719486,2.373366352,0.32015735696998526,0.04056103033408154,0.7947124490000002,0.5618853270000002
Ross,146,2.020111807480145,2.0263119125952382,1.606142237,1.76168694125,2.32260896775,2.420988612,0.3277509718009677,0.04095621286155482,0.8148463749999999,0.5609220264999999
Ross,147,2.0614655295269686,2.0498101228292684,1.619579459,1.790373857,2.371468238,2.491529025,0.3354182880665753,0.04135372204682364,0.8719495660000001,0.5810943809999998
Ross,148,2.1032190874168535,2.103565263166667,1.6113277460000002,1.8483130715,2.4079834975,2.5621474015000003,0.343159737148078,0.041753557889884885,0.9508196555000001,0.559670426
Ross,149,2.145374807807594,2.1418912623658537,1.67224651,1.84537108,2.435331199,2.621513077,0.3509757504267463,0.04215572039074056,0.949266567,0.5899601190000001
Ross,150,2.1879350173569807,2.192378542666667,1.6732091209,1.9231505,2.4674414432500003,2.6709338025999996,0.35886675928384976,0.04256020954938666,0.9977246816999996,0.5442909432500003
Ross,151,2.2309020427228097,2.2231850368048782,1.713466267,1.993709299,2.5266954,2.664072577,0.3668331951006591,0.04296702536582897,0.9506063100000002,0.5329861009999999
Ross,152,2.2742782105628736,2.330889731466667,1.7502492630000002,2.058205491,2.580812757,2.7770078540000003,0.3748754892584444,0.04337616784006393,1.026758591,0.5226072660000001
Ross,153,2.3180658475349656,2.323875509,1.7471714377999998,2.07590033,2.6257527334999997,2.7157115286,0.3829940731384758,0.04378763697209198,0.9685400908000001,0.5498524034999996
Ross,154,2.362259836924781,2.3550858069285714,1.7766876949000001,2.1157468379999997,2.6808880667500006,2.7488594884,0.39118799806032323,0.044193989389815336,0.9721717934999998,0.5651412287500008
Ross,155,2.4068167938021823,2.396533086902439,1.810698216,2.135460701,2.737257914,2.830156293,0.39944922010522776,0.044556956877401355,1.019458077,0.6017972130000002
Ross,156,2.4516810692888606,2.4419186812142857,1.8747064764999999,2.181932304,2.764695174,2.8641048784,0.40776742151873585,0.04486427548667837,0.9893984019000002,0.5827628699999998
Ross,157,2.4967970089141964,2.4759383369512196,1.914476506,2.19469847,2.807926428,2.933673436,0.416132283509534,0.04511593962533578,1.01919693,0.613227958
Ross,158,2.5421089582075638,2.5289518298333333,1.9519309001999998,2.22451210825,2.8406905975,2.9778869342,0.42453348728630763,0.04531194929336735,1.025956034,0.6161784892500002
Ross,159,2.587561262698343,2.5621080539024392,2.032220124,2.250022868,2.86075577,3.032890393,0.4329607140577433,0.045452304490779305,1.000670269,0.6107329020000001
Ross,160,2.6330982679159103,2.6238772537857145,2.0747313187999996,2.374808653,2.9314807894999997,3.0298131819,0.4414036450325267,0.045537005217567206,0.9550818631000002,0.5566721364999996
Ross,161,2.678664319389644,2.6711699316585364,2.14064379,2.425353329,2.988774057,3.098357727,0.4498519614193441,0.045566051473733715,0.9577139369999998,0.5634207280000001
Ross,162,2.7242037626489215,2.7252157547142857,2.1647337694,2.480642323,3.06259358675,3.1594680965,0.45829534442688147,0.0455394432592775,0.9947343270999998,0.5819512637499997
Ross,163,2.7696609432231187,2.765053041390244,2.180107232,2.476284853,3.084824188,3.252762683,0.46672347526382446,0.04545718057419723,1.0726554509999997,0.6085393349999997
Ross,164,2.8149802066416147,2.8068987913095236,2.2062466371,2.55107301275,3.1474696942500002,3.2590444549999997,0.4751260351388595,0.045319263418496014,1.0527978178999997,0.5963966815000004
Ross,165,2.860105898433788,2.854036102682927,2.304221453,2.612265428,3.195048878,3.265387809,0.4834927052606726,0.045125691792173406,0.9611663560000001,0.58278345
Ross,166,2.904982364129013,2.8900177621190477,2.3770390024,2.64729370975,3.199548711,3.3479177054,0.4918131668379494,0.044876465695224965,0.9708787029999999,0.5522550012499998
Ross,167,2.9495539492566714,2.947228955682927,2.484122111,2.696479404,3.264975987,3.476700595,0.5000771010793765,0.04457158512765824,0.992578484,0.5684965829999999
Ross,168,2.993764999346137,2.988519558261905,2.4530463424999995,2.67199694875,3.3093044347500005,3.4886239225,0.5082741891936394,0.04421105008946569,1.0355775800000004,0.6373074860000005
Ross,169,3.0375640245499915,3.035739557414634,2.522349373,2.719813796,3.342619514,3.525184484,0.516394884544424,0.04379902520385448,1.002835111,0.622805718
Ross,170,3.080941299079535,3.0792831045,2.5460579377,2.76440286175,3.367618416,3.5609631466,0.5244373838914359,0.04337727452954354,1.0149052088999997,0.6032155542500002
Ross,171,3.1239111871983303,3.1341719824146343,2.569630869,2.851654262,3.414061691,3.611344182,0.5324043504859187,0.04296988811879521,1.0417133129999998,0.5624074290000003
Ross,172,3.1664883439221816,3.1733969280714285,2.5953108670000002,2.87586808825,3.49599879325,3.6665487889999997,0.5402985014869454,0.04257715672385132,1.0712379219999995,0.6201307050000002
Ross,173,3.208687424266893,3.2335185385853658,2.66350963,2.895446374,3.553821208,3.753329704,0.5481225540535882,0.042199080344711426,1.089820074,0.658374834
Ross,174,3.2505230832482677,3.273233992238095,2.7165942709999995,2.9070294587500003,3.5733732415,3.8249014979999996,0.55587922534492,0.041835658981374646,1.108307227,0.6663437827499998
Ross,175,3.292009975882111,3.3143835162439026,2.734511058,2.994604981,3.609296082,3.843931385,0.5635712325200133,0.0414868926338432,1.109420327,0.614691101
Ross,176,3.3331627571842226,3.346694534857143,2.8230540528,3.0697302874999997,3.6836402647499997,3.8464653951,0.5712012927379401,0.04115278130211175,1.0234113423000002,0.6139099772500001
Ross,177,3.3739960821704083,3.374191013,2.86140513,3.117966574,3.674029316,3.833707996,0.5787721231577734,0.04083332498618564,0.9723028659999997,0.5560627419999999
Ross,178,3.4145246058564718,3.4217794597857143,2.8935729477,3.2056267000000003,3.7258033575000002,3.8579710675,0.5862864409385856,0.04052852368606352,0.9643981197999998,0.5201766575
Ross,179,3.4547629832582167,3.4506469173170733,2.924264849,3.218920925,3.751101783,3.892741238,0.5937469632394495,0.04023837740174496,0.9684763890000001,0.5321808580000003
Ross,180,3.494725869391447,3.503526649309524,2.9703256864000003,3.2526647200000003,3.791635857,3.912395417,0.6011564072194379,0.0399628861332304,0.9420697305999997,0.5389711369999999
Ross,181,3.534427919271965,3.5257309945609756,3.01887799,3.283739585,3.812261336,3.999120323,0.6085174900376225,0.039702049880518064,0.9802423330000001,0.528521751
Ross,182,3.5738837879155767,3.6185637084666666,3.1055485786,3.38548416,3.931339275,4.1006720032,0.6158329288530767,0.0394558686436115,0.9951234245999996,0.5458551150000002
Ross,183,3.6131081303380825,3.6074767779761907,3.1189858469000002,3.3797282685,3.89870614375,4.1761077946,0.6231054408248726,0.03922434242250583,1.0571219476999998,0.51897787525
Ross,184,3.652114813519396,3.643692451357143,3.162885192,3.4060415602500003,3.9243893092499995,4.1595735525999995,0.6303375970038217,0.039006683181313395,0.9966883605999994,0.5183477489999992
Ross,185,3.690899579613961,3.6616126977560977,3.249174362,3.426066853,3.945675839,4.215358839,0.637528607950743,0.03878476609456527,0.9661844770000001,0.5196089860000002
Ross,186,3.7294400459507426,3.719993824595238,3.2817201079,3.462252302,3.98825536175,4.2017477499,0.6446743237364592,0.03854046633678143,0.920027642,0.5260030597499998
Ross,187,3.767713041822817,3.737309576268293,3.326177704,3.469601078,3.995922292,4.240906789,0.651770448323533,0.03827299587207422,0.9147290850000003,0.5263212139999998
Ross,188,3.8056953965232614,3.7979722865238097,3.3561366043,3.5120541257499998,4.028358493,4.273023640999999,0.6588126856745278,0.03798235470044453,0.916887036699999,0.5163043672500001
Ross,189,3.8433639393451537,3.8262008564146344,3.442819912,3.557148127,4.059920214,4.287092873,0.6657967397520063,0.03766854282189236,0.8442729609999997,0.5027720869999999
Ross,190,3.8806954995815732,3.878934622047619,3.5066274228000003,3.6136090939999996,4.116211485,4.2750205351,0.672718314518532,0.03733156023641948,0.7683931123000001,0.5026023910000004
Ross,191,3.917666906525594,3.900649075804878,3.56313918,3.628453507,4.128834683,4.291118257,0.679573113936667,0.03697140694402057,0.7279790770000001,0.5003811759999999
Ross,192,3.9542549894702947,3.9531753363809523,3.5834946373,3.7178804457499997,4.1935291789999996,4.335024848000001,0.6863568419689748,0.03658808294470095,0.7515302107000008,0.4756487332499999
Ross,193,3.9904365777087496,3.9811312628048783,3.590700159,3.766673187,4.243311377,4.424903866,0.6930652025780178,0.036181588238454854,0.8342037070000003,0.4766381900000005
Ross,194,4.026188500534039,4.034736002642857,3.5929147383,3.84107535325,4.277932181,4.448754210900001,0.6996938997263594,0.03575192282528983,0.8558394726000005,0.4368568277499998
Ross,195,4.061487587239239,4.059413289146342,3.680751958,3.835702138,4.265914055,4.520485404,0.7062386373765622,0.035299086705199656,0.8397334460000003,0.43021191699999983
Ross,196,4.096310667117426,4.109083115904762,3.6818204624,3.87495568725,4.350085685750001,4.5749085548999995,0.7126951194911892,0.034823079878187,0.8930880924999993,0.4751299985000008
Ross,197,4.130634569461678,4.132540481853659,3.690455714,3.876406244,4.389183187,4.601403536,0.7190590500328037,0.03432390234425231,0.9109478220000002,0.5127769430000004
Ross,198,4.164436123565071,4.17185465352381,3.7560139574,3.95570142375,4.425976769,4.6234775104,0.7253261329639679,0.03380155410339292,0.8674635529999999,0.47027534525000014
Ross,199,4.197692351009408,4.198507609195122,3.777205943,3.974897355,4.412821767,4.682913219,0.7314921078991381,0.03325622744433687,0.9057072759999998,0.43792441199999965
Ross,200,4.230396205310032,4.244365635857143,3.8189460166000004,4.079664956,4.4884228854999995,4.704018981599999,0.7375556683627722,0.032703854300623725,0.8850729649999987,0.40875792949999923
Ross,201,4.262568260603497,4.27511652397561,3.885209612,4.052377051,4.477943744,4.761935093,0.7435206289670513,0.03217205529346501,0.8767254809999998,0.4255666930000004
Ross,202,4.2942318452960135,4.311813646761904,3.8872240187999996,4.097074549,4.54024279675,4.7867872107,0.7493913149881424,0.03166358469251662,0.8995631919000004,0.4431682477500001
Ross,203,4.325410287793795,4.337387788731707,3.853724867,4.142115061,4.58370165,4.797630941,0.7551720517022131,0.031178442497781234,0.9439060740000005,0.4415865889999999
Ross,204,4.356126916503054,4.356884431452381,3.9114860811,4.17199881325,4.6018309085,4.7974361866,0.760867164385431,0.030716628709258842,0.8859501054999996,0.4298320952500001
Ross,205,4.386405059830003,4.378586223926829,3.97978676,4.142019378,4.602786547,4.828655793,0.7664809783139633,0.030278143326949447,0.8488690330000002,0.46076716900000037
Ross,206,4.416268046180856,4.41156123497619,4.0227498688,4.161781067250001,4.6383002465,4.8655427417,0.772017818763978,0.02986298635085305,0.8427928728999996,0.4765191792499994
Ross,207,4.445739203961828,4.434900436512195,4.018457367,4.18656358,4.638112861,4.875541831,0.7774820110116427,0.029471157780972312,0.8570844639999997,0.45154928100000014
Ross,208,4.474841861579125,4.476725275071429,4.0972625474,4.257494819,4.67195757675,4.8808077604,0.7828778803331237,0.02910265761729658,0.783545213,0.41446275774999997
Ross,209,4.503599347438963,4.498842896268292,4.082784236,4.26016313,4.687066794,4.895387785,0.7882097520045892,0.028757485859838283,0.8126035489999994,0.4269036640000001
Ross,210,4.532034989947556,4.528448355904762,4.0560837743,4.32628592,4.7455670545,4.9917771738,0.7934819513022068,0.028435642508592984,0.9356933994999999,0.41928113450000026
Ross,211,4.560172117511117,4.552030303414634,4.21820816,4.34575798,4.757944635,5.01625456,0.7986988035021441,0.028137127563560682,0.7980464000000005,0.4121866550000002
Ross,212,4.588034058535856,4.583933187404762,4.1498547194,4.4288843705,4.80136595175,5.053315587899999,0.803864633880568,0.027861941024738712,0.903460868499999,0.37248158125000064
Ross,213,4.615644141427988,4.632528784222222,4.2128448508,4.447362706,4.868377103,5.135294721599999,0.8089837677136464,0.027610082892132404,0.9224498707999995,0.42101439700000043
Ross,214,4.643025689476688,4.651653687372093,4.231608270400001,4.4884104345,4.8501309845,5.175342399000001,0.8140605293288065,0.027381548048699855,0.9437341286,0.36172054999999936
Ross,215,4.670190804313883,4.653987515452381,4.2761352022,4.4832554485000005,4.83443748,5.205756883099999,0.8190971624669915,0.02716511483719497,0.9296216808999995,0.3511820314999996
Ross,216,4.697116571702551,4.699537344095238,4.3414207402,4.5004169117499995,4.8703511724999995,5.2114521129,0.8240894186423691,0.026925767388668476,0.8700313726999997,0.36993426075
Ross,217,4.723773266632389,4.701362610952381,4.334074513,4.495231739,4.901289907,5.1915848812,0.82903178659637,0.026656694929837244,0.8575103681999998,0.4060581679999995
Ross,218,4.750131164093099,4.744693436714286,4.4115734795,4.516789734750001,4.9699119202499995,5.2056511876,0.8339187550704265,0.026357897460710156,0.7940777080999997,0.45312218549999894
Ross,219,4.776160539074375,4.750210539238095,4.3581700267,4.51969727975,4.97245054275,5.2204519182,0.8387448128059688,0.026029374981276554,0.8622818915000003,0.45275326299999996
Ross,220,4.801831666565921,4.804965098404762,4.447242098399999,4.58251589175,5.0053707235000005,5.25455406,0.843504448544429,0.02567112749154532,0.8073119616000008,0.4228548317500005
Ross,221,4.8271148215574335,4.827381039214286,4.416108191999999,4.6155802105,5.04329716475,5.310321375299999,0.8481921510272383,0.0252831549915129,0.8942131832999998,0.4277169542500001
Ross,222,4.851980279038605,4.874945762476191,4.4935354298,4.708168133,5.074720632,5.319300868700001,0.8528024089958267,0.024865457481171305,0.8257654389000013,0.366552499
Ross,223,4.876398313999141,4.8809548286428575,4.4954447527,4.671034176,5.054143165,5.3171832329,0.8573297111916269,0.024418034960536517,0.8217384801999996,0.3831089890000001
Ross,224,4.900339201428741,4.918821690190476,4.5412320453,4.7370122197499995,5.06891043725,5.3073771539,0.8617685463560701,0.023940887429599655,0.7661451086,0.33189821750000004
Ross,225,4.923773216317097,4.9268110533571425,4.5530037745000005,4.74443043925,5.10270716625,5.314639354400001,0.8661134032305866,0.02343401488835628,0.7616355799000001,0.3582767269999998
Ross,226,4.946670633653913,4.958655949119048,4.611273606699999,4.778903487,5.1691603385,5.3568226165,0.8703587705566083,0.022897417336815273,0.7455490098000004,0.3902568515000002
Ross,227,4.969001728428886,4.960072861095238,4.5553188427,4.786399815499999,5.17839364925,5.4321317934,0.8744991370755666,0.02233109477497308,0.8768129506999998,0.39199383375000085
Ross,228,4.990736775631713,5.00399538502381,4.6464354679,4.85048576225,5.21710176,5.4369241322,0.8785289915288923,0.02173504720282704,0.7904886642999998,0.3666159977500003
Ross,229,5.0118460502520925,5.004788302880953,4.6351148614,4.834540873,5.26273824,5.4443493869,0.8824428226580167,0.021109274620379814,0.8092345255,0.4281973670000001
Ross,230,5.032309607103704,5.050738957547619,4.674538877900001,4.8754162582500005,5.3173057547500004,5.4849068633,0.8862369324632451,0.020463556851611386,0.8103679853999992,0.4418894965
Ross,231,5.052164611750747,5.049006735690476,4.6298742631000005,4.8881243887500005,5.32678243425,5.520808859899999,0.8899182117423295,0.019855004647043373,0.8909345967999984,0.43865804549999954
Ross,232,5.071468901397033,5.0890182815,4.6929904037,4.9167509185,5.336244443249999,5.532673935899999,0.8934973839830622,0.01930428964628561,0.8396835321999996,0.4194935247499991
Ross,233,5.0902803417589695,5.09013151897619,4.714037890999999,4.9078497415,5.33763463775,5.585214983699999,0.8969851779597029,0.018811440361936604,0.8711770927,0.42978489625000016
Ross,234,5.108656798552977,5.1211863817619045,4.7545677957,4.9402523625,5.3497808395,5.5995774397,0.9003923224465135,0.0183764567940079,0.8450096440000001,0.4095284770000003
Ross,235,5.126656137495465,5.1054698117857145,4.7107731491,4.92706020675,5.3473801842499995,5.5578303765,0.9037295462177537,0.017999338942487952,0.8470572274000006,0.4203199774999993
Ross,236,5.144336224302845,5.132433795904762,4.8055471303,4.9516011867500005,5.3733185165,5.589432701900001,0.907007578047684,0.017680086807379425,0.7838855716000008,0.42171732974999987
Ross,237,5.161754924691535,5.137776480333334,4.7639376574000005,4.967081243999999,5.395112044999999,5.6059616689,0.9102371467105659,0.01741870038869031,0.8420240114999995,0.42803080100000024
Ross,238,5.178970104377946,5.168910983666667,4.83808425,4.977111933,5.40146406675,5.6213464344999995,0.9134289809806594,0.017215179686410842,0.7832621844999998,0.42435213375000025
Ross,239,5.196039629078495,5.180867707904762,4.8506793256,4.99917482575,5.41051935425,5.626722667299999,0.916593809632226,0.01706952470054901,0.7760433416999994,0.4113445284999999
Ross,240,5.213021364509591,5.210654845880953,4.8922633446,5.01352318925,5.444877746,5.6630434227999995,0.9197423614395255,0.016981735431095935,0.7707800781999996,0.43135455675000056
Ross,241,5.229973176387653,5.218801884928571,4.879989446100001,5.040665805250001,5.4861841802499995,5.683047468599999,0.9228853651768195,0.016951811878062273,0.8030580224999984,0.4455183749999989
Ross,242,5.246952930429091,5.247066602,4.8618660631,5.080959346749999,5.5090812325,5.6900446989999995,0.9260335496183681,0.016979754041438255,0.8281786358999996,0.42812188575000043
Ross,243,5.264018492350319,5.252345867809524,4.8664375506,5.091356567,5.50576283675,5.6905913681,0.9291976435384319,0.017065561921227435,0.8241538175,0.4144062697499997
Ross,244,5.281227727867752,5.288966149,4.8982263396,5.090291031,5.538063962,5.682842341400001,0.9323883757112721,0.017209235517433363,0.7846160018000008,0.44777293100000026
Ross,245,5.298632265862345,5.297222527348837,4.937260880399999,5.139453317999999,5.550805722,5.710189164,0.9356153185511507,0.01740453799459285,0.7729282836000007,0.4113524040000005
Ross,246,5.316211232002888,5.331720653595238,4.9687514322,5.181742066,5.576793284750001,5.749632163899999,0.938874601787357,0.017578966140542995,0.780880731699999,0.3950512187500008
Ross,247,5.333896975692236,5.3379646330714285,4.9913743189,5.184062239749999,5.620830314,5.7560223324,0.9421536824491935,0.01768574368934761,0.7646480134999996,0.43676807425000064
Ross,248,5.351621066728823,5.358396118380952,5.0125228672,5.216531375,5.62358456275,5.756308386,0.9454398730209652,0.017724091036587453,0.7437855187999993,0.4070531877499999
Ross,249,5.3693150749110785,5.368007186190476,5.0107575203,5.19969695875,5.6361988595,5.740785133,0.9487204859869756,0.017694008182255416,0.7300276126999998,0.4365019007500006
Ross,250,5.386910570037439,5.385213813309524,5.047395228099999,5.180447196,5.635372062750001,5.7514470353,0.9519828338315302,0.017595495126360383,0.7040518072000008,0.45492486675000077
Ross,251,5.404339121906329,5.400519339785714,5.0584335607,5.182132551,5.62911250425,5.7607475973,0.9552142290389317,0.01742855186888992,0.7023140365999998,0.4469799532500005
Ross,252,5.421532300316185,5.4274327645,5.0813694628,5.2106762149999994,5.6484683325,5.7846706504,0.9584019840934858,0.017193178409856458,0.7033011876000002,0.4377921175000008
Ross,253,5.438421675065436,5.448659479119048,5.0363962052,5.262959584,5.7194343307499995,5.8496012562,0.961533411479496,0.016889374749251118,0.8132050509999997,0.45647474674999966
Ross,254,5.454938815952515,5.472080794119048,5.029040806399999,5.2760486095,5.7301243855,5.8874325711,0.9645958236812667,0.01651714088707834,0.8583917647000003,0.4540757759999998
Ross,255,5.471015292775849,5.485945636047619,5.0899643696,5.28562699575,5.7401007485,5.922893403100001,0.9675765331831018,0.016076476823334573,0.832929033500001,0.45447375274999935
Ross,256,5.486582675333873,5.489862180357143,5.1186844434,5.26430279975,5.745090902,5.912182479,0.9704628524693059,0.015567382558023368,0.7934980355999999,0.48078810225
Ross,257,5.501572533425015,5.501912122880952,5.1484873628,5.2972583557499995,5.776759665,5.8992308774,0.9732420940241828,0.014989858091142061,0.7507435145999999,0.4795013092500007
Ross,258,5.515916436847712,5.520050792190476,5.2477051245999995,5.31067320775,5.75737290775,5.944416080200001,0.9759015703320378,0.014343903422696869,0.6967109556000013,0.4466996999999999
Ross,259,5.529545955400387,5.5312880693809525,5.1196434967,5.3312233335000005,5.754161355250001,5.968450547799999,0.9784285938771737,0.013629518552675357,0.8488070510999988,0.4229380217500003
Ross,260,5.542393948012248,5.5492512469047615,5.2519879241,5.34089437225,5.76636880425,6.0004381997,0.980810716159221,0.012847992611860981,0.7484502755999998,0.4254744319999997
Ross,261,5.554429643371758,5.5503458295714285,5.092478696700001,5.3454111345,5.772592702,6.0104826975000005,0.9830422319268557,0.012035695359510434,0.9180040007999999,0.4271815674999999
Ross,262,5.565662818221261,5.557642475785714,5.1995378038,5.326440224000001,5.768091341000001,6.0035829428000005,0.9851249538675915,0.011233174849502703,0.8040451390000003,0.44165111700000015
Ross,263,5.5761053771921425,5.560038222833334,5.1454549184,5.31827193625,5.75508521725,6.0295131533,0.9870610891968696,0.010442558970881421,0.8840582349000004,0.43681328100000005
Ross,264,5.585769224915778,5.577133306333334,5.190992186699999,5.317781528749999,5.762638341500001,6.0757932954000005,0.9888528451301298,0.009663847723635932,0.8848011087000014,0.4448568127500012
Ross,265,5.594666266023556,5.585381795119048,5.110432412600001,5.3383457875,5.763448105749999,6.080946115700001,0.9905024288828136,0.008897041107777781,0.9705137031,0.42510231824999956
Ross,266,5.602808405146854,5.603497461023809,5.212995575100001,5.34802391425,5.78789601225,6.0761796601,0.9920120476703612,0.008142139123298087,0.8631840849999994,0.4398720980000004
Ross,267,5.610207546917052,5.598951307809524,5.0702382046,5.368827915,5.77818225725,6.1045680084,0.9933839087082126,0.007399141770197737,1.0343298038000004,0.40935434225000034
Ross,268,5.616875595965536,5.618126682285714,5.1547755876000005,5.39819767825,5.814264834249999,6.0947590801,0.9946202192118093,0.006668049048483837,0.9399834924999997,0.41606715599999955
Ross,269,5.6228244569236825,5.609932826833333,5.1368028223,5.370820579749999,5.79201045175,6.1095083254,0.9957231863965912,0.005948860958146618,0.9727055031000003,0.42118987200000113
Ross,270,5.628066034422875,5.638046222761905,5.2028734256,5.516308779,5.81751971925,6.0934289336,0.9966950174779989,0.005241577499192296,0.8905555080000003,0.30121094024999984
Ross,271,5.632612233094495,5.625035486833333,5.032588282200001,5.36728294225,5.827622910500001,6.1068495040999995,0.9975379196714732,0.004546198671619983,1.0742612218999987,0.46033996825000045
Ross,272,5.636474957569924,5.655412385952381,5.2051632543,5.448784962,5.87341756175,6.1612394304,0.9982541001924546,0.0038627244754287915,0.9560761760999998,0.4246325997499998
Ross,273,5.639666112480543,5.641402682333333,5.0668219017,5.36573032325,5.876275666,6.191274372,0.9988457662563839,0.003191154910619609,1.1244524702999996,0.5105453427499995
Ross,274,5.642197602457733,5.634477200133333,5.1293637946,5.364505715,5.890484727,6.196786611,0.9993151250787011,0.0025314899771897714,1.0674228164000006,0.5259790119999996
Ross,275,5.644081247566166,5.629804921860465,5.1243440034,5.409853565500001,5.87197307,6.185252746000001,0.9996643681954915,0.0018836451084327521,1.0609087426000006,0.4621195044999995
Ross,276,5.645318635298423,5.6519919759285715,5.171763503099999,5.44162284,5.8826978615000005,6.1613105924,0.9998937899407859,0.0012373877322575666,0.9895470893000002,0.44107502150000055
Ross,277,5.6458914799699045,5.623902146214285,5.1698760412,5.37283240625,5.85284072,6.225128998300001,1,5.728446714812208e-4,1.0552529571000004,0.48000831374999997
Ross,278,5.645779212594798,5.654289793047619,5.179816354000001,5.445665126750001,5.876656206749999,6.2229480102,0.9999791847159422,-1.1226737510661167e-4,1.043131656199999,0.4309910799999983
Ross,279,5.644961264187289,5.62638546797619,5.1111612704,5.37811954825,5.8632534537500005,6.215203023699999,0.9998275304314206,-8.179484075085952e-4,1.1040417532999989,0.4851339055000006
Ross,280,5.643417065761569,5.662754943095238,5.2534195413,5.4543555285,5.8891366322500005,6.2202642706,0.9995412234892439,-0.001544198425720289,0.9668447293,0.4347811037500007
Ross,281,5.641126048331818,5.629432021904762,5.0534204352,5.390780856499999,5.9072345112499995,6.195290383400001,0.9991164502322193,-0.0022910174297505748,1.141869948200001,0.5164536547500003
Ross,282,5.638067642912231,5.660822428309523,5.2176498377,5.435730647000001,5.900603275249999,6.1822652119,0.9985493970031564,-0.003058405419587018,0.9646153742000001,0.4648726282499984
Ross,283,5.6342212805169964,5.625545768761905,5.0521198799,5.404465802,5.903192399750001,6.1978522477,0.9978362501448635,-0.003846362395234948,1.1457323678,0.49872659775000105
Ross,284,5.629566392160294,5.654733134261905,5.269354120800001,5.42698259275,5.938182210750001,6.1641234293,0.9969731960001479,-0.004654888356702358,0.894769308499999,0.5111996180000009
Ross,285,5.624082408856319,5.628537447785714,5.044832168200001,5.3984189360000006,5.938355231,6.1453282883,0.995956420911819,-0.005483983303975037,1.100496120099999,0.5399362949999995
Ross,286,5.617748761619253,5.645459732214285,5.241536612100001,5.398703843749999,5.941386240250001,6.136886947300001,0.994782111222684,-0.006333647237066309,0.8953503351999998,0.5426823965000018
Ross,287,5.610544881463288,5.617623000119048,5.0104379559000005,5.42747772325,5.91965693575,6.139600124899999,0.9934464532755524,-0.007203880155964626,1.1291621689999989,0.49217921249999996
Ross,288,5.602450199402609,5.6267235774047615,5.1429900072,5.39618818225,5.915047541750001,6.1640317326,0.9919456334132316,-0.00809468206067887,1.0210417254,0.5188593595000004
Ross,289,5.593444146451407,5.593112216309524,4.9321357093,5.397937787,5.862663467,6.1333014952,0.9902758379785307,-0.009006052951201937,1.2011657858999998,0.4647256799999999
Ross,290,5.5835061540823,5.593958683285714,5.1390009805000005,5.37517061375,5.8813651255,6.0778532841,0.9884332533992547,-0.00993799236910764,0.9388523035999992,0.5061945117500004
Ross,291,5.572622814977147,5.563630144214286,4.935131049100001,5.3585601095,5.830288385499999,6.0276090852,0.9864153938496215,-0.0108833391051526,1.0924780360999993,0.47172827599999945
Ross,292,5.560806006786461,5.5565420471666664,5.1406605435,5.36461491625,5.7851887922500005,6.0007864367999995,0.984224461542599,-0.011816808190686423,0.8601258932999993,0.4205738760000006
Ross,293,5.548073184936354,5.531532321904762,4.949672961,5.37659387125,5.7759831015,5.9913812711,0.981863692856098,-0.012732821850106824,1.0417083100999998,0.3993892302499997
Ross,294,5.53444180485294,5.531118682023809,5.080967170099999,5.366782693,5.78299049225,6.0072411673,0.9793363241680293,-0.013631380083413802,0.9262739972000009,0.4162077992499995
Ross,295,5.5199293219623415,5.507394964166667,5.0251364765,5.32429780775,5.80916034775,5.9483632444,0.9766455918563054,-0.014512482890598477,0.9232267679000001,0.48486253999999995
Ross,296,5.50455319169067,5.505362202928572,5.0188160764,5.323896155,5.7837506635,5.9267763293,0.9737947322988367,-0.015376130271671506,0.9079602528999997,0.4598545085000003
Ross,297,5.488330869464046,5.480663194523809,5.036525312,5.295176515,5.81106393475,5.8755492786,0.9707869818735356,-0.01622232222662401,0.8390239666000001,0.5158874197500003
Ross,298,5.471279810708582,5.466284114666666,5.042613483399999,5.27485873225,5.7812108565,5.8729676736,0.9676255769583124,-0.017051058755463977,0.8303541902000005,0.5063521242500002
Ross,299,5.453417470850399,5.4409334175238095,5.047284471599999,5.2585321490000005,5.767529563,5.875026889999999,0.9643137539310795,-0.017862339858183418,0.8277424183999997,0.5089974139999995
Ross,300,5.434761305315609,5.428841875285714,5.0131135391,5.2768934725,5.72778725375,5.885214684,0.9608547491697477,-0.018656165534789437,0.8721011449000002,0.45089378124999957
Ross,301,5.415328769530331,5.394720129738095,4.974446583999999,5.22993209625,5.704781026000001,5.9326515333000005,0.9572517990522282,-0.019432535785278482,0.9582049493000016,0.47484892975000115
Ross,302,5.395137318920683,5.391262197714286,4.9631077395,5.26050495125,5.630182337999999,5.9579582944,0.9535081399564334,-0.020191450609647887,0.9948505549000002,0.3696773867499994
Ross,303,5.374204408912772,5.358294278023809,4.941466984,5.206892207999999,5.60615510625,5.9335721199,0.9496270082602725,-0.020932910007910976,0.9921051359000002,0.39926289825000083
Ross,304,5.352547494932729,5.352810021142857,4.9362230459,5.183719644,5.61336106025,5.886022282099999,0.9456116403416596,-0.02165691398004288,0.9497992361999987,0.42964141624999996
Ross,305,5.330184032406659,5.288179502217392,4.8540597265,5.08158843725,5.528804686999999,5.8751794165,0.9414652725785041,-0.022363462526070244,1.02111969,0.4472162497499994
Ross,306,5.307125861943012,5.313568338116279,4.8750616238,5.103095354,5.616522653500001,5.875016652799999,0.9371901003158746,-0.023058170463646555,0.9999550289999997,0.5134272995000009
Ross,307,5.28334749684236,5.276718946790697,4.8498896406,5.060254287499999,5.52128051,5.8482569372,0.9327813981124948,-0.02377836510065201,0.9983672966000006,0.461026222500001
Ross,308,5.25880822301975,5.276222427595238,4.820653292,5.0650808199999995,5.590213164750001,5.8456674951,0.9282316172460167,-0.024539273822609786,1.0250142030999996,0.5251323447500011
Ross,309,5.233467281471692,5.2307757984186045,4.7902284662,5.0492211235,5.5143705455,5.813683887600001,0.9235332006658298,-0.025340941548058105,1.0234554214000005,0.46514942200000053
Ross,310,5.207283913194694,5.227874502761905,4.7454838791,5.0397330575,5.5565232045,5.800878175099999,0.9186785913213236,-0.026183368276997854,1.0553942959999993,0.516790147
Ross,311,5.180217359185259,5.178607936069767,4.7420046882,5.0129011565,5.4992603795,5.7292704772,0.9136602321618866,-0.02706655400943525,0.9872657890000003,0.486359223
Ross,312,5.152226860439897,5.175602797333333,4.7098506965,5.00696242475,5.524872165000001,5.692200229800001,0.9084705661369086,-0.027990498745362302,0.9823495333000007,0.5179097402500004
Ross,313,5.123271657955119,5.130071550697674,4.6914585924,4.949219599499999,5.456067889,5.6615028096,0.9031020361957796,-0.02895520248477812,0.9700442171999999,0.5068482895000006
Ross,314,5.093310992727428,5.114401166547619,4.6476753504,4.953056321250001,5.4364182435,5.6270390433,0.8975470852878881,-0.029960665227690697,0.9793636928999998,0.4833619222499994
Ross,315,5.062304105753333,5.07383101316279,4.5895466072,4.9026390929999994,5.4003089205,5.620865455200001,0.8917981563626235,-0.031006886974094705,1.0313188480000006,0.4976698275000002
Ross,316,5.030210238029341,5.0594007886190475,4.5814461899,4.87328936125,5.386706901,5.6025984087,0.8858476923693752,-0.03209386772399192,1.0211522187999993,0.5134175397499998
Ross,317,4.99698863055196,5.013308922325582,4.5472398177999995,4.8093658305,5.339035915,5.546605616600001,0.8796881362575325,-0.033221607477381454,0.9993657988000013,0.5296700845000002
Ross,318,4.9625985243177,4.988763976357143,4.5481276419,4.77800431525,5.30043270975,5.5055860194,0.8733119309764854,-0.034390106234259754,0.9574583775000001,0.5224283945000003
Ross,319,4.926999160323066,4.940520724720931,4.4947627614,4.7513147490000005,5.259542629,5.4749743478,0.8667115194756225,-0.035599363994633926,0.9802115864000003,0.5082278799999997
Ross,320,4.890149779564566,4.898135780666666,4.4652708184000005,4.69292798325,5.24574290725,5.467063577199999,0.8598793447043332,-0.036849380758500416,1.0017927587999989,0.5528149240000007
Ross,321,4.852001300780361,4.853377035790698,4.4162536892,4.6601186850000005,5.197291301,5.3814791581999994,0.8528063065976512,-0.0381484787842048,0.9652254689999991,0.5371726159999994
Ross,322,4.812391659729337,4.814977666166667,4.324242475199999,4.584502983,5.1783784265,5.3470649816,0.8454623571277213,-0.03960964105102427,1.0228225064000007,0.5938754435
Ross,323,4.771077367194729,4.767601089325582,4.2819373084,4.5400136105,5.106415463,5.311372882600001,0.8378023514142332,-0.041314292534607944,1.0294355742000008,0.5664018525000003
Ross,324,4.72781313635198,4.720050300738095,4.1417791891,4.50153582125,5.07244299,5.2454003314,0.8297808112857772,-0.04326423084274911,1.1036211422999997,0.5709071687499998
Ross,325,4.682353680376523,4.662303437093024,4.070799858,4.470120416,5.0045105205,5.2132195098,0.8213522585709422,-0.04545945597545664,1.1424196518,0.5343901044999999
Ross,326,4.6344537124438006,4.619112791880952,4.0370606162,4.41134072475,4.96800055375,5.1588967506,0.8124712150983182,-0.047899967932722554,1.1218361344000005,0.556659829
Ross,327,4.583867945729247,4.561994733116279,3.902931937,4.3427495579999995,4.904787579500001,5.108375633600001,0.8030922026964945,-0.05058576671455395,1.2054436966000006,0.5620380215000012
Ross,328,4.530351093408301,4.5090491251666664,3.7936241463000004,4.29908050225,4.84672259775,5.0476360023,0.7931697431940609,-0.053516852320945496,1.2540118559999995,0.5476420955000005
Ross,329,4.473657868656403,4.45344771727907,3.752704282,4.234138472,4.745153245999999,5.004456531400001,0.7826583584196072,-0.056693224751898086,1.2517522494000008,0.5110147739999995
Ross,330,4.413542984648988,4.39301446552381,3.69517564,4.1954861015,4.68115656075,4.9617779033,0.7715125702017224,-0.06011488400741527,1.2666022632999998,0.48567045924999963
Ross,331,4.349761154561495,4.324640115953488,3.6350879016,4.112670263,4.603314902999999,4.8981765032,0.7596869003689966,-0.06378183008749261,1.2630886016000002,0.4906446399999993
Ross,332,4.2820670915693615,4.253621418023809,3.4974387455000002,4.0811770777500005,4.53143240475,4.8348783102,0.7471358707500189,-0.06769406299213365,1.3374395646999995,0.4502553269999998
Ross,333,4.2102155088480275,4.19336657044186,3.4701697796,3.979177268,4.4633865625,4.7326853594,0.7338140031733796,-0.07185158272133396,1.2625155797999996,0.4842092945000003
Ross,334,4.133961119572928,4.122450176904762,3.1897962531,3.93148939175,4.40756481475,4.6697825906,0.7196758194676676,-0.07625438927509975,1.4799863374999997,0.4760754229999997
Ross,335,4.053058636919502,3.9773615066304346,3.0391207844999997,3.8294140165,4.33935636,4.570033865,0.7046758414614729,-0.0809024826534257,1.5309130805000004,0.5099423435000001
Ross,336,3.9672705490349927,3.9532454294186046,2.960911497,3.793976724,4.323494057,4.5003901402,0.6887700325263665,-0.08578808788450942,1.5394786432000003,0.5295173329999994
Ross,337,3.876633831671264,3.8922703716428573,3.0185878973,3.6342457647499997,4.277548533499999,4.4141003905,0.6719652482673503,-0.0906367173637288,1.3955124931999996,0.6433027687499995
Ross,338,3.781526750742546,3.8057843409756096,2.748707063,3.567477588,4.214124364,4.36892376,0.6543316222601544,-0.095107080928718,1.6202166970000005,0.6466467759999999
Ross,339,3.6823489066857076,3.718487865642857,2.9178765086,3.47344939275,4.08622879325,4.306942717599999,0.6359432436744523,-0.09917784405683827,1.3890662089999992,0.6127794005
Ross,340,3.579499899937617,3.6090939689756096,2.630519977,3.343396797,3.977076459,4.226371119,0.616874201679917,-0.1028490067480905,1.5958511420000003,0.633679662
Ross,341,3.4733793309351397,3.512371581904762,2.6470035759000003,3.28166182075,3.8552909082499998,4.1198865638,0.5971985854462213,-0.10612056900247735,1.4728829878999994,0.5736290874999996
Ross,342,3.364386800115143,3.400578938804878,2.536440714,3.159844331,3.78855394,4.111143207,0.576990484143038,-0.1089925308199966,1.5747024929999998,0.628709609
Ross,343,3.252921907914494,3.291453999404762,2.4398271874,2.97902711225,3.71424374325,3.9340603685999995,0.55632398694004,-0.11146489220064915,1.4942331811999994,0.7352166310000001
Ross,344,3.1393842547700612,3.1845675816341465,2.249084664,2.805450523,3.611525381,3.936008773,0.5352731830069009,-0.11353765314443276,1.686924109,0.8060748579999997
Ross,345,3.0241734411187116,3.066148316857143,2.0713728102,2.6883333,3.4929480272499998,3.7722298069999995,0.5139121615132931,-0.11521081365134966,1.7008569967999994,0.8046147272499997
Ross,346,2.9076890673973095,2.956769782512195,1.952478563,2.504139632,3.421756171,3.801423309,0.4923150116288894,-0.11648437372140208,1.8489447460000001,0.9176165390000004
Ross,347,2.7903307340427266,2.8277744772857143,1.8966708992,2.3901903172499996,3.2866548780000002,3.5293443014999997,0.4705558225233636,-0.1173583333545829,1.6326734022999996,0.8964645607500006
Ross,348,2.6724980414918256,2.722791594292683,1.817416287,2.214230872,3.202434349,3.470898967,0.4487086833663876,-0.11783269255090101,1.6534826800000002,0.9882034769999999
Ross,349,2.554590590181476,2.5882151635,1.7686922061,2.109518327,3.0215425385,3.3192899463,0.4268476833276349,-0.11790745131034974,1.5505977402,0.9120242114999999
Ross,350,2.4370079805485454,2.4662724103658538,1.705523895,1.936993572,2.878428089,3.245243772,0.40504691157677863,-0.11758260963293043,1.5397198769999998,0.9414345169999998
Ross,351,2.3201497627546948,2.3168729510714288,1.6288909532,1.8605591769999998,2.665404308,3.0554399942,0.3833804479620596,-0.11685821779385064,1.426549041,0.804845131
Ross,352,2.204405878766395,2.190508665878049,1.504886302,1.773726556,2.674337566,3.030954672,0.36192059089421796,-0.1157438839882996,1.52606837,0.9006110100000002
Ross,353,2.090145327508066,2.040486236904762,1.3642493633,1.6615567442499999,2.3667418265,2.7876955011,0.34073575577373416,-0.11426055125832901,1.4234461378,0.7051850822500003
Ross,354,1.97773434920301,1.9247543057317074,1.234730363,1.510784123,2.331726985,2.681726769,0.3198938465154738,-0.1124109783050562,1.446996406,0.8209428619999999
Ross,355,1.8675391840745366,1.8057681437142856,1.1608668957000001,1.4097262825,2.09574226775,2.5033438220999997,0.29946276703430397,-0.11019516512847338,1.3424769263999996,0.6860159852499998
Ross,356,1.7599260723459544,1.7054212380731708,1.057477887,1.324532344,2.04201303,2.403643253,0.2795104212450915,-0.10761311172858212,1.346165366,0.717480686
Ross,357,1.6552612542405694,1.5948685463333334,1.0540928981000002,1.26191119375,1.8271528235,2.2146493493,0.2601047130627027,-0.10466481810538508,1.1605564512,0.56524162975
Ross,358,1.5539109699816858,1.5136461367560976,0.941812826,1.164116244,1.782109049,2.176188477,0.24131354640200356,-0.1013502842588836,1.2343756510000001,0.6179928050000001
Ross,359,1.4562414597926168,1.4062967595,0.9247843869,1.0836117535,1.59073125625,2.0554529272999997,0.22320482517786178,-0.097669510189069,1.1306685403999999,0.50711950275
Ross,360,1.362618963896668,1.3519148300487804,0.859558993,0.986627222,1.6291161220000001,1.964998956,0.20584645330514362,-0.09362249589594884,1.105439963,0.6424889000000001
Ross,361,1.273409722517142,1.2507012819285714,0.7870114324,0.9316239279999999,1.4569175665,1.8749530793999998,0.1893063346987148,-0.08920924137952602,1.0879416469999996,0.5252936385000001
Ross,362,1.188979975877349,1.1851397590243902,0.740766871,0.874445167,1.437667322,1.72389644,0.17365237327344246,-0.08442974663979297,0.983129569,0.5632221550000001
Ross,363,1.1096959642005977,1.0887580248809523,0.690992674,0.8618316477499999,1.257680901,1.6012069998999998,0.1589524729441934,-0.07928401167675125,0.9102143258999998,0.3958492532500002
Ross,364,1.0359239277101926,1.0510460219756097,0.645831645,0.806960664,1.240052527,1.483841606,0.14527453762583367,-0.07377203649040509,0.8380099609999999,0.433091863
Ross,365,0.9680301066294437,0.9634009735,0.6096679343000001,0.72589200325,1.120984475,1.3716823041,0.1326864712332304,-0.06789382108074893,0.7620143697999998,0.39509247174999995
Ross,366,0.9063807411816539,0.9442161226363636,0.636493476,0.7810860115,1.137504793,1.385330299,0.12125617768124936,-0.06164936544778976,0.7488368230000001,0.35641878149999995
Weddell,1,0.5593973026727477,0.564688401,0.4471503552,0.501806148,0.636950251,0.6886727318000001,0.27052716919219605,NA,0.2415223766000001,0.13514410300000002
Weddell,2,0.5515423047096145,0.5513061995121952,0.437956478,0.477902354,0.630757652,0.693167021,0.26300046895732015,-0.007854997963133159,0.25521054300000007,0.15285529800000003
Weddell,3,0.5438703374009612,0.5376111233,0.4218626603,0.464655402,0.61468061425,0.655957779,0.255649149655263,-0.007671967308653271,0.23409511869999994,0.15002521224999998
Weddell,4,0.536370928670449,0.5340015576829268,0.421249097,0.462355815,0.596192061,0.667789413,0.24846317688756767,-0.007499408730512247,0.24654031600000004,0.133836246
Weddell,5,0.5290336064417378,0.52108828435,0.40485042200000004,0.44850640300000005,0.5964606595,0.6419043944,0.2414325162557764,-0.007337322228711196,0.23705397239999998,0.1479542565
Weddell,6,0.521847898638491,0.5182401264390244,0.396190182,0.446266288,0.585505274,0.662851861,0.23454713336143457,-0.007185707803246788,0.26666167900000004,0.13923898599999995
Weddell,7,0.514803333184368,0.50867385705,0.3839239874,0.44184067625,0.5770248202499999,0.6297706745000001,0.2277969938060836,-0.00704456545412302,0.24584668710000013,0.1351841439999999
Weddell,8,0.5078894380030317,0.5057237797560975,0.381021477,0.426925535,0.568810468,0.637685421,0.22117206319126845,-0.006913895181336338,0.25666394400000003,0.141884933
Weddell,9,0.5010957410181424,0.49487013325,0.3523616874,0.41889914575,0.57270203175,0.6261246708000001,0.21466230711853157,-0.006793696984889297,0.2737629834000001,0.15380288600000003
Weddell,10,0.4944117701533612,0.49284082480487806,0.352525854,0.419264243,0.560484267,0.629682036,0.20825769118941612,-0.006683970864781175,0.2771561819999999,0.141220024
Weddell,11,0.4878270533323505,0.48292140345,0.34734747660000004,0.41575850025000005,0.5548382535,0.6045597361,0.20194818100546646,-0.006584716821010694,0.2572122595,0.13907975325
Weddell,12,0.481331118478771,0.4823046727317073,0.344282657,0.417126076,0.567611579,0.613276032,0.19572374216822544,-0.006495934853579466,0.26899337500000003,0.15048550300000002
Weddell,13,0.474913493516284,0.4716045146,0.3495906983,0.40015100149999994,0.5417032562499999,0.5928507786999999,0.18957434027923634,-0.006417624962487045,0.2432600803999999,0.14155225475
Weddell,14,0.4685637063685511,0.47340163795238094,0.35300571150000004,0.39941356725,0.53911125325,0.6098575051999999,0.18348994094004292,-0.006349787147732877,0.2568517936999999,0.139697686
Weddell,15,0.4622712849592331,0.46301130924390244,0.33796583,0.395458995,0.526230241,0.58291984,0.177460509752188,-0.006292421409318016,0.24495400999999994,0.13077124600000006
Weddell,16,0.45602575721199184,0.4606462019285714,0.3456895665,0.37926096525,0.51527661425,0.5937125732,0.1714760123172155,-0.006245527747241242,0.24802300670000005,0.13601564900000002
Weddell,17,0.4498175276274142,0.45170741346341464,0.345047811,0.369195847,0.512969929,0.581997245,0.16552725417727507,-0.006208229584577618,0.23694943400000007,0.14377408200000003
Weddell,18,0.44364365535503,0.4504139403333333,0.3367932467,0.362394201,0.5189904324999999,0.5922601227,0.15961141739402618,-0.006173872272384251,0.25546687599999995,0.15659623149999985
Weddell,19,0.4375042525471654,0.441259710804878,0.330662224,0.363663719,0.506408718,0.568936888,0.15372860943241592,-0.006139402807864569,0.23827466399999997,0.14274499899999998
Weddell,20,0.4313994473310864,0.43725485002380954,0.3215785325,0.3539326935,0.49956841975,0.5708046079000001,0.14787895306466237,-0.006104805216078979,0.24922607540000008,0.14563572624999999
Weddell,21,0.4253293678340601,0.42595258419512194,0.303964741,0.350904448,0.484776296,0.559603124,0.1420625710629846,-0.006070079497026315,0.255638383,0.13387184800000002
Weddell,22,0.4192941421833527,0.42064854357142856,0.2959501865,0.341146147,0.48453316925,0.5581577180999999,0.13627958619960093,-0.00603522565070741,0.26220753159999993,0.14338702225
Weddell,23,0.4132938985062302,0.4145335854878049,0.284647044,0.337731305,0.477058522,0.562152064,0.13053012124672952,-0.006000243677122485,0.27750501999999994,0.139327217
Weddell,24,0.40732876492995956,0.41120361683333334,0.2828089609000001,0.3309672685,0.4765219375,0.5577574330999999,0.12481429897658931,-0.005965133576270654,0.27494847219999985,0.14555466899999997
Weddell,25,0.4013988695818067,0.40401040548780487,0.267508858,0.325852714,0.473681216,0.554861928,0.1191322421613984,-0.005929895348152858,0.28735307,0.14782850200000003
Weddell,26,0.3955043405890383,0.3982962682142857,0.26639300460000004,0.30776011225,0.46385151225,0.5397068960999999,0.11348407357337545,-0.005894528992768433,0.27331389149999985,0.1560914
Weddell,27,0.3896453060789205,0.391005591,0.268853207,0.305052566,0.447342377,0.553106914,0.10786991598473882,-0.0058590345101177665,0.284253707,0.142289811
Weddell,28,0.3838218941787199,0.3846216296190476,0.25772859150000005,0.3084377095,0.44761895575,0.53547396839999994,0.10228989216770708,-0.005823411900200581,0.2777453768999999,0.13918124625
Weddell,29,0.37803423301570266,0.3786965173902439,0.246693797,0.304671673,0.44673038,0.533415861,0.09674412489449846,-0.005787661163017266,0.28672206400000005,0.142058707
Weddell,30,0.37228245071713556,0.3748108318095238,0.2286257153,0.29997837675,0.46489823225,0.5073280525999999,0.0912327369373319,-0.0057517822985670986,0.27870233729999994,0.1649198555
Weddell,31,0.36656667541028476,0.36696180663414635,0.222197485,0.2838254,0.452349547,0.517046804,0.0857558510684256,-0.005715775306850801,0.294849319,0.168524147
Weddell,32,0.3608876195340328,0.3776427398695652,0.21261786,0.2853381445,0.4646359,0.5384785905,0.08031414995045241,-0.005679055876251948,0.32586073050000003,0.1792977555
Weddell,33,0.3552553428095818,0.3552264545609756,0.196785514,0.280671186,0.428288605,0.520428471,0.07491727286101495,-0.005632276724450991,0.323642957,0.14761741899999997
Weddell,34,0.34968742264664926,0.35021542054761906,0.18303705420000002,0.27271763825,0.4444928635,0.49010082269999994,0.06958206256626921,-0.00556792016293256,0.30706376849999995,0.17177522525
Weddell,35,0.3442016493965039,0.34350712846341463,0.161596704,0.274324256,0.434823099,0.493470046,0.06432556587408221,-0.005485773250145376,0.33187334199999996,0.160498843
Weddell,36,0.338815813410414,0.34050946254761905,0.17536560080000002,0.2658325265,0.42652128549999996,0.4769209938999999,0.059164829592320486,-0.005385835986089882,0.3015553930999999,0.16068875899999996
Weddell,37,0.3335477050396477,0.33122691119512193,0.160790861,0.255947739,0.410432294,0.468266269,0.054116900528850376,-0.0052681083707663,0.307475408,0.15448455499999997
Weddell,38,0.32841511463547374,0.3243017224761905,0.15666842690000005,0.252278617,0.40890581175,0.4715050748,0.04919882549153887,-0.0051325904041739645,0.31483664789999993,0.15662719475000003
Weddell,39,0.3234358325491599,0.31906329858536586,0.137100445,0.250973833,0.403015192,0.441804283,0.04442765128825203,-0.004979282086313819,0.304703838,0.15204135900000004
Weddell,40,0.3186276491319751,0.31375484885714283,0.13498940480000002,0.24610049550000002,0.3995869385,0.4596884793,0.039820424726856964,-0.004808183417184808,0.3246990745,0.15348644299999997
Weddell,41,0.31400835473518773,0.30988700690243903,0.122532032,0.230237855,0.376582825,0.446331891,0.03539419261522032,-0.004619294396787377,0.32379985899999997,0.14634497000000002
Weddell,42,0.30959573971006554,0.3045017113809524,0.12394746870000002,0.2317651505,0.37673517175000004,0.4681456038,0.031166001761208113,-0.004412615025122191,0.34419813509999997,0.14497002125000005
Weddell,43,0.3054075944078776,0.30199988319512194,0.120063849,0.231478811,0.36668216,0.444537749,0.027152898972687658,-0.004188145302187918,0.3244739,0.13520334899999997
Weddell,44,0.3014617091798921,0.29871616285714286,0.13286132750000001,0.22111979150000002,0.37714679399999995,0.45920903279999997,0.023371931057525344,-0.003945885227985502,0.32634770529999996,0.15602700249999993
Weddell,45,0.29777587437737707,0.29495651882926827,0.11502007,0.223424062,0.368569375,0.433191094,0.019840144823587463,-0.0036858348025150534,0.31817102399999997,0.14514531299999997
Weddell,46,0.2943678803516012,0.2939941190238095,0.10795373380000003,0.22526481799999998,0.36351857575,0.46087360149999995,0.01657458707874099,-0.003407994025775851,0.35291986769999995,0.13825375775000004
Weddell,47,0.29125536468972746,0.28986657531707316,0.095372539,0.22055532,0.362130441,0.440417013,0.013592158251485673,-0.0031125156618737604,0.34504447400000005,0.14157512100000003
Weddell,48,0.2884490453307536,0.290056919452381,0.10131438620000002,0.21840222625,0.36337673225,0.46912239219999996,0.010903128327167257,-0.002806319358973852,0.36780800599999997,0.144974506
Weddell,49,0.2859500387067767,0.28728251480487804,0.093405732,0.218374432,0.363479336,0.462289842,0.008508567076874994,-0.002499006623976896,0.36888411,0.14510490399999998
Weddell,50,0.2837587540086675,0.2869820280238095,0.10297088650000004,0.21282431625,0.36977734025,0.4751823907,0.006408866589446764,-0.002191284698109197,0.3722115042,0.15695302399999997
Weddell,51,0.281875600427296,0.2820963365365854,0.096030286,0.203320334,0.358451307,0.480489527,0.004604418953719704,-0.0018831535813715328,0.384459241,0.155130973
Weddell,52,0.28030098715353313,0.28191719814285715,0.10533218860000002,0.20972467325,0.37435875399999996,0.476954284,0.0030956162585319626,-0.0015746132737628482,0.3716220954,0.16463408074999997
Weddell,53,0.2790353233782496,0.2772151005365854,0.097821101,0.21461806,0.349666211,0.479370427,0.0018828505927213142,-0.001265663775283532,0.381549326,0.135048151
Weddell,54,0.27807901829231585,0.27731099266666664,0.10461789820000002,0.21069559200000001,0.36100995,0.4761907975,9.665140451253748e-4,-9.563050859337507e-4,0.3715728993,0.150314358
Weddell,55,0.27743248108660146,0.27309338729268295,0.10215871,0.198761413,0.355962007,0.48590366,3.4699870458090913e-4,-6.465372057143925e-4,0.38374495000000003,0.15720059400000003
Weddell,56,0.27709612095197816,0.27357214788095235,0.10731957260000001,0.19003771950000004,0.35752746724999995,0.4739605157,2.469665992675629e-5,-3.363601346232925e-4,0.36664094309999995,0.16748974774999992
Weddell,57,0.2770703470793159,0.27317659175609754,0.09215146,0.195453611,0.35578219,0.494866028,0,-2.5773872662282482e-5,0.402714568,0.160328579
Weddell,58,0.27735556865948496,0.27566264554761905,0.09507298810000002,0.19791010674999998,0.36482359025,0.4810564247,2.733008136381496e-4,2.852215801690816e-4,0.38598343659999995,0.16691348350000001
Weddell,59,0.27795219488335626,0.27416401680487806,0.088335041,0.191637158,0.361255026,0.478688012,8.449911896791933e-4,5.966262238712994e-4,0.390352971,0.16961786799999998
Weddell,60,0.27886063494180025,0.29167684261764704,0.10679312800000004,0.19081855949999998,0.39191737775,0.4991191248,0.0017154632169607464,9.084400584439822e-4,0.3923259967999999,0.20109881825000003
Weddell,61,0.28008129802568704,0.27825783078571426,0.09631257730000002,0.195534467,0.3751461745,0.45657144859999993,0.002885108984320106,0.0012206630838867971,0.3602588712999999,0.1796117075
Weddell,62,0.2816145795333296,0.2786186902619048,0.09321813500000002,0.19103348674999998,0.361895012,0.4811834625,0.004354307364493932,0.0015332815076425366,0.38796532749999996,0.17086152525000003
Weddell,63,0.2834561991859446,0.2793892906097561,0.120158874,0.198559181,0.355934939,0.463479673,0.0061189569719090715,0.0018416196526150341,0.343320799,0.157375758
Weddell,64,0.28559041508921246,0.2834411161190476,0.1155746681,0.20704056175000002,0.3595336,0.48130875250000005,0.008163973840887939,0.0021342159032678443,0.36573408440000005,0.15249303825
Weddell,65,0.287999761279088,0.2849680823414634,0.106294427,0.209474858,0.357618112,0.461093895,0.010472621993102125,0.0024093461898755386,0.35479946799999995,0.14814325399999997
Weddell,66,0.29066677179152617,0.2903119862142857,0.10842207680000002,0.21579732925,0.35806876125,0.4692741071,0.01302816545022327,0.0026670105124381727,0.3608520303,0.14227143199999998
Weddell,67,0.29357398066248164,0.29719592041463416,0.107631275,0.227914322,0.362867361,0.464723672,0.015813868233922754,0.002907208870955469,0.35709239699999995,0.134953039
Weddell,68,0.2967039219279091,0.2947594173095238,0.1120459177,0.220811162,0.3633014995,0.4588135576,0.018812994365872002,0.0031299412654274827,0.3467676399,0.1424903375
Weddell,69,0.3000391296237635,0.3001502198780488,0.11334845,0.219695871,0.369726818,0.4661339,0.02200880786774261,0.003335207695854381,0.35278545,0.15003094700000003
Weddell,70,0.3035621377859999,0.30053261764285716,0.1213372254,0.21355371775,0.38577961024999996,0.45949759379999994,0.025384572761206373,0.003523008162236385,0.33816036839999997,0.17222589249999995
Weddell,71,0.3072554804505724,0.30715719458536583,0.131756788,0.205737509,0.395825139,0.479956232,0.028923553067934142,0.0036933426645724965,0.34819944399999997,0.19008762999999998
Weddell,72,0.3111016916534366,0.3063481215,0.1369889051,0.20507881275,0.391666641,0.4695365927,0.032609012809598194,0.0038462112028642137,0.3325476876,0.18658782824999998
Weddell,73,0.31508330543054697,0.308822409097561,0.138585234,0.202101539,0.38555088,0.516919912,0.036424216007869686,0.003981613777110371,0.378334678,0.183449341
Weddell,74,0.31918285581785816,0.3121765015,0.1679324223,0.21410096024999997,0.3742992755,0.47513484559999997,0.04035242668442001,0.0040995503873111905,0.30720242329999997,0.16019831525
Weddell,75,0.3233828768513254,0.3192385191463415,0.166547973,0.21529611,0.373422786,0.47745777700000003,0.04437690886092106,0.004200021033467227,0.310909804,0.158126676
Weddell,76,0.32766590256690276,0.3237172597857143,0.1859306943,0.21569541525000002,0.3934028795,0.47928927679999994,0.048480926559043694,0.004283025715577371,0.2933585824999999,0.17770746425
Weddell,77,0.3320144670005459,0.3369722363170732,0.207337904,0.221747874,0.41412013,0.508970683,0.05264774380046018,0.004348564433643121,0.3016327790000001,0.19237225599999996
Weddell,78,0.33641411751866035,0.3423933625,0.1992057278,0.25685897275,0.41397949775,0.5078083758999999,0.05686351199587998,0.004399650518114473,0.30860264809999993,0.15712052499999996
Weddell,79,0.34086406140719117,0.3520546152439024,0.202651736,0.267486188,0.43969796,0.514514794,0.06112747156253909,0.004449943888530816,0.311863058,0.17221177199999999
Weddell,80,0.345367374714719,0.35426860478571426,0.2041965781,0.27302346825,0.43371819225,0.5225093242,0.06544256998631635,0.004503313307527845,0.31831274609999993,0.160694724
Weddell,81,0.34992713373748785,0.3619456973902439,0.209273665,0.271911664,0.473140897,0.520737471,0.0698117549904029,0.004559759022768839,0.311463806,0.201229233
Weddell,82,0.3545464147717423,0.35903754114285713,0.2064977521,0.2569893815,0.44013822675,0.5337029962,0.07423797429799044,0.004619281034254463,0.32720524409999996,0.18314884524999997
Weddell,83,0.35922829411372653,0.3590966170487805,0.196982408,0.270685484,0.487526605,0.5223326,0.07872417563227026,0.004681879341984219,0.32535019200000004,0.21684112100000003
Weddell,84,0.3639758480596846,0.36131481478571426,0.1880946884,0.27933282825,0.43931665,0.5241967687,0.08327330671643356,0.00474755394595805,0.3361020803,0.15998382174999998
Weddell,85,0.3687921529058615,0.3702013577560976,0.197955981,0.291814421,0.459343749,0.534408767,0.08788831527367244,0.0048163048461769,0.33645278599999995,0.16752932800000003
Weddell,86,0.37368028494850086,0.3790155375238095,0.20837772790000003,0.29603614025,0.47994089650000005,0.5499539588,0.09257214902717771,0.0048881320426393815,0.34157623089999994,0.18390475625000002
Weddell,87,0.3786433204838475,0.382939240097561,0.203125444,0.30657161,0.479412639,0.559253002,0.09732775570014127,0.00496303553534666,0.35612755800000007,0.17284102899999998
Weddell,88,0.3836843358081455,0.38750112266666664,0.2016503765,0.30763428724999997,0.485808477,0.5475535093999999,0.10215808301575424,0.005041015324297959,0.3459031328999999,0.17817418975000004
Weddell,89,0.3888064072176389,0.3871888943414634,0.202849546,0.297074539,0.486843344,0.569822406,0.10706607869720798,0.005122071409493445,0.36697286,0.18976880499999998
Weddell,90,0.394012611008573,0.3923222598095238,0.22031789629999998,0.28214283,0.48957815475,0.5623075381,0.11205469046769469,0.005206203790934061,0.3419896418,0.20743532474999998
Weddell,91,0.3993060234771911,0.4241920095555556,0.2243380278,0.315516366,0.508052491,0.5967340822,0.11712686605040493,0.005293412468618086,0.3723960544,0.19253612500000006
Weddell,92,0.40468972091973787,0.408350253255814,0.2149423282,0.2933924835,0.4955735235,0.56222342,0.12228555316853051,0.005383697442546798,0.3472810918,0.20218103999999998
Weddell,93,0.4101665005067715,0.3952781895609756,0.224629717,0.284060098,0.476230266,0.547310296,0.1275334320855668,0.005476779587033631,0.322680579,0.19217016800000003
Weddell,94,0.4157367299815826,0.40410533052380954,0.2117867983,0.29703767124999997,0.4978588805,0.5530487249999999,0.1328708551750631,0.005570229474811117,0.3412619266999999,0.20082120925000002
Weddell,95,0.42139952619086724,0.40836217270731706,0.231454844,0.323738573,0.505617324,0.592144736,0.1382969761948929,0.005662796209284615,0.36068989199999996,0.18187875100000006
Weddell,96,0.42715399564333406,0.422920364,0.24578090989999998,0.3321775605,0.51179603125,0.5938455376999999,0.14381093899701589,0.005754469452466826,0.3480646277999999,0.17961847074999993
Weddell,97,0.4329992448476916,0.42828404512195123,0.264808749,0.342589728,0.519360239,0.600837738,0.14941188743339173,0.005845249204357528,0.33602898899999994,0.17677051099999996
Weddell,98,0.4389343803126476,0.4402478307142857,0.27755136989999996,0.330866286,0.51654762325,0.6122451728,0.15509896535597925,0.005935135464955998,0.33469380290000006,0.18568133725000002
Weddell,99,0.44495850854691116,0.4433267576097561,0.272138702,0.331738615,0.554278452,0.6216752,0.16087131661673865,0.0060241282342635705,0.349536498,0.22253983700000002
Weddell,100,0.45107073605919035,0.45179835335714286,0.2726746592,0.336672376,0.5281301709999999,0.6234303703999999,0.16672808506762904,0.006112227512279189,0.35075571119999993,0.19145779499999993
Weddell,101,0.45727016935819365,0.45046886319512197,0.261295444,0.347189501,0.530044335,0.60646339,0.17266841456061005,0.0061994332990032985,0.34516794600000006,0.18285483400000002
Weddell,102,0.4635559149526292,0.463808919,0.28486990110000004,0.355201702,0.55391169,0.6195245369,0.17869144894764089,0.006285745594435566,0.33465463579999993,0.19870998799999995
Weddell,103,0.4699270793512054,0.46264260612195124,0.277704852,0.360642258,0.553914255,0.600179015,0.18479633208068105,0.006371164398576212,0.32247416300000004,0.19327199700000003
Weddell,104,0.47638276906263116,0.4772571973809524,0.2975591228,0.38743091949999997,0.55386221275,0.6387917557999999,0.1909822078116905,0.006455689711425738,0.3412326329999999,0.16643129325000006
Weddell,105,0.4829220905956139,0.4725368456829268,0.299166404,0.396299096,0.552257093,0.615283322,0.19724821999262784,0.006539321532982756,0.316116918,0.15595799700000001
Weddell,106,0.48954415045886324,0.4935441119285714,0.29211386510000004,0.391469848,0.5704531175,0.6318993638,0.20359351247545365,0.006622059863249319,0.33978549869999997,0.17898326950000004
Weddell,107,0.4962480551610864,0.4919087206585366,0.322544269,0.381359014,0.58690204,0.631210466,0.21001722911212634,0.006703904702223151,0.308666197,0.20554302600000002
Weddell,108,0.5030325557742322,0.5080866733095238,0.3339355686,0.36551904924999995,0.61325399475,0.666212835,0.21651817317323874,0.0067845006131458385,0.33227726639999994,0.24773494550000003
Weddell,109,0.5098896303343133,0.5038996976829269,0.348528344,0.374468595,0.589683176,0.650176995,0.22308865797083602,0.006857074560081111,0.30164865100000005,0.21521458099999996
Weddell,110,0.5168051817723042,0.5212131511666667,0.3412488839,0.40648247225,0.6112530362499999,0.6977126741999999,0.22971517561946184,0.00691555143799083,0.3564637902999999,0.20477056399999993
Weddell,111,0.5237648976863034,0.5220192212682927,0.359261031,0.427044695,0.579775229,0.68755548,0.23638401190056932,0.006959715913999243,0.328294449,0.15273053400000003
Weddell,112,0.53075446567441,0.5374882692857142,0.36796811910000005,0.44461456525000004,0.59309344375,0.7357711748,0.24308145259561165,0.006989567988106571,0.36780305569999994,0.1484788784999999
Weddell,113,0.5377595733347224,0.5365594886097561,0.381753442,0.428338359,0.602134319,0.711512353,0.24979378348604173,0.007005107660312371,0.32975891100000004,0.17379596000000003
Weddell,114,0.5447659082653398,0.5465411092619048,0.3769592903,0.44660147224999996,0.6041279115,0.7216649408,0.25650729035331316,0.007006334930617419,0.34470565049999996,0.15752643925000004
Weddell,115,0.5517591580643603,0.5488710542195122,0.372390791,0.454485324,0.622543962,0.699756698,0.2632082589788783,0.006993249799020496,0.32736590699999996,0.16805863799999993
Weddell,116,0.5587250103298834,0.5573481238809523,0.37410679230000005,0.4536888295,0.65400435625,0.7382150531,0.2698829751441911,0.006965852265523154,0.36410826079999997,0.20031552674999997
Weddell,117,0.5656491526600078,0.5602407281951219,0.396624802,0.473558237,0.652950526,0.763625834,0.27651772463070445,0.006924142330124394,0.36700103199999995,0.17939228900000004
Weddell,118,0.572517272652832,0.5775258793333333,0.4083844061,0.49020975775000003,0.6553977452499999,0.7841710203,0.28309879321987136,0.006868119992824218,0.3757866142,0.1651879874999999
Weddell,119,0.5793150579064548,0.577030097,0.391766301,0.487644099,0.649176053,0.774975834,0.2896124666931449,0.0067977852536227346,0.38320953300000005,0.16153195400000003
Weddell,120,0.5860281960189753,0.5928300781428572,0.4042701064,0.5072347315,0.6675692215,0.7959337928,0.29604503083197864,0.0067131381125205,0.3916636864,0.16033449
Weddell,121,0.5926423745884927,0.617517116288889,0.4042744404,0.503734105,0.706851413,0.8576144455999999,0.30238277141782605,0.006614178569517404,0.4533400051999999,0.20311730799999994
Weddell,122,0.5991432812131043,0.6175030168837209,0.4065153974,0.5078153224999999,0.7003022075,0.8792922520000002,0.30861197423213893,0.006500906624611669,0.4727768546000002,0.1924868850000001
Weddell,123,0.60551689525056,0.6078160455365854,0.431336578,0.516273319,0.696955822,0.800727619,0.3147192046219977,0.006373614037455622,0.369391041,0.180682503
Weddell,124,0.6117667016375944,0.6284390828809524,0.4311036775,0.51059043,0.700004328,0.8792283216,0.32070780187205444,0.006249806387034429,0.44812464409999997,0.18941389799999997
Weddell,125,0.6179233189583715,0.6232733900243902,0.47259023,0.515023769,0.699171028,0.811567379,0.32660710487019945,0.0061566173207771024,0.338977149,0.18414725899999995
Weddell,126,0.6240196998742539,0.642574308952381,0.44779561380000005,0.5364009615,0.727415908,0.8435019919,0.33244868902933294,0.006096380915882382,0.3957063780999999,0.19101494649999995
Weddell,127,0.6300887970466039,0.6339674828780488,0.434543281,0.557678792,0.729095231,0.832473861,0.33826412976235526,0.006069097172350046,0.39793058,0.17141643899999992
Weddell,128,0.6361635631367838,0.6447116686666666,0.4439489203,0.52747746725,0.73094089375,0.8350371893999999,0.3440850024821663,0.006074766090179873,0.39108826909999994,0.20346342650000004
Weddell,129,0.6422769508061559,0.6401773434878049,0.441806369,0.536002017,0.740078859,0.823844822,0.3499428826016662,0.0061133876693720834,0.382038453,0.20407684199999998
Weddell,130,0.6484619127160827,0.6470200316190476,0.4268584892,0.5335806624999999,0.7620357827500001,0.8607111474999999,0.3558693455337554,0.006184961909926789,0.43385265829999986,0.22845512025000014
Weddell,131,0.654751401527926,0.6467341745121952,0.417109527,0.56231643,0.781576379,0.80805278,0.3618959666913334,0.0062894888118433245,0.39094325300000005,0.219259949
Weddell,132,0.6611783699030488,0.6483121584047619,0.4171042578,0.5199439155000001,0.7673571772500001,0.8548353146,0.368054321487301,0.006426968375122799,0.43773105679999996,0.24741326175
Weddell,133,0.6677757705028133,0.6565303537560976,0.465081862,0.541433708,0.752003529,0.828362843,0.37437598533455824,0.006597400599764547,0.36328098099999995,0.210569821
Weddell,134,0.6745765559885816,0.6548295282619048,0.455944622,0.54559930425,0.7470093425000001,0.8649626361,0.3808925336460049,0.006800785485768235,0.4090180141,0.20141003825000003
Weddell,135,0.6816136790217164,0.6612266046097561,0.455220091,0.565309425,0.735834494,0.861842936,0.3876355418345417,0.007037123033134862,0.40662284499999996,0.17052506899999997
Weddell,136,0.6889200922635794,0.6666266891428572,0.4540234856,0.5491323605,0.7468917172499999,0.8408997165,0.39463658531306794,0.007306413241862986,0.38687623089999995,0.1977593567499999
Weddell,137,0.6965287483755335,0.6721057160731707,0.470136841,0.541136221,0.748218451,0.899681699,0.4019272394944844,0.0076086561119540486,0.4295448579999999,0.20708222999999992
Weddell,138,0.704472579027962,0.6812791879047619,0.4923571775,0.5937190755,0.7647315145,0.8810775762999999,0.4095390596780251,0.00794383065242854,0.3887203987999999,0.17101243899999996
Weddell,139,0.7127692974316652,0.6936168397560976,0.495127364,0.624484338,0.783413764,0.879807198,0.41748901875515554,0.008296718403703163,0.38467983399999994,0.15892942599999993
Weddell,140,0.7213945718670354,0.7131952090238095,0.507085078,0.6198846287499999,0.82174992825,0.9100167778,0.42575380194456774,0.0086252744353702,0.4029316998,0.2018652995000001
Weddell,141,0.7303168707087587,0.7282417237804878,0.526834312,0.617072769,0.862156174,0.917588939,0.4343031954775542,0.008922298841723353,0.3907546270000001,0.24508340500000003
Weddell,142,0.7395046623315215,0.7517739061666666,0.5574240063,0.648934487,0.8656338069999999,0.932697697,0.4431069855854074,0.009187791622762731,0.37527369070000005,0.21669931999999992
Weddell,143,0.7489264151100095,0.7650779084390243,0.56113106,0.657354034,0.89290464,0.945155112,0.45213495849941976,0.009421752778488002,0.384024052,0.235550606
Weddell,144,0.7585505974189086,0.7789531055476191,0.58139645660000006,0.6918557369999999,0.89121820525,0.9675125272999999,0.46135690045088346,0.009624182308899165,0.38611607069999987,0.19936246825000004
Weddell,145,0.7683456776329054,0.7879687726585366,0.635005768,0.683367891,0.907347341,0.972378796,0.4707425976710914,0.009795080213996776,0.337373028,0.22397945000000008
Weddell,146,0.7782801241266853,0.7917384755238095,0.6462872143,0.69119830675,0.88728703,0.9779996469,0.48026183639133546,0.009934446493779947,0.33171243259999994,0.19608872324999993
Weddell,147,0.7883224052749344,0.7972835455609756,0.585211122,0.702276746,0.912505373,1.035302664,0.48988440284290796,0.01004228114824901,0.450091542,0.210228627
Weddell,148,0.7984409894523394,0.7976629271666666,0.6130540009,0.6975914162500001,0.8808983294999999,1.0092213303,0.4995800832571023,0.010118584177405077,0.3961673294,0.18330691324999981
Weddell,149,0.8086043450335858,0.8046615533170731,0.571489125,0.689510056,0.883616738,1.036900278,0.50931866386521,0.01016335558124637,0.465411153,0.19410668199999992
Weddell,150,0.8187809403933594,0.8141194899047619,0.5797637912999999,0.71599140975,0.9023740984999999,1.034290326,0.5190699308985235,0.010176595359773555,0.45452653470000015,0.18638268874999997
Weddell,151,0.8289392439063472,0.8222202042682927,0.550324313,0.699589568,0.911295328,1.068736511,0.528803670588336,0.010158303512987854,0.518412198,0.21170575999999997
Weddell,152,0.8390477239472344,0.8592688498888889,0.5694241966,0.734845874,0.95163291,1.1571205772000002,0.5384896691659392,0.010108480040887158,0.5876963806000002,0.21678703600000004
Weddell,153,0.8490748488907075,0.8418794428333334,0.5599890536,0.7537447035,0.96223390575,1.1149836945999998,0.548097712862626,0.010027124943473131,0.5549946409999998,0.20848920225
Weddell,154,0.8589937685888038,0.8577448232857143,0.6014890715,0.7405471862499999,0.9510301995,1.1348080002999998,0.5576020737258335,0.009918919698096329,0.5333189287999999,0.21048301325000007
Weddell,155,0.8688017015258073,0.8653105203658537,0.677894242,0.732069109,0.942301531,1.159241402,0.5670000864926178,0.009807932937003438,0.4813471599999999,0.21023242200000003
Weddell,156,0.8785035795442518,0.8777345335,0.6380843396,0.749093037,0.9670421775,1.1290125743,0.5762964768803547,0.009701878018444576,0.4909282346999999,0.21794914050000003
Weddell,157,0.8881043380039352,0.8872364193658536,0.728327497,0.757486121,0.972289603,1.167355832,0.5854959739766801,0.009600758459683334,0.43902833499999994,0.214803482
Weddell,158,0.8976089122646561,0.9057769933095238,0.7287738722,0.7919965012500001,0.9942733635,1.0948866879999999,0.5946033068692311,0.009504574260720933,0.3661128157999999,0.20227686224999986
Weddell,159,0.9070222376862113,0.9115545875121951,0.74984971,0.792001952,1.005023989,1.162404356,0.6036232046456427,0.009413325421555152,0.4125546459999999,0.2130220369999999
Weddell,160,0.9163492496283987,0.9259264592142857,0.7529828965,0.8099592640000001,1.01815417925,1.1540814723,0.6125603963935513,0.009327011942187435,0.40109857579999986,0.2081949152499999
Weddell,161,0.9255948834510169,0.9308643819512196,0.738076002,0.805086218,1.01340362,1.209864626,0.6214196112005936,0.009245633822618227,0.4717886240000001,0.20831740200000004
Weddell,162,0.9347640745138627,0.9399460566666666,0.7435346784000001,0.8187371615,1.0203317377499999,1.1823963119999998,0.630205578154405,0.00916919106284575,0.43886163359999975,0.20159457624999988
Weddell,163,0.9438617581767339,0.939481649804878,0.736344601,0.783855904,1.026984641,1.177101109,0.6389230263426214,0.009097683662871225,0.4407565080000001,0.24312873700000004
Weddell,164,0.9528928697994288,0.9448221339047619,0.7479089346,0.8043761935,1.05233370525,1.1585504316,0.6475766848528797,0.009031111622694876,0.41064149699999997,0.24795751174999991
Weddell,165,0.9618623447417446,0.9499879399512196,0.714710514,0.812500046,1.074680566,1.157545578,0.6561712827728152,0.008969474942315814,0.44283506399999994,0.26218052000000003
Weddell,166,0.9707751183634801,0.9544514987142857,0.7326263237,0.8262406615,1.08440746775,1.1452421079000001,0.664711549190065,0.008912773621735481,0.4126157842000001,0.25816680625
Weddell,167,0.9796361260244314,0.971807075292683,0.765239944,0.823763145,1.109385092,1.163592886,0.6732022131922638,0.008861007660951326,0.39835294200000004,0.2856219469999999
Weddell,168,0.9884503030843982,0.9790293313095239,0.7776652419,0.8428369205,1.08819905125,1.137735263,0.6816480038670494,0.008814177059966788,0.36007002109999997,0.2453621307499999
Weddell,169,0.9972211032954627,0.9945928972439024,0.804338589,0.876744196,1.118419168,1.160736641,0.6900522306177762,0.008770800211064467,0.35639805199999997,0.241674972
Weddell,170,1.0059371224145008,0.9903329450238095,0.7942961077,0.8629085339999999,1.0999349652500001,1.1711027902,0.6984039658388863,0.008716019119038187,0.37680668249999993,0.23702643125000022
Weddell,171,1.0145783859135071,1.011130310902439,0.805562413,0.891065361,1.135414828,1.204474862,0.7066840698329111,0.008641263499006291,0.3989124490000001,0.24434946700000004
Weddell,172,1.0231248158263628,1.0174265301666667,0.8101907251,0.89514905625,1.1312755270000001,1.2184635811999998,0.7148733037874395,0.008546429912855702,0.40827285609999975,0.23612647075000015
Weddell,173,1.0315563341869485,1.0427545261951219,0.838109787,0.906452361,1.161134194,1.261729256,0.7229524288900597,0.008431518360585644,0.4236194689999999,0.2546818329999999
Weddell,174,1.0398528630291464,1.0357985019761904,0.8317228993000001,0.8834686745,1.1772845995,1.2436766985999999,0.7309022063283619,0.008296528842197892,0.41195379929999976,0.2938159250000001
Weddell,175,1.0479943243868381,1.064697308585366,0.826613293,0.897918108,1.215370662,1.256135346,0.7387033972899353,0.008141461357691782,0.429522053,0.31745255399999994
Weddell,176,1.0559606402939052,1.0546649195,0.8096637411000001,0.9171937087500001,1.206757415,1.2683809778,0.7463367629623691,0.00796631590706709,0.45871723669999986,0.28956370624999994
Weddell,177,1.0637317327842293,1.0787094289756098,0.825817664,0.944471453,1.218667862,1.304172076,0.7537830645332524,0.007771092490324039,0.47835441199999995,0.274196409
Weddell,178,1.0712875238916912,1.068034960857143,0.8327573507,0.9581815499999999,1.198531053,1.3110113629,0.7610230631901742,0.007555791107461962,0.47825401219999997,0.24034950300000002
Weddell,179,1.0786079356501737,1.0932463508292682,0.870178106,0.948092271,1.22798505,1.353803614,0.7680375201207245,0.007320411758482415,0.48362550800000004,0.279892779
Weddell,180,1.0856728900935566,1.0922000863333334,0.8657866658,0.9478903605000001,1.237392008,1.3483695029,0.7748071965124912,0.007064954443382954,0.48258283710000005,0.28950164749999996
Weddell,181,1.0924623092557229,1.110968517804878,0.899597327,0.969551264,1.280534483,1.34673891,0.7813128535530647,0.006789419162166244,0.44714158300000006,0.31098321900000003
Weddell,182,1.0989561151705531,1.1105493874222223,0.9127490802,0.979969165,1.256977202,1.3386391737999999,0.7875352524300334,0.006493805914830286,0.42589009359999985,0.2770080370000001
Weddell,183,1.1051342298719302,1.1247948617142858,0.9097000940000001,0.98009478375,1.28977717325,1.3305453576999997,0.7934551543309878,0.00617811470137708,0.42084526369999964,0.30968238950000004
Weddell,184,1.110977598350996,1.1150307671190476,0.9099170872,1.0086827357500001,1.25340257275,1.3132798785,0.7990543006465277,0.005843368479065747,0.40336279129999997,0.24471983699999988
Weddell,185,1.1164906936159305,1.1307218398536585,0.929780317,1.013896998,1.260228524,1.299584775,0.8043369774365449,0.005513095264934487,0.36980445800000006,0.24633152599999986
Weddell,186,1.121701516691945,1.1202903721666666,0.9433611233,1.03564401725,1.2545007505,1.3038874216999998,0.8093300154302163,0.005210823076014615,0.36052629839999983,0.21885673325
Weddell,187,1.1266390915615148,1.130977058317073,0.951837624,1.037967902,1.242677572,1.338376091,0.8140612255597329,0.004937574869569694,0.38653846699999994,0.20470966999999995
Weddell,188,1.131332442207114,1.120488112,0.9348676699,1.0337652782500002,1.22282349975,1.3409273819999998,0.8185584187572849,0.004693350645599281,0.4060597120999998,0.18905822149999985
Weddell,189,1.135810592611218,1.1312756360243903,0.950629122,1.036768516,1.227928946,1.368626447,0.8228494059550633,0.004478150404104042,0.417997325,0.19116043000000005
Weddell,190,1.1401025667563012,1.1288674173333333,0.9664079993,1.0412874235,1.2097164555,1.3403683199,0.8269619980852582,0.004291974145083088,0.37396032060000006,0.16842903199999992
Weddell,191,1.144237388624837,1.139517417707317,0.986964646,1.046212102,1.264284336,1.339611191,0.830924006080059,0.004134821868535754,0.3526465449999999,0.2180722340000001
Weddell,192,1.1482440821993023,1.1370039114761905,0.9520473353,1.0498921140000002,1.2619089350000001,1.3779196048,0.8347632408716585,0.00400669357446537,0.4258722695,0.21201682099999997
Weddell,193,1.152151671462171,1.1538000846341463,0.933215863,1.025167336,1.301016578,1.420458286,0.8385075133922462,0.003907589262868605,0.48724242299999987,0.27584924200000005
Weddell,194,1.155989180395917,1.1540605469285714,0.8950816699,1.02399292875,1.312791851,1.387729943,0.8421846345740122,0.0038375089337461255,0.49264827310000003,0.28879892225000003
Weddell,195,1.1597856329830158,1.1599334470487805,0.899456958,1.01725663,1.368878073,1.397660415,0.8458224153491474,0.0037964525870988197,0.498203457,0.351621443
Weddell,196,1.1635700532059428,1.1591784177619047,0.9141251731,1.00721852475,1.3494672605,1.4002949615,0.849448666649843,0.0037844202229269097,0.4861697884,0.3422487357499999
Weddell,197,1.1673714650471705,1.1579493683658537,0.903701042,1.0100301,1.351220295,1.428066524,0.8530911994082876,0.003801411841227731,0.5243654819999999,0.34119019500000003
Weddell,198,1.171218892489175,1.1653525903809523,0.9211008592,1.0251106892500002,1.3349769335000001,1.4329640116,0.8567778245566732,0.003847427442004614,0.5118631524,0.30986624425
Weddell,199,1.1751411988778293,1.1604822202682927,0.91124137,1.033431048,1.309599955,1.461664314,0.8605361991043559,0.0039223063886542064,0.550422944,0.27616890699999996
Weddell,200,1.1791539381374208,1.1758068016904761,0.9761677262999999,1.05974546975,1.27817055,1.4327073404,0.8643812269031429,0.004012739259591447,0.4565396141,0.21842508025000007
Weddell,201,1.1832495901258742,1.175172572707317,0.921477896,1.061606935,1.305600327,1.423109639,0.868305702113467,0.004095651988453408,0.501631743,0.24399339200000014
Weddell,202,1.1874183338042392,1.185713627904762,0.9601917169,1.08683012775,1.31822653875,1.4088130405000001,0.8723002141643106,0.004168743678365061,0.44862132360000007,0.23139641099999997
Weddell,203,1.1916503481335674,1.188702257097561,0.937812298,1.069023656,1.329343982,1.433389633,0.8763553524846581,0.004232014329328182,0.495577335,0.260320326
Weddell,204,1.1959358120749097,1.194391534357143,0.9357341269,1.113396,1.3039270205,1.4398483955999999,0.8804617065034932,0.004285463941342327,0.5041142686999999,0.19053102049999993
Weddell,205,1.2002649045893157,1.1950630301707317,0.950723492,1.076268713,1.309551757,1.488325171,0.8846098656497983,0.004329092514405941,0.5376016790000001,0.233283044
Weddell,206,1.204627804637836,1.2046123302380953,1.0022866210999999,1.08130055725,1.323289167,1.4650331897,0.888790419352557,0.004362900048520357,0.4627465686000001,0.24198860974999992
Weddell,207,1.2090146911815227,1.2041853131219513,0.960082448,1.065633461,1.347316557,1.488014177,0.8929939570407539,0.0043868865436866855,0.527931729,0.2816830960000001
Weddell,208,1.2134157431814259,1.2145316203333334,0.9881247791000001,1.101984446,1.34409110025,1.4615316882,0.8972110681433721,0.0044010519999031494,0.47340690909999994,0.2421066542500001
Weddell,209,1.2178211395985954,1.2196336328780488,0.981923685,1.062702077,1.347864316,1.471246247,0.9014323420893943,0.004405396417169527,0.489322562,0.28516223899999993
Weddell,210,1.2222210593940832,1.2298334992619049,1.005721946,1.078748663,1.352566489,1.4556164555,0.9056483683078052,0.004399919795487817,0.4498945095,0.27381782599999993
Weddell,211,1.2266056815289388,1.2444744535365853,0.991772498,1.06781496,1.383760165,1.49485426,0.909849736227587,0.004384622134855576,0.5030817620000001,0.315945205
Weddell,212,1.2309651849642134,1.2479408321904761,1.0066898941,1.10231358875,1.3802974607499998,1.4608832151,0.9140270352777239,0.004359503435274581,0.454193321,0.27798387199999985
Weddell,213,1.2352897486609582,1.2623764745333332,0.9995593033999999,1.09415182,1.393356463,1.4884983142000001,0.9181708548871998,0.004324563696744832,0.48893901080000024,0.29920464299999994
Weddell,214,1.2395695521152443,1.2549109260697675,0.988261726,1.1331931025,1.3780903059999998,1.5037833762000001,0.9222717849976578,0.004279803454286135,0.5155216502000002,0.24489720349999988
Weddell,215,1.2437959481244505,1.251199039047619,0.9714332348000001,1.05953774875,1.37965756075,1.5212112123000001,0.9263215398142054,0.004226396009206157,0.5497779775,0.32011981199999995
Weddell,216,1.2479639506354503,1.2555386856428572,0.985749487,1.0744006945,1.37354134575,1.5302650921,0.9303153416745935,0.004168002510999802,0.5445156051000001,0.2991406512500001
Weddell,217,1.2520692857082225,1.2496462832142856,0.9758924637999999,1.022079618,1.3734454989999998,1.5475199021000001,0.9342490952670838,0.00410533507277222,0.5716274383000002,0.35136588099999977
Weddell,218,1.2561076794027461,1.2545846075714286,0.9986075334,1.0772419862499998,1.3572417934999998,1.495152931,0.9381187052799383,0.004038393694523634,0.49654539760000005,0.27999980725000007
Weddell,219,1.2600748577789995,1.2468354369047618,0.9982828305,1.07846778425,1.34613364875,1.5289414307,0.9419200764014186,0.0039671783762533774,0.5306586002,0.2676658645000001
Weddell,220,1.263966546896961,1.2484061272142857,0.9967028911,1.13748421325,1.3668956412500002,1.4652075062999999,0.9456491133197861,0.00389168911796145,0.46850461519999986,0.22941142800000014
Weddell,221,1.2677784728166097,1.2510027985714285,0.9947563927,1.10221442725,1.4019396605,1.5010276972,0.9493017207233029,0.00381192591964874,0.5062713045,0.29972523325
Weddell,222,1.2715063615979243,1.2580072762142858,0.9979365371,1.1099731937500001,1.4028200869999998,1.4464515352,0.9528738033002307,0.003727888781314581,0.44851499810000006,0.2928468932499997
Weddell,223,1.2751459393008824,1.2643154344047618,0.9851948205,1.08633876475,1.4169655890000001,1.5068557846,0.9563612657388304,0.0036395777029580856,0.5216609641,0.3306268242500001
Weddell,224,1.2786929319854645,1.2573386787857144,0.9837378621000001,1.1058190904999998,1.40193602775,1.4952135847999999,0.9597600127273653,0.00354699268458214,0.5114757226999997,0.2961169372500001
Weddell,225,1.2821430657116475,1.260994833,0.9548160437,1.1155205907499999,1.39412464675,1.4883539319,0.9630659489540957,0.003450133726182969,0.5335378882000001,0.27860405600000004
Weddell,226,1.2854920665394107,1.2598551932380953,0.9598350489,1.131148609,1.36333129875,1.4676724845,0.9662749791072838,0.0033490008277632377,0.5078374355999999,0.2321826897499999
Weddell,227,1.2887356605287337,1.276794672047619,0.9817236349,1.145069999,1.39106791,1.5220974894000001,0.969383007875192,0.003243593989322946,0.5403738545000001,0.24599791100000012
Weddell,228,1.2918695737395942,1.2856532919523809,1.0470735477,1.14943531425,1.4103862544999999,1.5383522552,0.9723859399460816,0.0031339132108605394,0.4912787075,0.2609509402499999
Weddell,229,1.2948895322319705,1.2983618867619047,1.0823735991,1.148659185,1.430518623,1.5502278644999998,0.9752796800082136,0.00301995849237624,0.46785426539999975,0.2818594379999999
Weddell,230,1.2977906677309696,1.3030202293333333,1.0789375081,1.18016888925,1.460519852,1.5490786693,0.9780595632550597,0.0029011354989991744,0.47014116119999994,0.28035096275000004
Weddell,231,1.3005646412539755,1.3025985131190476,1.0687961757,1.1866527470000001,1.44254675175,1.5599215897999998,0.9807175992297527,0.0027739735230059015,0.4911254140999999,0.2558940047499998
Weddell,232,1.3032018575711921,1.3107174348571429,1.0643732126,1.16924448975,1.4234817545,1.5659851382999999,0.9832445937327907,0.002637216317216584,0.5016119256999998,0.25423726474999997
Weddell,233,1.3056927197200698,1.314310268,1.0794818184,1.17385775925,1.44027324375,1.5650814774,0.9856313509043385,0.002490862148877726,0.485599659,0.2664154845000002
Weddell,234,1.3080276307380587,1.320444278,1.0919516588,1.18409058175,1.45714021675,1.5525890738,0.9878686748845603,0.0023349110179888832,0.4606374150000001,0.273049635
Weddell,235,1.3101969936626097,1.3283900326666667,1.0645023392000001,1.17088412275,1.4560869699999999,1.5751826458,0.9899473698136212,0.002169362924550944,0.5106803065999999,0.2852028472499999
Weddell,236,1.3121912115311714,1.3344034426190476,1.0762512029,1.19904852175,1.4641134557500002,1.5482424679,0.9918582398316842,0.0019942178685616874,0.471991265,0.2650649340000002
Weddell,237,1.3140006873811942,1.3394870104285714,1.0608348038,1.1940864759999998,1.479666833,1.5975731865,0.9935920890789139,0.0018094758500228902,0.5367383827000001,0.2855803570000002
Weddell,238,1.315615824250129,1.3399004740238094,1.1042859379999999,1.2145027570000002,1.485351302,1.5580931470999997,0.9951397216954753,0.0016151368689347745,0.45380720909999983,0.2708485449999998
Weddell,239,1.3170270251754255,1.3342232621190475,1.0557670336,1.20783025575,1.4727719544999998,1.5948583367,0.9964919418215323,0.001411200925296452,0.5390913031,0.26494169874999973
Weddell,240,1.318224693194533,1.3306491145,1.0690204965,1.20348201975,1.4539065305,1.5862176364,0.9976395535972488,0.0011976680191074784,0.5171971398999999,0.25042451075000005
Weddell,241,1.3191992313449026,1.3226893149285714,1.0627623929,1.17809468175,1.4483771395,1.6046922274,0.9985733611627897,9.745381503696304e-4,0.5419298344999999,0.27028245775000004
Weddell,242,1.3199410426639837,1.3175971522142857,1.0703854987,1.178375341,1.4223164122499998,1.5662741978,0.9992841686583189,7.418113190811315e-4,0.4958886991,0.24394107124999986
Weddell,243,1.3204405301892268,1.3120442897380953,1.082506251,1.1615335944999998,1.425889096,1.6377768888999997,0.999762780224001,4.994875252430919e-4,0.5552706378999996,0.2643555015000001
Weddell,244,1.3206880969580816,1.3247363794666667,1.1073214787999999,1.190163045,1.441365996,1.5950009718000002,1,2.475667688548455e-4,0.48767949300000035,0.251202951
Weddell,245,1.3206748657931398,1.3056408673255815,1.1046928052,1.1643165715000001,1.441461268,1.5832623552,0.9999873218283769,-1.3231164941895912e-5,0.47856955,0.27714469649999995
Weddell,246,1.3204003270192592,1.3184986121428572,1.0784123437,1.16146052925,1.4415828984999999,1.5411013842999999,0.9997242573357382,-2.7453877388050607e-4,0.46268904059999993,0.2801223692499999
Weddell,247,1.319869369349859,1.3041944947857143,1.0543461057999999,1.14757061725,1.4321817325,1.5848318458,0.9992154909129155,-5.30957669400145e-4,0.53048574,0.28461111524999994
Weddell,248,1.3190869714714997,1.3119140905714286,1.0411049025,1.1816806869999998,1.44758671775,1.5753461138,0.9984657931634758,-7.82397878359431e-4,0.5342412112999999,0.2659060307500001
Weddell,249,1.3180581120707415,1.2964801436190476,1.0286763920000002,1.138935078,1.4158927385,1.5644702974000002,0.9974799346909866,-0.001028859400758142,0.5357939054,0.2769576604999999
Weddell,250,1.316787769834146,1.3109005237142857,1.0543529479000002,1.1449828215,1.4220663304999999,1.5235339156,0.9962626860990158,-0.0012703422365956119,0.46918096769999984,0.2770835089999999
Weddell,251,1.3152809234482739,1.3029842873333333,1.0867100549,1.158062399,1.42213766,1.5591930368999998,0.9948188179911314,-0.0015068463858720627,0.47248298199999983,0.2640752609999999
Weddell,252,1.3135425515996857,1.310205663952381,1.0537202353000001,1.16167790675,1.43419513075,1.5477382237,0.9931531009709005,-0.0017383718485881605,0.4940179883999998,0.272517224
Weddell,253,1.311577632974943,1.3028709201190476,1.0570901148,1.1503480085,1.42941732775,1.5776128354999999,0.9912703056418913,-0.0019649186247427952,0.5205227206999998,0.27906931925
Weddell,254,1.309391146260605,1.3087673827619049,1.0752212978,1.146186613,1.40020533225,1.5585358313,0.9891752026076702,-0.002186486714337965,0.4833145335,0.2540187192500001
Weddell,255,1.3069880701432344,1.3022029433095237,1.0792862295999999,1.17297614025,1.38964260425,1.5476448396,0.9868725624718065,-0.0024030761173705617,0.4683586100000001,0.216666464
Weddell,256,1.3043733833093911,1.3068375859285715,1.0828197462,1.1805187890000002,1.40062802525,1.5193688339000002,0.9843671558378672,-0.0026146868338432494,0.4365490877000002,0.2201092362499999
Weddell,257,1.3015520644456362,1.3031014762380952,1.0398028136,1.18973624125,1.4021947684999998,1.4993826495,0.9816637533094197,-0.002821318863754918,0.45957983590000007,0.2124585272499997
Weddell,258,1.2985290922385302,1.3100082020238095,1.0478398477,1.1923972517499999,1.42385528425,1.5041807627000001,0.9787671254900315,-0.0030229722071060117,0.4563409150000002,0.2314580325000002
Weddell,259,1.295309445374634,1.3018833544285715,0.9987539822,1.1840169950000001,1.42239233,1.5360541175,0.9756820429832708,-0.0032196468638960862,0.5373001353,0.23837533499999997
Weddell,260,1.2918983354121092,1.2996772830714285,0.9810610145,1.1658527205,1.438320177,1.4952917029,0.9724134995314934,-0.0034111099625249164,0.5142306883999999,0.27246745650000004
Weddell,261,1.2883075438275657,1.301835731047619,0.9610721446,1.1612329135,1.445869996,1.5325059278000002,0.9689727842073619,-0.0035907915845434513,0.5714337832000002,0.2846370825000002
Weddell,262,1.2845561767929852,1.294488226857143,1.0124243847,1.1446518380000001,1.46804960575,1.5241371195,0.9653782046450495,-0.003751367034580566,0.5117127347999999,0.32339776774999995
Weddell,263,1.2806637248672068,1.2924373647857144,1.0023073545,1.1503178087500001,1.45933919325,1.5645609581999997,0.9616484368002323,-0.003892451925778362,0.5622536036999997,0.30902138449999983
Weddell,264,1.2766496786090678,1.2777633671904762,0.9881451797999999,1.15414375075,1.45401719025,1.540416026,0.9578021566285838,-0.004014046258139059,0.5522708462,0.2998734395
Weddell,265,1.2725335285774069,1.2805711813095237,0.971772677,1.1529682862500001,1.4487633962500002,1.5827998318999998,0.9538580400857797,-0.004116150031660881,0.6110271548999998,0.29579511000000003
Weddell,266,1.2683347653310617,1.265734994547619,0.9647201313,1.1388101817499998,1.408129671,1.571567767,0.949834763127494,-0.004198763246345161,0.6068476356999999,0.26931948925000015
Weddell,267,1.264072879428871,1.2677975750476191,0.9740808184,1.1488186440000001,1.3997909677500002,1.6037684603999998,0.9457510017094022,-0.004261885902190787,0.6296876419999997,0.2509723237500001
Weddell,268,1.2597673614296714,1.255458074452381,0.9985577406999999,1.109288296,1.3850263155000002,1.5727588224999998,0.9416254317871776,-0.004305517999199537,0.5742010817999998,0.2757380195000003
Weddell,269,1.2554377018923035,1.2603105989047618,1.0114351944,1.1298742975,1.3844879165000001,1.5837786845,0.9374767293164973,-0.004329659537367858,0.5723434901,0.2546136190000001
Weddell,270,1.2511033913756031,1.2428999538571428,0.9931526,1.0871479860000002,1.3713167305,1.5568819531,0.9333235702530337,-0.0043343105167004126,0.5637293530999999,0.28416874449999985
Weddell,271,1.2467839204384097,1.2525210626666667,0.9663364512,1.08160771175,1.39608528925,1.6117027582999999,0.9291846305524631,-0.004319470937193426,0.6453663070999999,0.31447757749999994
Weddell,272,1.2424987796395606,1.2315875093095239,0.9435591090000001,1.04574875175,1.3685506319999998,1.5524067756,0.9250785861704593,-0.004285140798849119,0.6088476665999999,0.3228018802499999
Weddell,273,1.238267459537895,1.2417492191904762,0.9245562310000001,1.0540916882499998,1.3898646817500002,1.6115852813999998,0.9210241130626984,-0.004231320101665492,0.6870290503999997,0.33577299350000045
Weddell,274,1.23410945069225,1.2296457285333333,0.9230158708,1.017636912,1.355853363,1.5290253854,0.9170398871848536,-0.004158008845644989,0.6060095146,0.3382164510000001
Weddell,275,1.2300441647636942,1.2382611435813953,0.915606624,1.0562996894999999,1.413143029,1.5751823916000003,0.9131445088923437,-0.004065285928555928,0.6595757676000003,0.35684333950000013
Weddell,276,1.226081466783107,1.2163592091904762,0.9039727247,1.0147433325000002,1.37936253975,1.5667154915,0.9093474309094831,-0.0039626979805871265,0.6627427667999999,0.36461920724999985
Weddell,277,1.222212680805387,1.222802870547619,0.9022487135,1.04864209625,1.4340573582499998,1.5704018997,0.9056403399001844,-0.0038687859777200018,0.6681531862,0.38541526199999976
Weddell,278,1.218427000645636,1.2060647481904763,0.9201135024,1.0213047215,1.38465994925,1.5746707620999998,0.9020128813214177,-0.0037856801597511147,0.6545572596999998,0.36335522775000006
Weddell,279,1.2147136201189572,1.2094615096666668,0.9020604289,1.0455907514999998,1.37723846425,1.5660573855000002,0.8984547006301539,-0.003713380526678689,0.6639969566000001,0.33164771275000016
Weddell,280,1.2110617330404532,1.198671412857143,0.867336896,1.0258449324999999,1.3815323032500002,1.5461732281,0.8949554432833636,-0.003651887078504057,0.6788363321,0.35568737075000034
Weddell,281,1.2074605332252268,1.1999404768333333,0.8884077988,1.0431218684999999,1.3662383944999998,1.5287019387999998,0.8915047547380177,-0.0036011998152263303,0.6402941399999998,0.32311652599999996
Weddell,282,1.2038992144883816,1.1990952716190477,0.8833066254,1.04780440375,1.3957303542500001,1.5272192575,0.8880922804510875,-0.003561318736845287,0.6439126321,0.3479259505000001
Weddell,283,1.2003669706450202,1.1877577686666667,0.9230020391,1.03822786175,1.36362350475,1.5042108318,0.8847076658795436,-0.003532243843361371,0.5812087927,0.325395643
Weddell,284,1.1968529955102454,1.189608078404762,0.9410262656,1.0265404925,1.4142281892500002,1.4999981225999999,0.881340556480357,-0.003513975134774805,0.5589718569999998,0.38768769675000025
Weddell,285,1.1933464828991598,1.1821825280238096,0.9290495496000001,0.998768125,1.370573411,1.4972493275,0.8779805977104981,-0.003506512611085588,0.5681997779,0.37180528600000007
Weddell,286,1.1898366266268667,1.193098709547619,0.913858399,1.0158107255,1.40499262075,1.5045096390000001,0.8746174350269382,-0.003509856272293055,0.5906512400000001,0.38918189525000013
Weddell,287,1.1863126205084693,1.1793897727380953,0.9019933735,1.009610656,1.3728078672500001,1.4938352466,0.8712407138866483,-0.003524006118397427,0.5918418731,0.36319721125000015
Weddell,288,1.1827636583590697,1.191585701047619,0.8926670897,1.00480296475,1.3899434955,1.4939916031999998,0.8678400797465986,-0.0035489621493995926,0.6013245134999998,0.38514053075
Weddell,289,1.1791789339937722,1.1830526165714286,0.9181762176000001,0.98635263525,1.3589217500000002,1.4945609967,0.8644051780637612,-0.0035847243652975536,0.5763847790999999,0.3725691147500001
Weddell,290,1.175547641290722,1.1879036658809523,0.9099114276,0.992128046,1.3743670825,1.5108254708,0.8609256543555145,-0.003631292703050182,0.6009140432,0.3822390365
Weddell,291,1.1718599589425256,1.1691362238571428,0.9020334776000001,0.9714171405,1.2931779302500002,1.4972616863,0.8573920977936175,-0.003687682348196386,0.5952282086999998,0.3217607897500001
Weddell,292,1.168109542848204,1.177723469952381,0.8809767293,0.970347675,1.392716093,1.4766165896,0.8537984294272474,-0.0037504160943215847,0.5956398603,0.422368418
Weddell,293,1.164290815966345,1.1621265508333334,0.8411862974000001,0.9736611425,1.3530327557500001,1.4856134197,0.8501393053060808,-0.0038187268818590248,0.6444271222999999,0.37937161325000013
Weddell,294,1.1603982012555383,1.1708555127142857,0.8263366862999999,1.011745203,1.3775740917500001,1.4811519892,0.8464093814797958,-0.0038926147108067077,0.6548153029000001,0.3658288887500001
Weddell,295,1.156426121674372,1.156993824547619,0.8210807197000001,1.0249284730000001,1.342981974,1.4903838561,0.8426033139980693,-0.003972079581166188,0.6693031363999999,0.31805350099999985
Weddell,296,1.1523690001814362,1.1649431288809524,0.835943471,1.04341389775,1.3617293620000002,1.4557928614,0.8387157589105795,-0.004057121492935911,0.6198493904,0.3183154642500001
Weddell,297,1.148221259735319,1.1491921600238095,0.8359001961000001,1.0353846692500002,1.326969986,1.4425153797999999,0.8347413722670033,-0.00414774044611721,0.6066151836999998,0.29158531674999977
Weddell,298,1.1439773232946089,1.1549809215238096,0.827920532,1.0038581142499998,1.332532574,1.4568118122,0.8306748101170177,-0.004243936440710083,0.6288912802,0.3286744597500002
Weddell,299,1.139631613817895,1.1383803258095238,0.8199593886000001,1.0064893625,1.27436224525,1.4613172627,0.8265107285103004,-0.004345709476713866,0.6413578740999999,0.2678728827500001
Weddell,300,1.1351785542637667,1.143963608404762,0.8257050265,0.9912354864999999,1.30771916175,1.4498983771,0.8222437834965292,-0.004453059554128336,0.6241933506,0.31648367525
Weddell,301,1.130612567590812,1.1212769907380953,0.8458485249000001,0.9700215882500001,1.2693584012499999,1.4171382338999998,0.8178686311253808,-0.004565986672954603,0.5712897089999998,0.2993368129999998
Weddell,302,1.1259280767576207,1.1246541218333332,0.8517632448,0.95926580725,1.28981091675,1.4379395412,0.8133799274465333,-0.004684490833191335,0.5861762964,0.33054510950000004
Weddell,303,1.12111950472278,1.1083600305238095,0.8403857094999999,0.9554226035000001,1.28519384725,1.3856725994999999,0.8087723285096626,-0.004808572034840752,0.54528689,0.3297712437499999
Weddell,304,1.1161812744448805,1.115976254642857,0.8280934382999999,0.95434977275,1.3161271865,1.3691059786,0.8040404903644479,-0.004938230277899525,0.5410125403,0.36177741374999994
Weddell,305,1.1111078088825106,1.1077709148913044,0.8022427569999999,0.9476289134999999,1.3077722622499999,1.4077233575,0.799179069060566,-0.005073465562369872,0.6054806005000002,0.36014334875
Weddell,306,1.1058937607861803,1.1022186505348837,0.7956521752,0.9337035579999999,1.2761383450000001,1.3899377676000002,0.7941829408355181,-0.005214048096330304,0.5942855924000002,0.3424347870000002
Weddell,307,1.1005353105631024,1.099973308395349,0.8081128864,0.9272202695,1.2467491475,1.4037291488000003,0.789048445735468,-0.005358450223077904,0.5956162624000003,0.31952887800000007
Weddell,308,1.095029261816181,1.0964563247619048,0.8340378829,0.9277943165,1.250018901,1.4089257658999998,0.7837725209559584,-0.005506048746921399,0.5748878829999998,0.3222245845
Weddell,309,1.0893724199866557,1.0934937970232559,0.8390186872,0.9161680885,1.2565505885000001,1.388287973,0.778352105454035,-0.005656841829525305,0.5492692858,0.34038250000000014
Weddell,310,1.0835615905157674,1.087841357952381,0.8557085994,0.92607706425,1.264196799,1.3862472064999998,0.7727841381867445,-0.00581082947088829,0.5305386070999998,0.33811973475
Weddell,311,1.077593578844755,1.0872073969534883,0.8129164307999999,0.909429374,1.2716169325,1.3797632632,0.767065558111132,-0.005968011671012352,0.5668468324000002,0.36218755849999995
Weddell,312,1.0714651904148595,1.0747394045238094,0.8268607286999999,0.90857300975,1.25249986,1.3981186707,0.761193304184244,-0.006128388429895493,0.571257942,0.3439268502499999
Weddell,313,1.0651732306673207,1.0674078837209302,0.808673089,0.8889831955,1.28197981,1.3645708090000002,0.7551643153631266,-0.006291959747538822,0.5558977200000002,0.3929966144999999
Weddell,314,1.0587145050433784,1.0504403906428572,0.7849054397999999,0.88780258475,1.23698749725,1.3732251538,0.7489755306048254,-0.006458725623942341,0.588319714,0.34918491249999994
Weddell,315,1.052085818984273,1.0451435522790697,0.7878448259999999,0.865714068,1.235030419,1.3204252426,0.7426238888663867,-0.006628686059105382,0.5325804166000001,0.36931635100000015
Weddell,316,1.0452839779312442,1.034821256952381,0.7893657673,0.87886660325,1.15974702625,1.4157481399999998,0.7361063291048562,-0.006801841053028834,0.6263823726999999,0.28088042300000005
Weddell,317,1.0383057873255321,1.0326619884186046,0.7744314526,0.86705323,1.1887737535,1.3405028058000001,0.7294197902772801,-0.006978190605712031,0.5660713532000001,0.3217205235
Weddell,318,1.0311480526083774,1.0218808686190477,0.7505779592999999,0.8686724590000001,1.1273817797499999,1.4226898503999998,0.7225612113407046,-0.007157734717154751,0.6721118910999999,0.25870932074999975
Weddell,319,1.023807579221019,1.025853224860465,0.750211149,0.8662548445,1.1634283435,1.3787994600000002,0.715527531252175,-0.007340473387358326,0.6285883110000002,0.2971734989999999
Weddell,320,1.016281172604698,1.0124464337857142,0.7527417928000001,0.8541912647500001,1.1289101465,1.4392796047,0.7083156889687381,-0.00752640661632098,0.6865378119,0.2747188817499999
Weddell,321,1.0085657273514992,1.0148269773488372,0.739202108,0.8516543395,1.1513219105,1.3998008908,0.7009227088722467,-0.007715445253198894,0.6605987828,0.2996675710000001
Weddell,322,1.0006593483653872,0.9961801048571428,0.7074047978,0.83112647775,1.1562139682500001,1.4276054846,0.6933467750717431,-0.007906378986112017,0.7202006867999999,0.3250874905000001
Weddell,323,0.9925610128021959,1.002703332627907,0.7060694336,0.8239771005000001,1.1570006634999999,1.4003759956000001,0.6855869074725843,-0.008098335563191283,0.6943065620000002,0.3330235629999998
Weddell,324,0.984269717074345,0.9831474872142857,0.6837802165000001,0.8061803919999999,1.151250112,1.3703605150999998,0.6776421444318885,-0.008291295727850923,0.6865802985999997,0.34506972000000014
Weddell,325,0.9757844575942517,0.9883042297906977,0.6767431628,0.8046797274999999,1.1646539150000002,1.3521674554,0.6695115243067719,-0.008485259480093266,0.6754242926,0.3599741875000002
Weddell,326,0.9671042307743353,0.9625139484047619,0.6692782588999999,0.7753973682499999,1.129840629,1.2974268854999997,0.6611940854543522,-0.008680226819916426,0.6281486265999998,0.3544432607500001
Weddell,327,0.9582280330270126,0.9682025876046512,0.6699032364,0.799549112,1.140529734,1.3077448835999999,0.6526888662317453,-0.008876197747322623,0.6378416471999998,0.340980622
Weddell,328,0.949154860764703,0.9437548251190476,0.6662093954,0.77650717,1.1178621434999998,1.2713617343999999,0.643994904996069,-0.009073172262309637,0.6051523389999999,0.34135497349999977
Weddell,329,0.9398837103998241,0.9523156630232558,0.6587892856,0.797048603,1.132594676,1.278002943,0.63511124010444,-0.00927115036487891,0.6192136573999999,0.33554607300000006
Weddell,330,0.9304135783447948,0.9251559220714286,0.6401694551999999,0.7544317455,1.0710131980000002,1.241595327,0.6260369099139756,-0.009470132055029334,0.6014258718000001,0.31658145250000014
Weddell,331,0.9207434610120322,0.9313696667441861,0.6371704410000001,0.738723585,1.0708987495,1.2521102724,0.6167709527817921,-0.009670117332762573,0.6149398313999999,0.33217516449999995
Weddell,332,0.9108723548139556,0.9046715553333333,0.6367607363,0.720737957,1.0483219990000001,1.2268896583,0.607312407065007,-0.009871106198076629,0.590128922,0.32758404200000013
Weddell,333,0.9007992561629824,0.9120975859302326,0.6331707976,0.7258148405,1.0509318865,1.214725561,0.5976603111207369,-0.010073098650973167,0.5815547634000001,0.3251170459999999
Weddell,334,0.8905231614715313,0.8866063427857143,0.632420252,0.7260234,1.0213006685,1.1896602872,0.587813703306099,-0.010276094691451076,0.5572400352,0.2952772684999999
Weddell,335,0.8800430671520205,0.8908545528913043,0.6378564744999999,0.7218335537499999,1.0141385965,1.1847751130000002,0.5777716219782103,-0.010480094319510802,0.5469186385000002,0.29230504275000013
Weddell,336,0.8693582929455984,0.8673862527674419,0.6343811802,0.6988727295,0.976015297,1.1390979764,0.5675334153094723,-0.01068477420642211,0.5047167962,0.2771425675
Weddell,337,0.8584795733909194,0.8758646073333334,0.6377433453,0.6828545205,1.0246114625,1.1758222982999997,0.5571093691911088,-0.010878719554679006,0.5380789529999997,0.34175694200000006
Weddell,338,0.8474318358645954,0.8500850412682927,0.629316943,0.679645191,0.952411613,1.097046591,0.5465233691660925,-0.011047737526324042,0.46772964800000005,0.272766422
Weddell,339,0.8362408949572758,0.8505534364047619,0.6228013516,0.66761516975,1.0114677522500002,1.1228312638999998,0.5358001509105391,-0.011190940907319535,0.5000299122999997,0.34385258250000017
Weddell,340,0.8249325652596097,0.8208348410487805,0.610629877,0.652384789,0.899062199,1.090420583,0.5249644501005636,-0.011308329697666153,0.47979070599999996,0.24667740999999999
Weddell,341,0.8135326613622461,0.819634596547619,0.6025044295,0.63895496025,0.95140469925,1.0920777809,0.5140410024122813,-0.011399903897363561,0.4895733513999999,0.31244973900000006
Weddell,342,0.8020669978558344,0.7889761881219512,0.593612966,0.621986204,0.886141274,0.988948053,0.5030545435218076,-0.01146566350641176,0.395335087,0.26415506999999994
Weddell,343,0.7905613893310224,0.7865683308095238,0.5974808961,0.61603665175,0.9036265595,1.0100332888999999,0.49202980910525657,-0.011505608524811972,0.4125523927999999,0.28758990775000004
Weddell,344,0.7790416503784606,0.7636880357804878,0.577859895,0.615316022,0.865184254,0.962803657,0.48099153483874474,-0.011519738952561753,0.384943762,0.24986823199999997
Weddell,345,0.7675335955887977,0.7642814558333333,0.5816074932,0.61459724675,0.8899025002500001,0.9504126917000001,0.4699644563983869,-0.01150805478966288,0.36880519850000004,0.2753052535
Weddell,346,0.7560630395526828,0.7420958220487804,0.572495865,0.610866613,0.85702793,0.925406845,0.4589733094602983,-0.01147055603611491,0.35291098,0.246161317
Weddell,347,0.7446557968607644,0.7440673317619048,0.5774868266000001,0.6122977975,0.871726113,0.9519124879,0.4480428297005936,-0.011407242691918396,0.3744256613,0.2594283155
Weddell,348,0.7333376821036927,0.7226874012439024,0.576684343,0.615273721,0.817334071,0.941889154,0.437197752795389,-0.011318114757071784,0.3652048109999999,0.20206035
Weddell,349,0.7221345098721158,0.7238774262142857,0.5646801304,0.61202679425,0.832531404,0.9428018703999999,0.42646281442079903,-0.011203172231576852,0.3781217399999999,0.22050460975000008
Weddell,350,0.7110720947566832,0.7027385323414634,0.564400116,0.606646553,0.802690841,0.888492727,0.415862750252939,-0.0110624151154326,0.3240926110000001,0.19604428799999996
Weddell,351,0.7001762130879574,0.7043352819761904,0.5661751105999999,0.60637822825,0.7990166555,0.9055315072,0.40542225930690867,-0.010895881668725793,0.33935639660000005,0.19263842725000002
Weddell,352,0.6894653292348838,0.6803110502682926,0.566513155,0.603604812,0.760245166,0.855630503,0.3951590342378469,-0.010710883853073616,0.289117348,0.15664035399999998
Weddell,353,0.6789419696387659,0.6878400278809523,0.557127631,0.60173137725,0.77711442825,0.8950135536999999,0.38507549589505763,-0.010523359596117943,0.33788592269999995,0.17538305099999996
Weddell,354,0.6686065613334518,0.6606101891219512,0.557628194,0.576701916,0.734348599,0.818939416,0.3751720534646134,-0.010335408305314098,0.261311222,0.15764668300000007
Weddell,355,0.6584595313527877,0.6676578375238095,0.5508790009,0.58381375925,0.741124244,0.850432113,0.3654491161325847,-0.01014702998066408,0.2995531121,0.15731048474999998
Weddell,356,0.6485013067306215,0.643067633097561,0.539877867,0.574455694,0.730901344,0.810162017,0.35590709308504354,-0.009958224622166223,0.27028415000000006,0.15644565
Weddell,357,0.6387323145008007,0.6462215716904762,0.5166188979,0.56108005075,0.7203142697499999,0.8190642818,0.3465463935080618,-0.00976899222982075,0.3024453839,0.1592342189999999
Weddell,358,0.629152981697172,0.623445989,0.516845412,0.551204836,0.69536093,0.797199532,0.3373674265877105,-0.00957933280362866,0.28035412000000004,0.14415609399999996
Weddell,359,0.6197637353535834,0.6258054893571429,0.5084177936,0.5488714095,0.6839693874999999,0.7951156702,0.3283706015100618,-0.00938924634358862,0.2866978766,0.1350979779999999
Weddell,360,0.6105650025038813,0.6063530686097561,0.496036261,0.542348293,0.669903541,0.752595552,0.31955632746118645,-0.009198732849702074,0.25655929099999997,0.12755524800000007
Weddell,361,0.6015572101819144,0.6091145688809524,0.4684162574,0.5345876589999999,0.66504535575,0.7895851308,0.31092501362715735,-0.009007792321966912,0.32116887340000005,0.13045769675000007
Weddell,362,0.5927407854215283,0.588267969390244,0.461177959,0.527569662,0.658712682,0.731454509,0.3024770691940445,-0.008816424760386132,0.27027654999999995,0.13114302
Weddell,363,0.5841161552565715,0.5909874250238095,0.4574514919,0.5265494447499999,0.65662799625,0.7670156831999999,0.2942129033479205,-0.008624630164956848,0.3095641912999999,0.13007855150000014
Weddell,364,0.5756837467208914,0.5719249849268293,0.458749369,0.514222737,0.633281959,0.715292629,0.28613292527485723,-0.008432408535680058,0.25654326,0.11905922199999996
Weddell,365,0.5674439868483342,0.5711608354047619,0.4499811821,0.50862005075,0.6439565389999999,0.7410760926,0.27823754416092505,-0.008239759872557206,0.29109491049999997,0.1353364882499999
Weddell,366,0.5593973026727475,0.5387445566363637,0.43995046,0.48748467900000003,0.5870143409999999,0.642094704,0.2705271691921958,-0.008046684175586738,0.20214424400000003,0.09952966199999991
East_Antarctica,1,0.9728874335022832,0.9545293594888888,0.7635149402000001,0.872995597,1.043448217,1.1096784802,0.16538775061020203,NA,0.3461635399999998,0.17045261999999994
East_Antarctica,2,0.9580753860773158,0.9658018249268293,0.839807658,0.905377367,1.041573534,1.100477122,0.15972447877063864,-0.014812047424967445,0.260669464,0.13619616700000003
East_Antarctica,3,0.9436672630460021,0.95256957835,0.8297389908,0.900542981,1.02325775425,1.0876629072000001,0.15421564430075554,-0.014408123031313669,0.2579239164000001,0.12271477325000013
East_Antarctica,4,0.9296456882029955,0.9384135349756098,0.810378385,0.889882328,0.984270046,1.08015788,0.14885460354275215,-0.01402157484300659,0.269779495,0.09438771800000001
East_Antarctica,5,0.9159932853429521,0.92259381385,0.7837456798,0.8648363175,0.9847077909999999,1.0544521088,0.14363471283882884,-0.013652402860043433,0.2707064290000001,0.11987147349999994
East_Antarctica,6,0.9026926782605216,0.9079362783170731,0.771426793,0.855098854,0.949160362,1.044451439,0.1385493285311836,-0.013300607082430527,0.27302464599999987,0.09406150800000002
East_Antarctica,7,0.8897264907503593,0.896168011775,0.7645141938,0.8420137092500001,0.974570514,1.0253532452999998,0.13359180696201658,-0.01296618751016232,0.26083905149999986,0.13255680474999998
East_Antarctica,8,0.8770773466071197,0.8793162320487805,0.757843708,0.811803629,0.928055691,1.016675947,0.1287555044735276,-0.012649144143239588,0.25883223899999996,0.11625206199999993
East_Antarctica,9,0.8647278696254549,0.867247184725,0.7350787888999999,0.7804754519999999,0.93769081825,0.9941007616,0.1240337774079155,-0.012349476981664775,0.25902197270000016,0.1572153662500001
East_Antarctica,10,0.8526606836000175,0.8516058445853658,0.728814637,0.761420047,0.927556206,0.986859858,0.11941998210737939,-0.012067186025437437,0.25804522099999994,0.166136159
East_Antarctica,11,0.840858412325465,0.847348450975,0.7095927994,0.7490402615,0.9170417315,0.9820241778000001,0.11490747491412026,-0.011802271274552467,0.2724313784000001,0.16800146999999999
East_Antarctica,12,0.8293036795964469,0.8295189804878049,0.693633378,0.751656942,0.890428099,0.979298346,0.11048961217033597,-0.01155473272901808,0.28566496799999996,0.13877115699999998
East_Antarctica,13,0.817979109207618,0.82237714355,0.6865851782,0.743449606,0.8914184039999999,0.9766631619,0.10615975021822645,-0.011324570388828947,0.29007798370000004,0.14796879799999996
East_Antarctica,14,0.8068673249536318,0.7998351569285714,0.68248941,0.71566985925,0.86717757075,0.9585404979,0.10191124539999115,-0.011111784253986179,0.2760510879,0.15150771149999998
East_Antarctica,15,0.7959509506291419,0.7954480281707317,0.650794053,0.710669864,0.866997484,0.929687646,0.09773745405782952,-0.010916374324489886,0.27889359299999994,0.15632762
East_Antarctica,16,0.7852126100288014,0.7798272322380952,0.6498960576999999,0.69805166425,0.8467942255,0.9019146837,0.09363173253394083,-0.010738340600340512,0.25201862600000013,0.14874256125000007
East_Antarctica,17,0.7746362596811479,0.775799871609756,0.616492973,0.696899731,0.841903913,0.902834257,0.08958794673102344,-0.010576350347653474,0.2863412839999999,0.14500418199999998
East_Antarctica,18,0.7642159737391562,0.7586861551428571,0.617842198,0.6669935245,0.8306059564999999,0.8923362287999999,0.0856038309472725,-0.010420285941991736,0.2744940307999999,0.16361243199999986
East_Antarctica,19,0.7539504680936271,0.7517461894634146,0.60338526,0.664181185,0.830830157,0.865578778,0.0816788942134616,-0.010265505645529083,0.262193518,0.16664897199999995
East_Antarctica,20,0.7438384829234111,0.7430534699761905,0.6020618315999999,0.6576485515,0.82133540075,0.8680430216999999,0.0778126548467123,-0.010111985170215942,0.2659811901,0.16368684925
East_Antarctica,21,0.7338787584073582,0.7344523983414634,0.581974259,0.660829649,0.811105093,0.851534179,0.07400463116414595,-0.009959724516052981,0.26955991999999995,0.15027544400000004
East_Antarctica,22,0.7240700347243187,0.7234033742857143,0.5629197256,0.6300696502500001,0.8058485885,0.8362114,0.07025434148288416,-0.009808723683039422,0.2732916744,0.1757789382499999
East_Antarctica,23,0.714411052053143,0.7184892924634146,0.536626402,0.649599085,0.798345923,0.837850718,0.06656130412004838,-0.009658982671175709,0.301224316,0.148746838
East_Antarctica,24,0.7049005505726812,0.7029927771428571,0.5485828372000001,0.617733312,0.7884873915,0.8450728199,0.06292503739276006,-0.009510501480461842,0.29648998269999993,0.1707540795
East_Antarctica,25,0.6955372704617834,0.6973987420487805,0.51847261,0.615371781,0.791845697,0.841911799,0.05934505961814069,-0.00936328011089782,0.323439189,0.17647391599999995
East_Antarctica,26,0.6863199518992998,0.6820487416190476,0.5183886163000001,0.5860124932499999,0.76450334625,0.8261867229,0.05582088911331173,-0.009217318562483534,0.30779810659999984,0.17849085300000012
East_Antarctica,27,0.6772473350640812,0.6767767575609757,0.513553933,0.598787297,0.765310975,0.802279503,0.05235204419539482,-0.00907261683521865,0.28872557,0.166523678
East_Antarctica,28,0.6683181601349767,0.6665522594761905,0.5157431173,0.5807734337499999,0.75614617175,0.7899191091,0.048938043181511064,-0.0089291749291045,0.27417599179999996,0.17537273800000008
East_Antarctica,29,0.6595311672908376,0.6633296004634146,0.498571335,0.577202966,0.752927859,0.803322029,0.045578404388782356,-0.008786992844139085,0.30475069400000004,0.17572489300000005
East_Antarctica,30,0.6508850967105138,0.6518796786904761,0.5037995671,0.55883336775,0.7363326217499999,0.783159129,0.042272646134330016,-0.00864607058032385,0.2793595619,0.17749925399999988
East_Antarctica,31,0.6423786885728554,0.6445302840487804,0.476655432,0.556417042,0.723997687,0.773306246,0.03902028673527554,-0.00850640813765835,0.296650814,0.16758064500000003
East_Antarctica,32,0.6340117611470258,0.6240503846956522,0.47458988999999996,0.5277001965,0.70652195925,0.7647145645,0.035821256708238255,-0.008366927425829562,0.2901246745,0.17882176275000006
East_Antarctica,33,0.6258013790040621,0.6247581132926829,0.477886142,0.52494354,0.709320391,0.758886378,0.032682080560049336,-0.008210382142963768,0.281000236,0.184376851
East_Antarctica,34,0.6177784773055212,0.6157025261190476,0.46002762070000003,0.51924299375,0.7085952535000001,0.747853047,0.02961458611060917,-0.008022901698540919,0.28782542629999996,0.18935225975000003
East_Antarctica,35,0.6099743841030165,0.6119929908780488,0.4584167,0.523704113,0.701820736,0.749850112,0.02663075139829425,-0.007804093202504636,0.29143341199999995,0.17811662299999997
East_Antarctica,36,0.602420427448161,0.6050324828809523,0.4654504371,0.51534015275,0.69024442025,0.7259708614,0.023742554461480866,-0.007553956654855476,0.2605204243,0.1749042675
East_Antarctica,37,0.5951479353925654,0.6030770322439024,0.48150484,0.500747037,0.688184402,0.724956143,0.020961973338544448,-0.0072724920555956585,0.243451303,0.18743736499999997
East_Antarctica,38,0.5881882359878442,0.5895925632142857,0.4470331689,0.4991015045,0.6723036337499999,0.7225288839999999,0.01830098606786196,-0.006959699404721187,0.2754957150999999,0.1732021292499999
East_Antarctica,39,0.581572657285608,0.5856795818536585,0.448422719,0.489390055,0.663180604,0.719490085,0.0157715706878088,-0.006615578702236169,0.271067366,0.17379054900000002
East_Antarctica,40,0.5753325273374722,0.5767790408571428,0.44010793499999995,0.485098205,0.6669194655,0.7169552277000001,0.013385705236762182,-0.006240129948135831,0.27684729270000014,0.18182126050000003
East_Antarctica,41,0.5694991741950466,0.572831791902439,0.439400434,0.488267627,0.656793998,0.70776842,0.011155367753097242,-0.005833353142425612,0.26836798599999995,0.16852637100000006
East_Antarctica,42,0.5641039259099456,0.5660074056190476,0.42252315130000007,0.46654139274999995,0.6552412387500001,0.6971381554,0.00909253627519086,-0.005395248285100962,0.27461500409999995,0.18869984600000012
East_Antarctica,43,0.5591781105337812,0.564428405609756,0.427037493,0.474927146,0.652821707,0.69479041,0.007209188841418939,-0.004925815376164433,0.267752917,0.17789456099999995
East_Antarctica,44,0.5547530561181655,0.5582685657142857,0.41420697810000007,0.47434660874999995,0.63443229175,0.6970523366999999,0.005517303490157508,-0.004425054415615692,0.2828453585999998,0.1600856830000001
East_Antarctica,45,0.5508600907147114,0.5553984514390244,0.421679062,0.476189104,0.635705245,0.688281792,0.0040288582597828495,-0.003892965403454074,0.26660272999999995,0.15951614100000006
East_Antarctica,46,0.5475305423750323,0.5461201493333333,0.4306922624,0.46530511825,0.61829413975,0.6804083752000001,0.002755831188671419,-0.0033295483396791337,0.24971611280000006,0.15298902150000004
East_Antarctica,47,0.5447956712929123,0.5461019383902439,0.42625782,0.473417842,0.611776951,0.697979485,0.0017101743702832245,-0.002734871082120005,0.27172166499999995,0.13835910899999998
East_Antarctica,48,0.5426836639538906,0.5403579321904762,0.4254688997,0.45529360750000003,0.610003368,0.6638638469,9.026646894897698e-4,-0.0021120073390217264,0.23839494719999998,0.15470976049999996
East_Antarctica,49,0.5412184418534015,0.5412518673658536,0.398135458,0.468518117,0.60909749,0.705201314,3.4244834516329955e-4,-0.0014652221004890498,0.30706585599999997,0.140579373
East_Antarctica,50,0.5404236123302735,0.5368981630476191,0.3916992092,0.46152592125,0.6075587695,0.6761459650999999,3.8551420826081106e-5,-7.948295231280378e-4,0.2844467558999999,0.14603284824999996
East_Antarctica,51,0.5403227827233338,0.535774959707317,0.3904221,0.454709625,0.609842983,0.685031226,0,-1.0082960693968968e-4,0.294609126,0.15513335799999994
East_Antarctica,52,0.5409395603714109,0.537239255,0.4102453733,0.45754534449999995,0.6193575365,0.6664818601,2.3582016620736615e-4,6.167776480771048e-4,0.2562364868,0.16181219200000008
East_Antarctica,53,0.5422975526133326,0.5371643795853659,0.417680558,0.458295695,0.621541679,0.691904646,7.550380029702348e-4,0.0013579922419216794,0.27422408800000003,0.163245984
East_Antarctica,54,0.5444203667879268,0.5395879125238096,0.4063867171,0.44906000175,0.61736008725,0.6810989842999999,0.001566679593810746,0.0021228141745942564,0.2747122671999999,0.16830008550000003
East_Antarctica,55,0.547331610234021,0.5448625112926829,0.402835129,0.446877662,0.629181709,0.716018885,0.0026797710222507855,0.0029112434460941694,0.313183756,0.18230404700000002
East_Antarctica,56,0.5510548902904435,0.5510166316428572,0.41110151440000003,0.470137613,0.621040015,0.7210502715999999,0.004103338371812663,0.003723280056422529,0.30994875719999987,0.15090240199999994
East_Antarctica,57,0.5556138142960223,0.5497670676829268,0.405032542,0.464114829,0.618314763,0.72610157,0.005846407726018476,0.004558924005578779,0.321069028,0.15419993399999998
East_Antarctica,58,0.5610319895895846,0.5563252548333333,0.4038054612,0.46710877524999994,0.63169322025,0.7370865392999999,0.007918005168390068,0.005418175293562255,0.3332810780999999,0.16458444500000002
East_Antarctica,59,0.5673330235099581,0.5637785474390243,0.402310185,0.469651866,0.638304988,0.716658577,0.010327156782449493,0.006301033920373511,0.31434839200000003,0.16865312200000004
East_Antarctica,60,0.5745405233959722,0.5875911345882353,0.4133241038,0.48381586575,0.6661841755000001,0.7618825944999998,0.013082888651719402,0.0072074998860141015,0.34855849069999983,0.18236830975000007
East_Antarctica,61,0.5826780965864529,0.5739360794761905,0.39683961240000004,0.48692260225,0.6737275765,0.7307729897999999,0.016194226859721172,0.008137573190480696,0.3339333773999999,0.18680497425000003
East_Antarctica,62,0.5917692701148698,0.5883712711666667,0.4089856902,0.48545956775,0.677816587,0.749352101,0.019670166785843907,0.00909117352841693,0.3403664108000001,0.19235701925000004
East_Antarctica,63,0.6018103474980866,0.5947627015365854,0.39883466,0.48771999,0.681641935,0.766292634,0.023509295108333307,0.010041077383216801,0.367457974,0.19392194500000004
East_Antarctica,64,0.6127308984998667,0.6094097079761904,0.45050578399999996,0.49999254875,0.7031039385,0.7869238923999999,0.0276846833707722,0.010920551001780132,0.33641810839999997,0.20311138974999998
East_Antarctica,65,0.6244504547141361,0.6137476172926829,0.430953148,0.513045534,0.693780617,0.801856113,0.032165565100098534,0.011719556214269344,0.37090296500000003,0.18073508300000007
East_Antarctica,66,0.6368885477348183,0.6349666271666666,0.4722463269,0.54494261175,0.742684634,0.8135069590999999,0.036921173823249415,0.012438093020682217,0.3412606321999999,0.19774202224999993
East_Antarctica,67,0.6499647091558375,0.6480843261951219,0.434209656,0.563658928,0.748847086,0.833292112,0.0419207430671621,0.013076161421019195,0.399082456,0.1851881580000001
East_Antarctica,68,0.6635984705711194,0.6744014801428572,0.4874342882,0.577567529,0.775251558,0.8542611821,0.0471335063587745,0.013633761415281942,0.3668268939,0.19768402900000004
East_Antarctica,69,0.677709363574588,0.6833337190731708,0.497231633,0.59173083,0.782815905,0.857538732,0.0525286972250238,0.014110893003468572,0.36030709899999996,0.19108507499999994
East_Antarctica,70,0.6922169197601676,0.7051266604285714,0.5185668897,0.62840071275,0.79923258525,0.8743341027,0.05807554919284738,0.01450755618557964,0.355767213,0.17083187249999998
East_Antarctica,71,0.7070406707217833,0.7155528820487805,0.493195993,0.645687651,0.815099866,0.888401212,0.06374329578918288,0.0148237509616157,0.395205219,0.16941221499999992
East_Antarctica,72,0.7221001480533604,0.7338352611428571,0.5889755399,0.65859592675,0.8193540725,0.8908848180000001,0.069501170540968,0.015059477331577087,0.3019092781000001,0.16075814575000003
East_Antarctica,73,0.7373148833488219,0.7377667624146341,0.506991171,0.66485249,0.827230648,0.903994203,0.0753184069751396,0.015214735295461468,0.397003032,0.162378158
East_Antarctica,74,0.7526044082020936,0.7592700584523809,0.617231828,0.6755502585000001,0.854070293,0.9162701876999999,0.08116423861863563,0.01528952485327173,0.2990383596999999,0.17852003449999998
East_Antarctica,75,0.7678882542070995,0.7674988707560976,0.515386293,0.709086626,0.868750047,0.936850197,0.08700789899839326,0.015283846005005874,0.421463904,0.15966342099999997
East_Antarctica,76,0.7830859529577641,0.7877891791666667,0.6192829844,0.7183398115,0.88625146025,0.9518243285,0.09281862164134994,0.015197698750664568,0.3325413441,0.16791164874999998
East_Antarctica,77,0.7981170360480125,0.7943893106829268,0.557048634,0.735872993,0.875990982,0.968284826,0.09856564007444335,0.015031083090248476,0.41123619199999994,0.14011798900000005
East_Antarctica,78,0.8129185901260297,0.8156473504761904,0.6304707093999999,0.7454904195000001,0.89402026025,0.9920227147999999,0.10422489986391124,0.014801554078017198,0.3615520054,0.14852984074999998
East_Antarctica,79,0.8275072817707829,0.8166049858536586,0.591856814,0.759718362,0.894874738,1.010915131,0.1098027733473933,0.014588691644753182,0.41905831699999996,0.13515637599999997
East_Antarctica,80,0.8419223161905325,0.840945410047619,0.6537451705999999,0.775013834,0.92046448375,1.0228945211,0.11531425033322155,0.014415034419749562,0.3691493505000001,0.14545064975
East_Antarctica,81,0.85620290003638,0.8493927075609756,0.660220685,0.794731681,0.936357024,1.029219668,0.12077432118138723,0.014280583845847516,0.3689989830000001,0.14162534299999996
East_Antarctica,82,0.8703882399594259,0.8717835447619048,0.6741539167,0.8035549612499999,0.965103794,1.0400006947999998,0.12619797625188112,0.014185339923045936,0.36584677809999977,0.1615488327500001
East_Antarctica,83,0.884517542610773,0.8736440335121951,0.652279624,0.814096585,0.969522171,1.056127763,0.13160020590469484,0.014129302651347042,0.40384813900000016,0.155425586
East_Antarctica,84,0.8986300146415216,0.9020557195714286,0.6910386013,0.832220753,1.00299082575,1.0824351652,0.13699600049981916,0.014112472030748613,0.3913965638999999,0.17077007275
East_Antarctica,85,0.9127648627027751,0.9065580410243902,0.705320942,0.83835505,0.995037611,1.105161446,0.14240035039724602,0.014134848061253535,0.39984050400000015,0.156682561
East_Antarctica,86,0.9269612934456355,0.9361037327142857,0.7338676609,0.84508958,1.03017604775,1.1193476206000001,0.14782824595696673,0.014196430742860366,0.38547995970000015,0.18508646774999993
East_Antarctica,87,0.9412585135212032,0.9395899624146341,0.737577332,0.867628972,1.005935482,1.14652142,0.15329467753897205,0.014297220075567663,0.40894408800000004,0.13830650999999994
East_Antarctica,88,0.9556957295805795,0.9629954137857143,0.7867969770000001,0.8861304402499999,1.0344155575,1.1469851508,0.15881463550325317,0.014437216059376312,0.3601881737999999,0.14828511725000015
East_Antarctica,89,0.970312148274868,0.9636871909756097,0.758080079,0.90162473,1.032056122,1.164167057,0.164403110209802,0.014616418694288535,0.40608697800000004,0.13043139199999998
East_Antarctica,90,0.9851469762551682,0.9869794049047619,0.8012921629,0.910927483,1.0604556112499999,1.1665138138,0.17007509201860896,0.014834827980300225,0.3652216508999999,0.14952812824999984
East_Antarctica,91,1.000239420172583,1.0179873195333333,0.8276745785999999,0.931376653,1.085833269,1.2022957438000001,0.1758455712896658,0.015092443917414822,0.3746211652000002,0.15445661600000005
East_Antarctica,92,1.015628686678215,1.0157166541627907,0.8469213657999999,0.9211030445,1.1024772215,1.1673705098,0.18172953838296402,0.015389266505631882,0.32044914400000013,0.18137417700000003
East_Antarctica,93,1.0313492643807192,1.022446069,0.870386511,0.934624575,1.124602042,1.190658636,0.1877401797514348,0.015720577702504235,0.320272125,0.18997746700000007
East_Antarctica,94,1.047394577445242,1.050454356952381,0.9189290737,0.9532483192500001,1.14510787875,1.2079937454,0.19387498117545135,0.016045313064522837,0.28906467170000005,0.1918595594999999
East_Antarctica,95,1.0637369062170843,1.049004617292683,0.85741328000000006,0.954913093,1.146175893,1.209202132,0.20012334425930534,0.016342328771842274,0.3517888519999999,0.19126279999999984
East_Antarctica,96,1.080348356299228,1.0830701425238096,0.9425242665000001,0.990334839,1.16746562575,1.2282685272,0.20647460379591356,0.01661145008214371,0.2857442606999999,0.17713078675000005
East_Antarctica,97,1.0972010332946602,1.0823322567804878,0.922741475,0.97907972,1.181228822,1.251287301,0.21291809457819472,0.016852676995432248,0.32854582600000004,0.20214910200000002
East_Antarctica,98,1.1142670428063666,1.1153351645238094,0.9427886083,1.01799629025,1.21553909,1.2893167251000002,0.219443151399067,0.017066009511706337,0.3465281168000002,0.1975427997500001
East_Antarctica,99,1.1315184904373314,1.1146296853414634,0.965773613,1.008605756,1.204770592,1.306971699,0.22603910905144814,0.017251447630964867,0.341198086,0.19616483600000012
East_Antarctica,100,1.148927481790542,1.1559935591904762,0.989686194,1.0700609075,1.25254507775,1.3285156939,0.23269530232825683,0.0174089913532105,0.3388294999,0.18248417024999997
East_Antarctica,101,1.166466122468982,1.1572044882195123,0.977318563,1.08623481,1.252059305,1.331797426,0.23940106602241062,0.01753864067844013,0.3544788630000001,0.16582449499999985
East_Antarctica,102,1.1841065180756374,1.2016101731428572,1.0338667528,1.1003968275,1.296294917,1.3581577294999998,0.2461457349268277,0.017640395606655312,0.32429097669999973,0.19589808949999998
East_Antarctica,103,1.2018207742134932,1.199287547902439,0.998924776,1.105602427,1.307749599,1.370001039,0.25291864383442614,0.01771425613785582,0.37107626299999996,0.2021471720000001
East_Antarctica,104,1.2195809964855355,1.2383200297142858,1.0505221162,1.13211283025,1.33183140025,1.404890053,0.25970912753812414,0.017760222272042325,0.3543679367999999,0.19971856999999993
East_Antarctica,105,1.2373592904947472,1.2316759133414634,1.070779367,1.145312736,1.340130566,1.413418593,0.266506520830839,0.017778294009211715,0.34263922599999996,0.19481783000000008
East_Antarctica,106,1.2551277618441177,1.274114074857143,1.0974120693,1.17738228575,1.36791650575,1.4505710596,0.27330015850549016,0.01776847134937043,0.3531589903000001,0.19053421999999998
East_Antarctica,107,1.2728585161366301,1.2661414981463415,1.090974405,1.178213989,1.370200389,1.455366692,0.28007937535499494,0.017730754292512474,0.3643922869999998,0.1919864
East_Antarctica,108,1.2905248044717594,1.3076873660714285,1.1305814363,1.21455433575,1.404341516,1.4737269287,0.2868339441439998,0.017666288335129288,0.34314549240000014,0.18978718024999996
East_Antarctica,109,1.308121705992036,1.298303414902439,1.10121877,1.214439188,1.417935524,1.482837596,0.2935619834206883,0.017596901520276598,0.38161882599999997,0.20349633599999994
East_Antarctica,110,1.3256638786013564,1.337410969142857,1.1626702456,1.2397766424999999,1.4519945642499998,1.5245454177000002,0.3002690975213132,0.01754217260932034,0.3618751721000002,0.21221792174999998
East_Antarctica,111,1.343166674175316,1.3323859476097561,1.134980088,1.246699537,1.445939837,1.549588006,0.3069611561168425,0.01750279557395973,0.41460791799999996,0.19924030000000004
East_Antarctica,112,1.3606454445895153,1.3662805772857143,1.1809790215,1.2632393115,1.4790359367500001,1.562749382,0.3136440288782458,0.017478770414199207,0.3817703605,0.2157966252500001
East_Antarctica,113,1.3781155417195523,1.3615823884878049,1.174981162,1.300970619,1.485926967,1.555153848,0.32032358547649187,0.017470097130037,0.3801726860000001,0.18495634799999983
East_Antarctica,114,1.3955923174410227,1.3995926439761905,1.1956755312,1.298705284,1.51871850725,1.5919361683,0.32700569558254877,0.01747677572147044,0.3962606370999999,0.22001322325000006
East_Antarctica,115,1.4130911236295263,1.3981516330243902,1.17679855,1.312784423,1.52566366,1.605744028,0.3336962288673858,0.017498806188503524,0.42894547799999994,0.2128792369999999
East_Antarctica,116,1.4306273121606603,1.4311405504999999,1.2328554806,1.3373837155000001,1.5464047367500002,1.6315445405999998,0.34040105500197165,0.017536188531134034,0.3986890599999997,0.2090210212500001
East_Antarctica,117,1.4482162349100252,1.4286705118048781,1.162117138,1.355448222,1.557656582,1.67164246,0.34712604365727584,0.017588922749364855,0.509525322,0.20220835999999998
East_Antarctica,118,1.4658732437532165,1.4721250992857142,1.2587028625999999,1.38642034025,1.59774123575,1.6784990789,0.35387706450426637,0.017657008843191324,0.4197962163000002,0.2113208955000001
East_Antarctica,119,1.4836136905658328,1.471202741,1.179466118,1.414752893,1.610675501,1.694496263,0.3606599872139122,0.01774044681261633,0.5150301450000001,0.19592260800000005
East_Antarctica,120,1.5014529272234716,1.5081672045238095,1.2751735455000002,1.3970808954999998,1.6311736297500001,1.7101256004,0.3674806814571818,0.017839236657638757,0.4349520548999999,0.23409273425000032
East_Antarctica,121,1.5194063056017324,1.5358136147111112,1.2768922138,1.443143708,1.683356287,1.7401663038000001,0.3743450169050448,0.01795337837826083,0.4632740900000001,0.24021257900000004
East_Antarctica,122,1.537489177576212,1.540879958627907,1.2895031986,1.4474743265,1.663923804,1.7367356616,0.3812588632284693,0.018082871974479664,0.44723246299999997,0.21644947749999988
East_Antarctica,123,1.5557166794617734,1.5425222293414633,1.291494208,1.433769383,1.672862432,1.734161435,0.3882280076804433,0.018227501885561326,0.44266722700000005,0.23909304900000006
East_Antarctica,124,1.5740910139291087,1.5816082386666666,1.3594015981,1.47800191125,1.7195621669999999,1.7620203261,0.39525329243507995,0.018374334467335274,0.402618728,0.24156025574999984
East_Antarctica,125,1.5925943365004473,1.5839378878780488,1.33168711,1.495342171,1.751563207,1.791878583,0.4023278947942371,0.018503322571338687,0.46019147299999985,0.2562210359999999
East_Antarctica,126,1.6112070782121295,1.6202036171190477,1.3905643913999999,1.5196782612500002,1.7657102055,1.8210549700999998,0.40944433271592207,0.018612741711682146,0.43049057869999996,0.24603194424999986
East_Antarctica,127,1.6299096701004965,1.6257786932682927,1.349620662,1.556345166,1.750107597,1.839555385,0.41659512415814354,0.01870259188836698,0.48993472299999996,0.1937624309999999
East_Antarctica,128,1.6486825432018886,1.6682304244761905,1.4162632576000003,1.5765309097499998,1.78498263925,1.8527673223999999,0.42377278707890925,0.018772873101392085,0.4365040647999996,0.20845172950000013
East_Antarctica,129,1.6675061285526456,1.669805943,1.418763108,1.572751928,1.787134667,1.886876088,0.43096983943622674,0.01882358535075701,0.4681129799999999,0.21438273899999993
East_Antarctica,130,1.6863608571891104,1.704085021095238,1.4486130466999998,1.6002903047500001,1.8226991595,1.8964149085,0.4381787991881048,0.018854728636464868,0.44780186180000014,0.22240885474999983
East_Antarctica,131,1.705227160147621,1.695909362195122,1.436830053,1.59634015,1.82951493,1.903351393,0.4453921842925507,0.01886630295851055,0.4665213399999999,0.23317477999999991
East_Antarctica,132,1.7240854684645188,1.719589214547619,1.5419059111,1.60259899625,1.8439564455000002,1.918791226,0.4526025127075723,0.01885830831689783,0.3768853149,0.24135744925000013
East_Antarctica,133,1.742916213176145,1.7212448571219512,1.473756045,1.612882644,1.856419857,1.934263003,0.4598023023911782,0.01883074471162627,0.4605069580000001,0.24353721299999997
East_Antarctica,134,1.7616998253188396,1.7571031725238095,1.5915619156999998,1.6371963875,1.8953779797499999,1.9589020024,0.46698407130137565,0.018783612142694528,0.36734008670000007,0.2581815922499999
East_Antarctica,135,1.7804167359289436,1.7647924585121952,1.560009523,1.646986909,1.903371781,1.959784872,0.47414033739617323,0.018716910610103943,0.399775349,0.25638487199999993
East_Antarctica,136,1.7990473760427956,1.8065895617380952,1.6190161428,1.6953400225,1.9287518205,2.0164442102,0.4812636186335779,0.01863064011385207,0.3974280673999999,0.23341179800000011
East_Antarctica,137,1.8175721766967394,1.8125519819512195,1.617967145,1.701915447,1.938871595,2.013075204,0.48834643297159885,0.018524800653943796,0.39510805900000023,0.23695614799999998
East_Antarctica,138,1.8359715725643977,1.8486263573333332,1.6689047648000002,1.739730651,1.97083246825,2.0461697861999997,0.49538129975893075,0.018399395867658264,0.3772650213999995,0.23110181725000012
East_Antarctica,139,1.854228635350728,1.8535787523170733,1.685270866,1.770998466,1.993480668,2.084373164,0.5023617465928154,0.018257062786330325,0.3991022980000001,0.2224822019999999
East_Antarctica,140,1.8723337222417364,1.8792544183095239,1.7182412683,1.77213466625,1.98209311875,2.1022889462,0.5092840866178591,0.018105086891008426,0.38404767789999994,0.2099584525
East_Antarctica,141,1.8902784380120405,1.885361594219512,1.743253709,1.777530472,1.984631191,2.100936937,0.5161451099845296,0.017944715770304098,0.3576832280000002,0.20710071900000004
East_Antarctica,142,1.9080543874362614,1.9130334552380952,1.7413277495000001,1.8073817189999999,1.9952371095,2.1075633824,0.5229416068432963,0.017775949424220894,0.36623563289999983,0.18785539050000022
East_Antarctica,143,1.9256531752890216,1.9215913363658537,1.729524514,1.842732602,2.030073801,2.098892172,0.5296703673446288,0.017598787852760145,0.3693676579999998,0.1873411989999998
East_Antarctica,144,1.9430664063449385,1.9480158291666667,1.7711766303000003,1.8471784279999999,2.0565734865,2.1315063082,0.5363281816389954,0.017413231055916967,0.3603296778999998,0.20939505850000018
East_Antarctica,145,1.9602856853786343,1.9564228109268293,1.749511477,1.850674837,2.079440027,2.182115906,0.542911839876866,0.0172192790336958,0.43260442899999996,0.22876519000000006
East_Antarctica,146,1.9773026171647274,1.9868983332380952,1.7834437302,1.881768395,2.09293989675,2.2067876819000003,0.5494181322087084,0.017016931786093092,0.4233439517000004,0.21117150175
East_Antarctica,147,1.9941088064778398,1.9869430031707318,1.771437033,1.850308752,2.110180673,2.226561285,0.5558438487849925,0.016806189313112396,0.45512425199999984,0.259871921
East_Antarctica,148,2.010695858092592,2.0167647078095237,1.8148736575,1.888389243,2.142950776,2.2582733881999997,0.5621857797561877,0.01658705161475238,0.4433997306999997,0.2545615330000002
East_Antarctica,149,2.027055376783605,2.013456107707317,1.806781583,1.881467641,2.155063075,2.255962063,0.5684407152727627,0.01635951869101282,0.4491804800000001,0.2735954340000002
East_Antarctica,150,2.043178967325497,2.045375761595238,1.8701123110000002,1.92703978075,2.1581578222499997,2.2950420677,0.5746054454851863,0.016123590541892163,0.42492975669999966,0.23111804149999982
East_Antarctica,151,2.0590582344928894,2.047271664292683,1.870517848,1.923738419,2.162988184,2.2911366970000002,0.5806767605439277,0.015879267167392186,0.42061884900000024,0.23924976500000006
East_Antarctica,152,2.0746847830604023,2.0979368685333335,1.9114809458,1.965014725,2.226435738,2.3019647128000003,0.586651450599456,0.015626548567512888,0.3904837670000003,0.2614210130000001
East_Antarctica,153,2.090050217802656,2.0985394548333334,1.8974059515000001,1.9559939935000001,2.26153217975,2.3181287802,0.5925263058022401,0.015365434742253825,0.4207228286999998,0.30553818624999995
East_Antarctica,154,2.105150978209692,2.116130388904762,1.9193959876000002,1.99309862075,2.27037587125,2.319310843,0.5982999648188192,0.015100760407035896,0.3999148553999996,0.27727725050000007
East_Antarctica,155,2.12000836023858,2.1113790356829267,1.908557045,1.98075183,2.225516903,2.321289215,0.6039805699937667,0.0148573820288882,0.4127321700000002,0.24476507299999994
East_Antarctica,156,2.134651625684801,2.1392636336904762,1.9476563946,2.0272866872499997,2.241953603,2.3276153382,0.6095793093483983,0.014643265446220965,0.37995894360000015,0.21466691575000008
East_Antarctica,157,2.149110039976223,2.143585588390244,1.975739015,2.045437708,2.257820496,2.342749256,0.6151073722928451,0.014458414291421917,0.3670102409999998,0.21238278799999977
East_Antarctica,158,2.1634128685407155,2.170344689952381,1.9950135858,2.0735825190000003,2.28620970025,2.3579480478,0.6205759482372386,0.014302828564492387,0.3629344619999999,0.2126271812499998
East_Antarctica,159,2.177589376806149,2.1715892679756097,1.988264406,2.063189885,2.294070644,2.35790128,0.6259962265917108,0.014176508265433707,0.369636874,0.23088075900000016
East_Antarctica,160,2.191668830200395,2.1968402503095237,1.9850804033,2.10271395475,2.322507125,2.3704604756,0.6313793967663941,0.014079453394245878,0.3853800722999998,0.21979317025
East_Antarctica,161,2.205680494151321,2.185925277292683,1.972103512,2.04953742,2.333995148,2.393719672,0.6367366481714191,0.01401166395092579,0.42161616000000013,0.284457728
East_Antarctica,162,2.2196536340867996,2.2171230528571426,1.9847675416000001,2.104925753,2.3602779115,2.4219497267,0.6420791702169187,0.013973139935478773,0.43718218509999973,0.25535215850000004
East_Antarctica,163,2.233617515434701,2.2112430623658534,1.985254416,2.098029934,2.328124072,2.424930119,0.6474181523130248,0.013963881347901275,0.4396757029999998,0.23009413800000011
East_Antarctica,164,2.2476014036228937,2.2465753756190474,1.9909599682999999,2.1331298502500005,2.3761198125,2.4406077676,0.6527647838698685,0.01398388818819285,0.4496477993000001,0.24298996224999936
East_Antarctica,165,2.2616345640792486,2.2504654388780487,2.032414461,2.093491923,2.387056939,2.46616989,0.6581302542975817,0.014033160456354832,0.4337554290000001,0.2935650159999996
East_Antarctica,166,2.2757462622316345,2.2909862926428572,2.0517950801,2.14398164275,2.401610401,2.510805752,0.6635257530062959,0.014111698152385888,0.4590106719000002,0.2576287582500001
East_Antarctica,167,2.2899657635079262,2.2904417213414634,2.058560627,2.140727293,2.410758676,2.508206894,0.6689624694061448,0.01421950127629179,0.4496462670000003,0.27003138300000007
East_Antarctica,168,2.304322333335988,2.314736366880952,2.0736981876000002,2.20752583075,2.41820007425,2.5140861093999995,0.6744515929072576,0.014356569828061883,0.4403879217999993,0.2106742435000002
East_Antarctica,169,2.3188407624089735,2.325766485731707,2.089389116,2.173423522,2.458090799,2.520259358,0.6800026020395362,0.014518429072985395,0.4308702420000001,0.2846672769999996
East_Antarctica,170,2.333500967472362,2.3479118740238096,2.0999366974,2.2498457640000002,2.47660622075,2.5471375233,0.6856078181258529,0.01466020506338861,0.4472008259,0.22676045674999967
East_Antarctica,171,2.3482569813949787,2.349063944097561,2.120192115,2.191436064,2.492170987,2.550314832,0.6912496659889172,0.014756013922616606,0.43012271700000015,0.30073492300000026
East_Antarctica,172,2.363062524643042,2.3704163604761903,2.1611611043,2.2498270167500003,2.513625149,2.5498302711000003,0.696910451006717,0.01480554324806338,0.3886691668000002,0.2637981322499998
East_Antarctica,173,2.3778713176827724,2.3642101884634146,2.165803854,2.216173043,2.517993583,2.587008611,0.7025724785572406,0.014808793039730261,0.42120475699999993,0.30182054
East_Antarctica,174,2.392637080980388,2.3854848425238093,2.1824353501,2.252938134,2.5388407995,2.6223256641,0.7082180540184755,0.014765763297615475,0.4398903139999999,0.2859026655000001
East_Antarctica,175,2.407313535002105,2.3922109201707316,2.214508187,2.249316541,2.536546635,2.647807385,0.7138294827684089,0.014676454021717245,0.4332991980000003,0.2872300940000003
East_Antarctica,176,2.421854400214145,2.412926917380952,2.2293924639,2.27695242725,2.5697013010000003,2.6655307164999997,0.7193890701850292,0.01454086521204001,0.4361382525999997,0.29274887375000036
East_Antarctica,177,2.4362133970827258,2.4245611781463414,2.248077455,2.299495715,2.564890478,2.667418329,0.7248791216463241,0.014358996868580665,0.4193408740000004,0.2653947630000002
East_Antarctica,178,2.450344246074066,2.4433929385,2.2236499409,2.3223751129999997,2.58660567775,2.7054525563999996,0.7302819425302813,0.014130848991340095,0.4818026154999995,0.2642305647500005
East_Antarctica,179,2.464200667654385,2.455430311780488,2.233559438,2.338265269,2.585028532,2.72784787,0.7355798382148891,0.01385642158031919,0.4942884320000003,0.24676326300000007
East_Antarctica,180,2.4777363822898986,2.4825428041666666,2.2139925438,2.393559114,2.6243542147500003,2.7060923121,0.7407551140781338,0.013535714635513507,0.49209976830000013,0.23079510075000043
East_Antarctica,181,2.490905110446829,2.4942517838536586,2.253042893,2.400891651,2.660047343,2.701484665,0.7457900754980048,0.013168728156930598,0.44844177200000024,0.2591556920000002
East_Antarctica,182,2.5036605725913934,2.539230772022222,2.2378605576,2.423152538,2.690786382,2.7616063854000004,0.7506670278524891,0.012755462144564245,0.5237458278000005,0.2676338440000001
East_Antarctica,183,2.5159564891898114,2.541925612785714,2.2373399560999996,2.40345624575,2.6702225297499997,2.7819965682999994,0.7553682765195749,0.012295916598418,0.5446566121999998,0.2667662839999996
East_Antarctica,184,2.5277489165772984,2.5403481508809524,2.2400101116,2.4053394530000003,2.6743023464999998,2.7796158733,0.7598770199787054,0.011792427387486981,0.5396057616999999,0.26896289349999947
East_Antarctica,185,2.5390476360759955,2.5450512527317075,2.256762654,2.40487638,2.656246896,2.797502698,0.7641969980427938,0.011298719498697096,0.5407400440000001,0.2513705159999997
East_Antarctica,186,2.5499161539949777,2.5509252744523807,2.2682829845000003,2.43896226875,2.6584482065,2.7814865078000004,0.7683524918582274,0.010868517918982246,0.5132035233000001,0.21948593775000003
East_Antarctica,187,2.560420312512311,2.5607583421463413,2.260077356,2.440631664,2.682887968,2.788239888,0.7723686756728464,0.010504158517333106,0.5281625320000001,0.2422563040000001
East_Antarctica,188,2.570625953806066,2.5804003456904763,2.2757175222,2.48813498475,2.7018354932500004,2.7827943498,0.7762707237344928,0.010205641293755008,0.5070768276000002,0.21370050850000055
East_Antarctica,189,2.5805989200543102,2.5797819156341464,2.320521596,2.443535818,2.700492393,2.797347341,0.7800838102910073,0.009972966248244397,0.4768257450000002,0.25695657500000024
East_Antarctica,190,2.590405053435113,2.5857588385238097,2.3451310081999996,2.48363776275,2.69654213275,2.7664653240000003,0.7838331095902312,0.009806133380802606,0.4213343158000007,0.21290436999999995
East_Antarctica,191,2.6001101961265425,2.5930934114390243,2.351148718,2.486253158,2.71379333,2.798555699,0.7875437958800058,0.009705142691429636,0.44740698099999987,0.22754017200000032
East_Antarctica,192,2.6097801903066675,2.6028208195238096,2.3474866200999998,2.4804764055,2.75045879975,2.7989964226999997,0.7912410434081723,0.009669994180125041,0.45150980259999995,0.2699823942499999
East_Antarctica,193,2.6194808781535563,2.612388252317073,2.345665277,2.474234682,2.732560002,2.831418774,0.7949500264225714,0.009700687846888822,0.4857534969999997,0.25832531999999997
East_Antarctica,194,2.6292781018452787,2.6212950584761905,2.3738564589,2.511539188,2.7427774465,2.8460366065000002,0.7986959191710452,0.009797223691722312,0.47218014760000004,0.2312382584999999
East_Antarctica,195,2.6392377035599015,2.630330088902439,2.365480056,2.497484544,2.750396937,2.857910659,0.8025038959014339,0.009959601714622845,0.49243060299999986,0.2529123929999999
East_Antarctica,196,2.649425525475495,2.6354332208571427,2.3753282836,2.5069412825,2.7494727974999997,2.8985950004,0.8063991308615795,0.010187821915593531,0.5232667167999998,0.2425315149999996
East_Antarctica,197,2.6599074097701267,2.6466368049756097,2.406524116,2.520240627,2.763327355,2.874889135,0.8104067982993227,0.010481884294631705,0.46836501900000016,0.24308672799999975
East_Antarctica,198,2.6707491986218646,2.6495081228333333,2.4224101327999996,2.519713101,2.76095030975,2.8365286216,0.8145520724625044,0.01084178885173781,0.41411848880000024,0.24123720875000032
East_Antarctica,199,2.682016183642512,2.6680894697317075,2.43356185,2.536692381,2.788018485,2.877880102,0.8188599170942099,0.011266985020647269,0.4443182520000004,0.2513261039999999
East_Antarctica,200,2.693728039701125,2.667142836190476,2.4296977789999996,2.5539398945,2.7925448932499997,2.88901755,0.8233378547285415,0.011711856058613357,0.45931977100000054,0.23860499874999963
East_Antarctica,201,2.705825357557608,2.6979427075853657,2.474143512,2.562725144,2.806292838,2.954764,0.8279631707017663,0.012097317856482714,0.480620488,0.24356769400000022
East_Antarctica,202,2.7182408418725217,2.7109548686428573,2.4733734228,2.5946217445,2.8491196177500004,2.9369292461999996,0.8327101351610262,0.012415484314913794,0.4635558233999997,0.2544978732500005
East_Antarctica,203,2.730907197306432,2.7367220396585368,2.508329431,2.597808703,2.859112274,2.998970716,0.8375530182534642,0.012666355433910148,0.49064128500000015,0.261303571
East_Antarctica,204,2.7437571285198974,2.7547259160714286,2.5161500774,2.59778115725,2.9054802457499997,2.9958204446999996,0.8424660901262209,0.01284993121346556,0.4796703672999998,0.3076990884999997
East_Antarctica,205,2.756723340173487,2.7736573761219514,2.54176419,2.596808086,2.908778228,2.983919727,0.8474236209264407,0.012966211653589799,0.4421555370000001,0.3119701420000003
East_Antarctica,206,2.7697385369277603,2.791218302452381,2.5360449071000004,2.6310228145,2.91630971775,3.0328504678,0.8523998808012645,0.013015196754273095,0.4968055606999995,0.28528690324999983
East_Antarctica,207,2.782735423443281,2.8039597952439026,2.540000862,2.685215549,2.935809921,3.037460705,0.8573691398978348,0.012996886515520778,0.4974598430000001,0.2505943720000001
East_Antarctica,208,2.795646704380612,2.820153550595238,2.5321274931,2.71751334925,2.9576456370000006,3.0674923424,0.8623056683632937,0.012911280937331071,0.5353648493000001,0.24013228775000073
East_Antarctica,209,2.80840508440032,2.828609312512195,2.535295415,2.696311673,2.967457388,3.079062225,0.8671837363447847,0.012758380019707971,0.5437668099999997,0.2711457150000003
East_Antarctica,210,2.8209432681629645,2.8415350105238097,2.5564967742,2.67066660525,3.0286371372499996,3.0917900931,0.8719776139894488,0.012538183762644373,0.5352933189,0.3579705319999995
East_Antarctica,211,2.8331939603291083,2.8477481239268294,2.562439974,2.6751419,3.013997698,3.134910135,0.876661571444428,0.012250692166143828,0.572470161,0.338855798
East_Antarctica,212,2.845089865559319,2.856800038714286,2.6148483192,2.6911809502499997,3.0443198375,3.1188331513,0.8812098788568664,0.01189590523021078,0.5039848321,0.3531388872500001
East_Antarctica,213,2.8565636885141537,2.8817176331333334,2.6278103472,2.719644175,3.043475116,3.132459416,0.8855968063739037,0.011473822954834567,0.5046490688,0.3238309410000002
East_Antarctica,214,2.8675481445079223,2.8645077838372095,2.5997434496,2.7002174125,3.0366541424999998,3.1550010932,0.88979662821606,0.010984455993768627,0.5552576436000001,0.33643672999999996
East_Antarctica,215,2.87799931250713,2.854865123642857,2.5723468910000005,2.6833874077499997,3.0105048797500005,3.1042571887999997,0.8937925515156769,0.010451167999207644,0.5319102977999992,0.32711747200000074
East_Antarctica,216,2.887946175022315,2.8724412231190475,2.5391666778,2.6831334725000002,3.04042859275,3.1705667473,0.8975956575116315,0.009946862515185284,0.6314000695000002,0.3572951202499999
East_Antarctica,217,2.8974318946921933,2.8783952010238094,2.5891801507,2.70517824,3.02405327975,3.1708542678000002,0.9012224491052002,0.009485719669878101,0.5816741171000004,0.31887503975
East_Antarctica,218,2.906499634155475,2.8980461571190475,2.5721309238,2.71224069325,3.0557892655,3.2320548087999996,0.9046894291976579,0.009067739463281654,0.6599238849999995,0.34354857225
East_Antarctica,219,2.9151925560508722,2.911149263904762,2.6070377369,2.73821753575,3.05897217,3.1711166229,0.9080131006902797,0.008692921895397276,0.5640788859999999,0.32075463425000006
East_Antarctica,220,2.9235538230170968,2.911886465833333,2.6214745727,2.7232896217499998,3.105752669,3.1754114439,0.9112099664843409,0.008361266966224523,0.5539368711999999,0.38246304725000035
East_Antarctica,221,2.9316265976928646,2.9160471188809525,2.6330074215,2.74981240875,3.0769748412499998,3.154418614,0.9142965294811184,0.008072774675767835,0.5214111925,0.32716243249999977
East_Antarctica,222,2.9394540427168834,2.9140373305,2.59790673,2.7861978250000003,3.0754017767499997,3.1580002172999997,0.9172892925818856,0.007827445024018775,0.5600934872999996,0.28920395174999936
East_Antarctica,223,2.9470793207278683,2.9291411333571427,2.6377559028,2.8182343427500003,3.0739696275000004,3.1533337054,0.9202047586879191,0.007625278010984893,0.5155778026000002,0.25573528475000007
East_Antarctica,224,2.954545594364532,2.9425408540238096,2.6233035993000002,2.81408374575,3.071964147,3.1346521404999996,0.9230594307004942,0.007466273636663523,0.5113485411999994,0.25788040125
East_Antarctica,225,2.961896026265586,2.9594883621190475,2.6859370041,2.8267507685,3.07952743325,3.1462229859,0.9258698115208864,0.007350431901054222,0.46028598180000024,0.2527766647499998
East_Antarctica,226,2.969173779069742,2.9728898483571427,2.6580801695,2.8169104562499996,3.098464987,3.2034015614999998,0.92865240405037075,0.007277752804156101,0.545321392,0.28155453075000025
East_Antarctica,227,2.9764220154157153,2.9801140139761904,2.6939441684000003,2.83761733775,3.09315913225,3.2433457203000002,0.9314237111902235,0.007248236345973158,0.5494015519,0.25554179450000003
East_Antarctica,228,2.983683897942216,2.9898038158809523,2.7550186009,2.8220618379999998,3.09853490325,3.2450399884000003,0.9342002358417193,0.007261882526500507,0.4900213875000001,0.27647306525000026
East_Antarctica,229,2.991002589287955,2.992466611857143,2.7070402864,2.8471578162499998,3.1060095785,3.2173624098999998,0.9369984809061332,0.007318691345739037,0.5103221235,0.2588517622500004
East_Antarctica,230,2.9984116303309416,3.0068653460714287,2.7303486385,2.857268465,3.12215580525,3.2375569098,0.9398312704789096,0.007409041042986786,0.5072082712999997,0.2648873402499996
East_Antarctica,231,3.0058883742328684,3.006477083595238,2.7599544442,2.84181855925,3.117276339,3.2813550115,0.9426899457164757,0.007476743901926763,0.5214005673000002,0.27545777974999996
East_Antarctica,232,3.0133898366145724,3.021211494571429,2.7646085734000003,2.8401466707500003,3.1407067365,3.2925606104,0.9455580718737171,0.007501462381704016,0.5279520369999995,0.3005600657499996
East_Antarctica,233,3.0208730050451145,3.023225264095238,2.7604739683,2.8567614162500004,3.1890943190000005,3.291254445,0.9484192034801393,0.0074831684305420865,0.5307804767,0.33233290275000016
East_Antarctica,234,3.028294867093554,3.0450912311666665,2.779594118,2.8608458505,3.206458049,3.3035389394,0.9512568950652474,0.0074218620484396425,0.5239448214000002,0.3456121985
East_Antarctica,235,3.0356124103289526,3.040214443404762,2.7918511462,2.8657050665,3.20001027775,3.2853551029,0.9540547011585472,0.00731754323539846,0.49350395670000013,0.33430521125000023
East_Antarctica,236,3.042782622320369,3.059270903238095,2.8086935083,2.91180644875,3.211515854,3.3164676638,0.9567961762895436,0.00717021199141632,0.5077741554999999,0.2997094052499998
East_Antarctica,237,3.0497624906368617,3.048500811809524,2.8045549899,2.9291305189999997,3.16242195125,3.3330942301,0.9594648749877414,0.006979868316492777,0.5285392401999998,0.23329143225000015
East_Antarctica,238,3.0565090028474935,3.074147120738095,2.8124026292999997,2.9277310512500003,3.2140672325,3.3546520088999996,0.9620443517826468,0.006746512210631828,0.5422493795999999,0.2863361812499998
East_Antarctica,239,3.062979146521319,3.067344253595238,2.8140218343,2.90723175225,3.2191666515,3.3308524918,0.964518161203763,0.006470143673825479,0.5168306574999999,0.3119348992500002
East_Antarctica,240,3.069129909227404,3.086494019404762,2.8035173012,2.8956982655,3.2111305305,3.3564557451,0.9668698577805976,0.0061507627060848336,0.5529384439,0.3154322650000001
East_Antarctica,241,3.074918278534803,3.070670764404762,2.8092742381,2.884629255,3.2202124027500005,3.362524543,0.9690829960426538,0.005788369307399233,0.5532503049000002,0.3355831477500004
East_Antarctica,242,3.080301242012578,3.081577228190476,2.8260411678999997,2.8962685235000003,3.2227217492499998,3.3630470539,0.9711411305194375,0.005382963477774894,0.5370058860000002,0.32645322574999946
East_Antarctica,243,3.0852357872297893,3.0576359579761907,2.7804874001,2.8831682675,3.20714596375,3.3589438323,0.9730278157404543,0.004934545217211372,0.5784564321999999,0.32397769625000006
East_Antarctica,244,3.089678901755495,3.0911836022666668,2.7966419738,2.893603575,3.226413398,3.411897873,0.9747266062352086,0.00444311452570556,0.6152558992000001,0.33280982299999984
East_Antarctica,245,3.0935925824176342,3.078749904,2.8205977975999996,2.9233346815,3.2255148604999997,3.3926654820000004,0.9762229717846178,0.003913680662139374,0.5720676844000008,0.3021801789999996
East_Antarctica,246,3.0969970586786055,3.0870938333333333,2.8197848538,2.9483876214999998,3.2033867502500004,3.3701970681,0.9775246469672615,0.0034044762609712897,0.5504122143000001,0.25499912875000064
East_Antarctica,247,3.099950129442394,3.085183129738095,2.8131975084,2.94653913375,3.214651166,3.379428769,0.9786537307473073,0.002953070763788368,0.5662312606,0.2681120322499999
East_Antarctica,248,3.1025102197703447,3.0948173118333333,2.8387695979,2.92922973825,3.2516172885000003,3.3816025843000004,0.9796325614953498,0.0025600903279507925,0.54283298640000055,0.3223875502500002
East_Antarctica,249,3.1047357547238037,3.1025818545238097,2.8640289961,2.93668312575,3.2657157875,3.3968462090999996,0.9804834775819837,0.0022255349534590074,0.5328172129999995,0.3290326617499999
East_Antarctica,250,3.1066851593641145,3.112550782690476,2.819673029,2.9612533867499997,3.2610330565,3.3814320356,0.9812288173778027,0.0019494046403107923,0.5617590066,0.29977966975000037
East_Antarctica,251,3.1084168587526246,3.1101747,2.8534500656,2.97527930425,3.2724575722500004,3.406963214,0.9818909192534021,0.001731699388510144,0.5535131484,0.2971782680000006
East_Antarctica,252,3.109989277950679,3.1188382871666667,2.840878189,2.9551084780000005,3.28258894725,3.3847548533,0.9824921215793763,0.0015724191980543978,0.5438766642999999,0.3274804692499993
East_Antarctica,253,3.1114608420196235,3.113760060857143,2.8248520317,2.9579647302499996,3.2667182217499997,3.4159180056,0.9830547627263199,0.001471564068944442,0.5910659739000002,0.3087534915000001
East_Antarctica,254,3.1128899760208,3.1200948647619047,2.8205381553999995,2.95477379125,3.2806727002500002,3.4332609138,0.9836011810648262,0.001429134001176724,0.6127227584000003,0.3258989090000002
East_Antarctica,255,3.1143351050155594,3.1149370143809523,2.8382694340000003,2.9541932085,3.2942694564999995,3.4228592335,0.9841537149654914,0.0014451289947592372,0.5845897994999998,0.34007624799999947
East_Antarctica,256,3.115854654065241,3.1223578605714284,2.8336679802000004,2.9498608089999996,3.28768195075,3.4572356461,0.9847347027989082,0.0015195490496817676,0.6235676658999996,0.33782114175000055
East_Antarctica,257,3.117507048231197,3.121665582047619,2.8206028291000003,2.970329118,3.27044026375,3.4524394668,0.9853664829356733,0.0016523941659558616,0.6318366376999998,0.30011114574999986
East_Antarctica,258,3.1193507125747675,3.1202129665238094,2.8463479492,2.9819913925,3.26181020225,3.4395714143,0.9860713937463793,0.001843664343570417,0.5932234650999999,0.27981880975000006
East_Antarctica,259,3.121444072157299,3.1214756603809524,2.8507240251,2.9790828434999996,3.27976803575,3.427282538,0.9868717736016211,0.002093359582531651,0.5765585129000002,0.30068519225000045
East_Antarctica,260,3.123843422854002,3.119608811880952,2.8636706137,2.9331050185,3.3227034312500003,3.4059261542000003,0.9877891467941327,0.002399350696702829,0.5422555405000002,0.3895984127500003
East_Antarctica,261,3.1265449906162934,3.1283072124285716,2.8648196095,2.9868859725,3.31384479575,3.4049127541,0.9888220703456106,0.002701567762291468,0.5400931446000001,0.32695882325000003
East_Antarctica,262,3.1294780304132006,3.141241805047619,2.8273515364,2.9962973497500003,3.315563119,3.3954754394,0.9899434954403038,0.0029330397969071775,0.568123903,0.31926576924999983
East_Antarctica,263,3.132568282696894,3.143243083238095,2.8832717322,2.97708027475,3.30402495375,3.4292653422,0.9911250295141069,0.0030902522836933066,0.54599361,0.3269446789999999
East_Antarctica,264,3.1357414879195447,3.1460702881666665,2.8928106297,2.9835302515,3.2900933292500003,3.4450125487000003,0.9923382800029151,0.0031732052226507435,0.5522019190000003,0.30656307775000036
East_Antarctica,265,3.13892338653332,3.139233466404762,2.8935977154000003,2.95344866975,3.2704424685,3.4481746320999997,0.9935548543426224,0.003181898613775491,0.5545769166999994,0.31699379875
East_Antarctica,266,3.1420397189903904,3.1329172536666667,2.8770070499,2.95725182475,3.27874112275,3.408811411,0.994746359969123,0.0031163324570702144,0.5318043610999998,0.3214892979999999
East_Antarctica,267,3.145016225742927,3.129910545547619,2.8906579112,2.95964126225,3.2914335897500004,3.3881955606,0.9958844043183125,0.0029765067525366895,0.4975376493999999,0.33179232750000054
East_Antarctica,268,3.147778647243096,3.1257459096428573,2.8656573385,2.95567099725,3.3111696772500006,3.3974061892,0.996940594826084,0.0027624215001691432,0.5317488506999997,0.3554986800000006
East_Antarctica,269,3.1502527239430727,3.132431925761905,2.8733471043,2.9760093420000002,3.3010809445,3.4223392710000002,0.9978865389283341,0.0024740766999764574,0.5489921667000002,0.32507160249999956
East_Antarctica,270,3.1523641962950233,3.1370671245,2.7902035348000003,3.00663699825,3.3210891385,3.4219481071999995,0.9986938440609563,0.0021114723519506384,0.6317445723999993,0.31445214025000023
East_Antarctica,271,3.1540388047511163,3.1385795869285715,2.8727059192,3.00979382225,3.28650991125,3.4534779435000003,0.9993341176598445,0.0016746084560930186,0.5807720243000003,0.2767160890000002
East_Antarctica,272,3.155202289763523,3.135512686333333,2.8670487779,3.009162298,3.2998740315,3.4586125709,0.9997789671608939,0.0011634850124067064,0.5915637930000002,0.2907117334999998
East_Antarctica,273,3.1557803917844156,3.1491823818809523,2.8865164607,3.03324765775,3.2913545757500002,3.4878145187,1,5.781020208925902e-4,0.6012980580000002,0.2581069180000002
East_Antarctica,274,3.1556988512659596,3.158386311466667,2.8548304944,2.974333074,3.338026737,3.4811946252000006,0.999968823613056,-8.154051845599142e-5,0.6263641308000008,0.36369366299999983
East_Antarctica,275,3.1548836783965215,3.157101025465116,2.8663389208,2.9832268424999997,3.3213885894999997,3.4331884330000006,0.999657148567506,-8.151728694381077e-4,0.5668495122000006,0.338161747
East_Antarctica,276,3.1532935214440596,3.1666787967857144,2.8649719122999997,2.9795300545,3.32085346325,3.4752407795,0.9990491643482424,-0.0015901569524618964,0.6102688672000003,0.3413234087500001
East_Antarctica,277,3.150950416682354,3.1771330115714287,2.8726262328,2.978165023,3.3463930582500003,3.4878994126999996,0.9981532963542102,-0.0023431047617057388,0.6152731798999995,0.3682280352500005
East_Antarctica,278,3.1478836832624464,3.161189537404762,2.8448462887000003,2.949744049,3.34747118125,3.5034810420999998,0.9969807545361807,-0.003066733419907486,0.6586347533999994,0.39772713225
East_Antarctica,279,3.144122640335382,3.1723182587857144,2.8642653815,2.95303278125,3.3690775982500005,3.5006584616,0.9955427488449263,-0.003761042927064473,0.6363930801,0.4160448170000004
East_Antarctica,280,3.1396966070522057,3.1450426500238096,2.8092945642,2.936572463,3.3333066525,3.4685804107999996,0.9938504892312195,-0.004426033283176256,0.6592858465999996,0.39673418950000006
East_Antarctica,281,3.1346349025639597,3.158547316809524,2.8372169770999998,2.9833252759999995,3.37281502725,3.4914571135,0.9919151856458316,-0.005061704488245944,0.6542401364000003,0.3894897512500006
East_Antarctica,282,3.128966846021688,3.1272355994285714,2.7916549389000003,2.9363766992499998,3.3194044082500005,3.4966419978000003,0.9897480480395346,-0.00566805654227176,0.7049870589,0.3830277090000007
East_Antarctica,283,3.1227217565764347,3.1333961959761907,2.8057195767000005,2.9472660580000003,3.31332288175,3.4984924351,0.9873602863631009,-0.00624508944525326,0.6927728583999997,0.3660568237499997
East_Antarctica,284,3.115928953379245,3.1008984220952382,2.7306628415,2.8957123567500003,3.28784104025,3.4876155258,0.9847631105673027,-0.006792803197189556,0.7569526842999998,0.39212868349999974
East_Antarctica,285,3.1086177555811614,3.1175261372380954,2.8112767678,2.9140171465,3.28853931975,3.50705611,0.9819677306029115,-0.007311197798083757,0.6957793422000003,0.3745221732499999
East_Antarctica,286,3.10081748233323,3.089292662452381,2.7337180526000004,2.88678945275,3.2549729432499994,3.4593082544,0.9789853564207004,-0.007800273247931422,0.7255902017999993,0.36818349049999943
East_Antarctica,287,3.0925574527864903,3.0942742368809526,2.8002297367,2.876829047,3.2782493525,3.4825287456000003,0.9758271979714397,-0.008260029546739656,0.6822990089000003,0.40142030549999985
East_Antarctica,288,3.083866986091991,3.074389884214286,2.7485347138,2.87763146125,3.2267104125,3.4281065618999995,0.9725044652059031,-0.008690466694499133,0.6795718480999997,0.3490789512500001
East_Antarctica,289,3.0747754014007738,3.0764334006666667,2.7818435056000004,2.8751466225,3.2511128685,3.4555052228,0.9690283680748618,-0.009091584691217403,0.6736617171999995,0.37596624599999995
East_Antarctica,290,3.0653120165917365,3.0566179836666665,2.7692653919000003,2.87925324475,3.2366103355,3.3952846905000005,0.9654101160426928,-0.0094633848090373,0.6260192986000002,0.3573570907499999
East_Antarctica,291,3.055486277386818,3.054893560214286,2.776149448,2.88646605975,3.225142076,3.4084365942,0.9616533206081662,-0.00982573920491836,0.6322871461999999,0.33867601625
East_Antarctica,292,3.045237464421359,3.0359772106666667,2.7597621214999997,2.87794264725,3.1877312480000004,3.4029660478999997,0.9577347661915498,-0.010248812965459209,0.6432039264,0.3097886007500006
East_Antarctica,293,3.03448938015813,3.031616623261905,2.7450025673000003,2.8610299085,3.2202192592500003,3.4033344503,0.9536253192534718,-0.010748084263228819,0.6583318829999998,0.35918935075000036
East_Antarctica,294,3.0231658270598993,3.017905479214286,2.7444235461,2.85048525925,3.1739519240000003,3.3958467978,0.9492958462545591,-0.011323553098230743,0.6514232516999998,0.3234666647500002
East_Antarctica,295,3.01119060758944,3.0047040544761905,2.7489448963000003,2.85407370125,3.16737982,3.3676821806999997,0.9447172136554408,-0.011975219470459209,0.6187372843999994,0.3133061187499999
East_Antarctica,296,2.9984875242095157,3.0010595854047617,2.7421667688,2.84788118675,3.1847999414999997,3.3604598385999997,0.9398602879167419,-0.01270308337992443,0.6182930697999995,0.33691875474999966
East_Antarctica,297,2.9849803793828986,2.9783818681190475,2.7248364053,2.8356535917500003,3.1420339582500003,3.3207576415999998,0.9346959354990915,-0.013507144826617079,0.5959212362999997,0.3063803665
East_Antarctica,298,2.970592975572359,2.9684972738809523,2.7162505422,2.8100376745,3.1284419562499997,3.3024883553,0.929195022863117,-0.014387403810539823,0.5862378130999999,0.31840428174999946
East_Antarctica,299,2.9552491152406626,2.946162582690476,2.7046987903,2.8136246635,3.13083143125,3.2546112942,0.9233284164694447,-0.015343860331696213,0.5499125038999999,0.3172067677499997
East_Antarctica,300,2.9388726008505808,2.934661707857143,2.6728735323,2.80841549025,3.1102078994999998,3.2338176737,0.917066982778703,-0.01637651439008181,0.5609441413999998,0.30179240924999995
East_Antarctica,301,2.9213872348648824,2.9193997572619046,2.6859678406,2.78738482975,3.091628632,3.2181674301000003,0.9103815882515192,-0.017485365985698387,0.5321995895000002,0.3042438022499998
East_Antarctica,302,2.9027168197463364,2.907073892404762,2.6881183034,2.7773767052499996,3.0833856497500003,3.187967596,0.9032430993485205,-0.018670415118545947,0.4998492926,0.3060089445000007
East_Antarctica,303,2.8827851579577124,2.8820655002619047,2.6611279931999996,2.7589461115000002,3.04513471925,3.1960851251999998,0.8956223825303347,-0.019931661788624044,0.5349571320000002,0.28618860774999977
East_Antarctica,304,2.8615160519617775,2.8628800642380954,2.6694523701999997,2.73874032475,3.0433219625,3.2205781348999998,0.8874903042575882,-0.0212691059959349,0.5511257647000001,0.3045816377499997
East_Antarctica,305,2.8388333042213048,2.8367724881304346,2.430420336,2.68918810725,3.02876828575,3.2221007065,0.8788177309909102,-0.022682747740472742,0.7916803705,0.3395801784999999
East_Antarctica,306,2.814673772336648,2.814303677023256,2.5411599946,2.688182637,2.9845435565000002,3.184725106,0.8695805207218705,-0.024159531884656804,0.6435651114000001,0.2963609195000001
East_Antarctica,307,2.789061104462854,2.7988909069534884,2.4893550012,2.6652141945,2.9440134645000002,3.2011958498,0.8597877151397574,-0.025612667873793793,0.7118408486000001,0.2787992700000004
East_Antarctica,308,2.762054354288111,2.7595443335,2.4842397306,2.6532501975000002,2.9309177645,3.1616499601,0.849461892965779,-0.0270067501747433,0.6774102295,0.27766756699999995
East_Antarctica,309,2.7337126799417026,2.740331926488372,2.4615533908,2.6354466015,2.895623081,3.1775874312,0.8386256728533902,-0.02834167434640822,0.7160340404000003,0.2601764795000001
East_Antarctica,310,2.7040952395529163,2.7099316010714287,2.4563703177000002,2.5915711485,2.88338133375,3.0695037121,0.8273016734560462,-0.02961744038878633,0.6131333943999997,0.29181018525000013
East_Antarctica,311,2.6732611912510382,2.683438756418605,2.4037598042,2.522226616,2.8592692265,3.0255078258,0.8155125134272025,-0.03083404830187808,0.6217480216000002,0.33704261049999973
East_Antarctica,312,2.641269693165357,2.6457843611190475,2.3943624494,2.4895086295,2.8174991802500005,2.9635187741,0.8032808114203152,-0.03199149808568125,0.5691563247000002,0.3279905507500005
East_Antarctica,313,2.6081799034251576,2.613056522116279,2.3356006292,2.4201166425,2.8119520915000003,2.9551108528,0.7906291860888389,-0.03308978974019938,0.6195102235999999,0.3918354490000002
East_Antarctica,314,2.5740509801597273,2.5850204839285715,2.3237271235,2.411267837,2.77242642375,2.9100150461,0.7775802560862295,-0.03412892326543027,0.5862879226,0.3611585867499998
East_Antarctica,315,2.5389420814983517,2.5481055746511627,2.2698055972,2.371084666,2.7171824275,2.9068478226000005,0.7641566400659419,-0.035108898661375676,0.6370422254000006,0.34609776150000027
East_Antarctica,316,2.5029123655703174,2.5136438475,2.2243850440000004,2.330009284,2.68583881725,2.8478006264999998,0.7503809566814313,-0.03602971592803428,0.6234155824999994,0.3558295332500001
East_Antarctica,317,2.466020990504913,2.4701657851627905,2.1756138352,2.2959491975,2.6377743145,2.7721643588,0.7362758245861541,-0.0368913750654043,0.5965505235999999,0.34182511699999996
East_Antarctica,318,2.4283271144314242,2.4391535264285715,2.1378516194999997,2.2637539015000003,2.5933730102499997,2.7791236392,0.7218638624335653,-0.03769387607348884,0.6412720197000001,0.32961910874999933
East_Antarctica,319,2.3898898954791368,2.392177103372093,2.1302810884,2.219769039,2.547364247,2.6377409554,0.7071676888771199,-0.038437218952287466,0.5074598670000001,0.32759520799999997
East_Antarctica,320,2.3507684917773375,2.3617091359523807,2.0825686169999997,2.2025887445,2.49907404725,2.6900011441999996,0.6922099225702734,-0.039121403701799284,0.6074325271999998,0.2964853027500003
East_Antarctica,321,2.3110238214255987,2.3055366091860465,2.0318217958,2.143568932,2.4674097835,2.5951070628,0.6770138550775157,-0.03974467035173879,0.5632852669999999,0.32384085149999997
East_Antarctica,322,2.2707406958801113,2.2690263942380953,2.0133704046,2.11777155475,2.4066674505,2.5698948241999995,0.6616119134035504,-0.04028312554548741,0.5565244195999997,0.2888958957500001
East_Antarctica,323,2.2300211461463477,2.214012099604651,1.9627609844,2.076096911,2.3650418745,2.5219334926000005,0.6460431083146462,-0.04071954973376357,0.5591725082000005,0.2889449635000001
East_Antarctica,324,2.188967583383364,2.1799091622857145,1.9508923648,2.032244645,2.304230179,2.5053603415999994,0.6303465959258556,-0.04105356276298355,0.5544679767999994,0.27198553400000014
East_Antarctica,325,2.147682418750218,2.1321728803023254,1.8554313102,1.9856992065,2.28291457,2.4257954412000005,0.6145615323522323,-0.04128516463314602,0.5703641310000005,0.2972153634999999
East_Antarctica,326,2.106268063405965,2.1048817221428573,1.8371977767,1.955645563,2.21474016725,2.368134016,0.5987270737088287,-0.041414355344253195,0.5309362392999999,0.25909460424999997
East_Antarctica,327,2.0648269285096603,2.045909105837209,1.8084450084,1.9075675465,2.152983892,2.3396950186,0.5828823761106973,-0.04144113489630463,0.5312500102,0.24541634550000002
East_Antarctica,328,2.023461425220364,2.018308771095238,1.7808888054,1.8678314360000001,2.10874688225,2.2938652496999996,0.5670665956728923,-0.041365503289296335,0.5129764442999996,0.24091544625000005
East_Antarctica,329,1.9822739646971286,1.9647325878604651,1.6891178387999999,1.8319403205,2.0878907305,2.2231972984,0.5513188885104653,-0.04118746052323541,0.5340794596000003,0.25595040999999985
East_Antarctica,330,1.9413669580990123,1.9489481801904762,1.7214752778,1.81680676675,2.0518284055000002,2.2109226505999997,0.5356784107384699,-0.0409070065981163,0.4894473727999997,0.23502163875000015
East_Antarctica,331,1.9008428165850695,1.8951424805581396,1.6215431602000001,1.7720618645,2.0022561795,2.1882516156,0.5201843184719581,-0.04052414151394279,0.5667084553999999,0.23019431499999987
East_Antarctica,332,1.8608039513143606,1.8820607032142858,1.6873253018,1.75283584675,1.9870145857500001,2.1641441762,0.5048757678259844,-0.04003886527070888,0.47681887440000015,0.23417873900000008
East_Antarctica,333,1.8213527734459385,1.8220326665348838,1.548561119,1.7069073270000001,1.948773165,2.0948381714,0.48979191491560026,-0.039451177868422116,0.5462770524000002,0.24186583799999983
East_Antarctica,334,1.7825916941388609,1.8028896919285715,1.6168097898,1.6859153020000002,1.92197519175,2.0412782235,0.47497191585585935,-0.03876107930707762,0.4244684337,0.23605988974999992
East_Antarctica,335,1.7446231245521833,1.7254778594130435,1.4347634354999999,1.62109775325,1.8482243052499998,1.9695296635,0.46045492676181404,-0.0379685695866776,0.5347662280000001,0.22712655199999987
East_Antarctica,336,1.7075480846131055,1.7100860401860465,1.4621144286,1.594588753,1.8079510134999999,1.966341877,0.44627957182177064,-0.03707503993907779,0.5042274484,0.21336226049999985
East_Antarctica,337,1.6714184781992725,1.6711485252619047,1.4125119843999998,1.5750496935000002,1.76307815925,1.8546588531000001,0.43246569608214325,-0.036129606413833004,0.4421468687000003,0.18802846574999976
East_Antarctica,338,1.6362251396746506,1.6402239725365855,1.413843618,1.552376772,1.720889838,1.828434097,0.41900979513284203,-0.03519333852462192,0.4145904789999999,0.16851306600000004
East_Antarctica,339,1.601955085862987,1.5947793861666666,1.3245511622,1.5042823294999998,1.68493177025,1.8108262736,0.4059069049567837,-0.03427005381166359,0.4862751114000001,0.1806494407500001
East_Antarctica,340,1.5685953335880223,1.571977637487805,1.337359878,1.49621846,1.657905283,1.786751122,0.39315206153688187,-0.03335975227496468,0.4493912440000001,0.16168682300000015
East_Antarctica,341,1.5361328996735044,1.5325930492619049,1.2805331929,1.44862819475,1.605763228,1.7681292060999998,0.3807403008560535,-0.03246243391451786,0.4875960131999999,0.1571350332500001
East_Antarctica,342,1.5045548009431766,1.5063117813414635,1.271983153,1.426975805,1.58219297,1.72727179,0.3686666588972133,-0.0315780987303278,0.455288637,0.15521716499999982
East_Antarctica,343,1.4738480542207837,1.466788308095238,1.2344679011000002,1.38129101175,1.5378670589999999,1.6835638333999998,0.3569261716432768,-0.03070674672239293,0.44909593229999967,0.15657604724999996
East_Antarctica,344,1.4439996763300718,1.4454745477804878,1.219508473,1.374068694,1.504146911,1.639240782,0.3455138750771599,-0.02984837789071193,0.4197323089999998,0.1300782170000001
East_Antarctica,345,1.414996684094784,1.413338338357143,1.1986460752,1.32276961575,1.486845889,1.6037179088,0.3344248051817777,-0.029002992235287683,0.4050718335999999,0.16407627325000007
East_Antarctica,346,1.3868260943386659,1.3886877502439023,1.185785954,1.305517508,1.442659817,1.575008866,0.3236539979400457,-0.02817058975611819,0.3892229119999999,0.1371423089999999
East_Antarctica,347,1.3594749238854613,1.3598109933809523,1.153350111,1.2493212175,1.4300568534999998,1.5710005517999999,0.31319648933487915,-0.027351170453204565,0.4176504407999999,0.18073563599999987
East_Antarctica,348,1.3329301895589163,1.3335616638536585,1.172083833,1.235101286,1.398696474,1.46193692,0.303047315349194,-0.026544734326545028,0.289853087,0.16359518800000017
East_Antarctica,349,1.3071789081827738,1.3144006617857142,1.1404724791999998,1.207817248,1.3884304115000001,1.5451325503,0.293201511965905,-0.025751281376142465,0.40466007110000013,0.18061316350000012
East_Antarctica,350,1.2822080965807796,1.2858039250243902,1.132508393,1.191763963,1.352272089,1.434855103,0.28365411516792804,-0.024970811601994214,0.30234671000000013,0.16050812599999986
East_Antarctica,351,1.2580047578567255,1.268211471952381,1.0952027425,1.1683645117500001,1.3401008547500002,1.4557334209000001,0.2744001556924607,-0.024203338724054113,0.3605306784000002,0.17173634300000007
East_Antarctica,352,1.2345532730667703,1.2354919546829268,1.0850591,1.141923077,1.317420782,1.411230954,0.26543366175705563,-0.02345148478995518,0.32617185400000004,0.17549770499999995
East_Antarctica,353,1.2118323079737445,1.2149897774761904,1.0581584272,1.105441716,1.3068956147500002,1.3715156324,0.25674647638103937,-0.02272096509302579,0.3133572052,0.20145389875000008
East_Antarctica,354,1.189819775499224,1.185641667097561,1.03793062,1.10045205,1.288344491,1.326873983,0.248330154740704,-0.02201253247452062,0.288943363,0.18789244100000002
East_Antarctica,355,1.1684935885647851,1.1672923455,1.0221063333999998,1.06987231125,1.26246162625,1.3086027665,0.24017625201234183,-0.021326186934438773,0.28649643310000017,0.19258931499999998
East_Antarctica,356,1.147831660092006,1.1419271338292682,0.995863957,1.062636114,1.233677685,1.279934438,0.23227632337224563,-0.020661928472779145,0.284070481,0.17104157099999995
East_Antarctica,357,1.127811903002462,1.1267626686666667,0.9766066886,1.04052191475,1.21819524,1.2639758710000002,0.22462192399670736,-0.020019757089543955,0.2873691824000002,0.17767332525
East_Antarctica,358,1.1084122302177295,1.1026446825609757,0.968072514,1.02884299,1.183411765,1.234385222,0.21720460906201922,-0.019399672784732536,0.26631270799999995,0.154568775
East_Antarctica,359,1.0896105546593846,1.0831727341904762,0.9643694540000001,1.01102803775,1.15947520475,1.2034003017000001,0.21001593374447336,-0.018801675558344888,0.23903084770000005,0.14844716700000005
East_Antarctica,360,1.0713847892490067,1.0610790016829268,0.931768429,0.98955898,1.135803533,1.19502644,0.2030474532203632,-0.018225765410377903,0.2632580109999999,0.14624455300000005
East_Antarctica,361,1.053712846908169,1.0507130653333334,0.9243857114,0.9704264245,1.1314380655,1.1763722277000002,0.1962907226659797,-0.0176719423408378,0.25198651630000013,0.16101164099999998
East_Antarctica,362,1.0365726405584506,1.0269559105609756,0.90919645,0.953978756,1.096293326,1.141735876,0.18973729725761626,-0.017140206349718357,0.232539426,0.14231457000000003
East_Antarctica,363,1.0199420831214259,1.0190773632380952,0.9076324866000001,0.944799106,1.10338182625,1.1492765563,0.18337873217156433,-0.016630557437024684,0.24164406969999996,0.15858272024999986
East_Antarctica,364,1.0037990875186722,1.001726956804878,0.897622191,0.928653538,1.06597301,1.126719401,0.17720658258411648,-0.016142995602753674,0.22909720999999994,0.13731947200000005
East_Antarctica,365,0.9881215666717668,0.9950220579285715,0.8728549771,0.926918932,1.067157552,1.1259311501,0.17121240367156532,-0.015677520846905435,0.25307617299999996,0.1402386200000001
East_Antarctica,366,0.9728874335022832,0.9853356090909091,0.921800579,0.9404647205000001,0.996463401,1.054244374,0.16538775061020203,-0.015234133169483521,0.13244379500000003,0.0559986804999999
King_Haakon,1,2.3606225040740068,2.285071417177778,1.769851655,1.904689172,2.543070664,3.0145590108,0.39603226902200717,NA,1.2447073558000001,0.6383814919999999
King_Haakon,2,2.3001966752377148,2.3154006190243903,1.775571826,2.053133355,2.520251791,2.915582361,0.3812907342049976,-0.060425828836291995,1.1400105349999998,0.46711843600000025
King_Haakon,3,2.239732324367367,2.222567759,1.6781151581,1.8890243527500001,2.44926518225,2.862977645,0.3665398015209303,-0.06046435087034796,1.1848624869,0.5602408294999999
King_Haakon,4,2.179359933139606,2.2031490586829268,1.625306347,1.937408832,2.400900992,2.772074829,0.3518113033867742,-0.060372391227760946,1.1467684820000001,0.46349215999999993
King_Haakon,5,2.119209983231057,2.10304256305,1.5686788826,1.7846057975,2.334112133,2.7030357323,0.33713707221949407,-0.06014994990854872,1.1343568497,0.5495063355
King_Haakon,6,2.059412956318362,2.0835344642682925,1.516364834,1.795654369,2.235974424,2.727445095,0.32254894043605836,-0.059797026912695284,1.2110802610000002,0.44032005500000015
King_Haakon,7,2.0000993340781545,1.987901272975,1.4242519034,1.6926794622499999,2.2173961185,2.5825195666,0.3080787404534341,-0.05931362224020731,1.1582676631999997,0.5247166562500001
King_Haakon,8,1.9413995981870602,1.9705115945853657,1.426960158,1.726077094,2.172025126,2.530569742,0.2937583046885859,-0.05869973589109434,1.103609584,0.44594803199999977
King_Haakon,9,1.8834442303217274,1.863652831975,1.314114036,1.5255844,2.14341887625,2.4794114719,0.27961946555848405,-0.05795536786533284,1.1652974359000001,0.6178344762500001
King_Haakon,10,1.82636371215878,1.849537880414634,1.258444392,1.609590914,2.069791809,2.441979906,0.2656940554800929,-0.05708051816294746,1.183535514,0.46020089499999983
King_Haakon,11,1.770288525374858,1.7523039941,1.165502553,1.409970703,1.99855464875,2.3654034004000004,0.25201390687038083,-0.05607518678392198,1.1999008474000004,0.5885839457500002
King_Haakon,12,1.7153491516465922,1.7361177781707318,1.144706209,1.447302972,1.960003658,2.350700747,0.23861085214631378,-0.05493937372826574,1.205994538,0.5127006860000001
King_Haakon,13,1.6616760726506188,1.637467467625,1.0634375756999999,1.313007898,1.907591585,2.2388396901,0.2255167237248591,-0.0536730789959734,1.1754021144,0.5945836870000001
King_Haakon,14,1.6093997700635743,1.630894089857143,1.0844774318,1.31955354975,1.91502596975,2.1793465408999997,0.2127633540229842,-0.05227630258704452,1.0948691090999998,0.5954724200000001
King_Haakon,15,1.5586507255620892,1.5433729753414633,0.998872506,1.237610066,1.840535137,2.131683025,0.2003825754576551,-0.0507490445014851,1.132810519,0.602925071
King_Haakon,16,1.5095594208228018,1.5298957182142858,1.0060854643000001,1.2001655805,1.8267743875,2.0523989681,0.18840622044583957,-0.049091304739287356,1.0463135037999998,0.626608807
King_Haakon,17,1.4622420074509435,1.4486460483414634,0.963320822,1.123491464,1.724348058,2.011980401,0.17686262542851905,-0.04731741337185835,1.0486595790000002,0.6008565939999999
King_Haakon,18,1.416705848431278,1.4272830295952381,0.9423440787999999,1.0959048285,1.756332574,1.9919624396999998,0.16575358668550202,-0.045536159019665456,1.0496183608999998,0.6604277455
King_Haakon,19,1.3729083969839269,1.3505032202195122,0.91647784,1.018626442,1.637459535,1.950694873,0.1550687244694353,-0.04379745144735114,1.034217033,0.6188330930000001
King_Haakon,20,1.3308068451744806,1.334341948047619,0.8735277446,1.041580638,1.5925063537500002,1.8784834548,0.14479759532149175,-0.0421015518094463,1.0049557102,0.5509257157500003
King_Haakon,21,1.2903583850685334,1.2722761507804878,0.815314074,0.961266978,1.555767696,1.743120101,0.13492975578284536,-0.04044846010594716,0.9278060269999999,0.5945007179999999
King_Haakon,22,1.2515202087316752,1.2504402258333334,0.7319148499000001,0.98248757775,1.5528661807499997,1.7191198713,0.12545476239466885,-0.038838176336858155,0.9872050213999999,0.5703786029999998
King_Haakon,23,1.214249508229498,1.1927833548536586,0.685400188,0.884351713,1.487304208,1.693655585,0.11636217169813554,-0.03727070050217729,1.0082553969999999,0.602952495
King_Haakon,24,1.178503475627595,1.1755911748809524,0.6871466052,0.9065297962500001,1.4314845845000002,1.7005690768,0.10764154023441909,-0.03574603260190301,1.0134224715999998,0.5249547882500001
King_Haakon,25,1.1442393029915552,1.1300298384146341,0.675415099,0.863249616,1.382984992,1.63155192,0.09928242454469209,-0.03426417263603976,0.956136821,0.5197353759999999
King_Haakon,26,1.1114141823869736,1.1115677234999999,0.6455185188999999,0.82145863925,1.3738883165,1.6275404978,0.09127438117012858,-0.03282512060458154,0.9820219789000002,0.55242967725
King_Haakon,27,1.0799853058794393,1.0690515874146342,0.627576056,0.7844902,1.347441636,1.56198183,0.08360696665190114,-0.03142887650753434,0.9344057739999999,0.5629514360000001
King_Haakon,28,1.0499098655345447,1.0590646577857143,0.6110827490999999,0.75640384175,1.3358718834999999,1.5237028163,0.07626973753118323,-0.03007544034489462,0.9126200672,0.5794680417499999
King_Haakon,29,1.0211450534178823,1.017581671902439,0.564424906,0.741395435,1.278979652,1.473555053,0.06925225034914827,-0.028764812116662375,0.9091301469999999,0.537584217
King_Haakon,30,0.9936480615950436,0.9987535842619047,0.5323254534,0.69694297725,1.30321342575,1.4404985287999998,0.06254406164696946,-0.027496991822838712,0.9081730753999998,0.6062704485000001
King_Haakon,31,0.9673760821316197,0.9611414003658537,0.500798706,0.661580271,1.240381055,1.400113366,0.056134727965819926,-0.026271979463423856,0.89931466,0.578800784
King_Haakon,32,0.9422893806459196,0.9420705,0.500622366,0.65529817225,1.236972067,1.3512577650000002,0.050014555673317404,-0.025086701485700136,0.8506353990000002,0.58167389475
King_Haakon,33,0.9183973906389182,0.9163198696341464,0.466683007,0.631120572,1.199489112,1.322505332,0.04418584617410537,-0.023891990007001374,0.855822325,0.5683685399999999
King_Haakon,34,0.8957490896003328,0.9019445389761904,0.44022883390000006,0.61882283,1.215173098,1.2962138439,0.038660548056789416,-0.022648301038585394,0.8559850099999999,0.5963502679999999
King_Haakon,35,0.874394575119263,0.8769876335365854,0.418860966,0.587791261,1.175420789,1.300043045,0.03345088317034011,-0.021354514481069842,0.881182079,0.5876295279999999
King_Haakon,36,0.854383944784812,0.8630417058095238,0.4083537621,0.588523194,1.16550065675,1.2784407821,0.028569073363728974,-0.02001063033445094,0.8700870199999999,0.57697746275
King_Haakon,37,0.8357672961860789,0.8422021857317074,0.399265363,0.581878232,1.139881147,1.26168389,0.024027340485926422,-0.018616648598733132,0.862418527,0.5580029150000001
King_Haakon,38,0.8185947269121684,0.8275641223571428,0.39669560730000003,0.5365874377500001,1.1099209965,1.2407986131,0.019837906385904314,-0.017172569273910532,0.8441030057999999,0.57333355875
King_Haakon,39,0.8029163345521819,0.8123219657560975,0.393700603,0.516004294,1.091034062,1.25256297,0.016012992912633698,-0.01567839235998647,0.8588623670000001,0.575029768
King_Haakon,40,0.7887822166952191,0.8003468762142857,0.3912377613,0.49508764525000004,1.08164172825,1.2309843296999998,0.012564821915085159,-0.014134117856962836,0.8397465683999998,0.5865540829999999
King_Haakon,41,0.7762424709303827,0.7842001007560976,0.398286499,0.541547305,1.058529071,1.226411026,0.009505615242230066,-0.012539745764836407,0.828124527,0.5169817659999999
King_Haakon,42,0.765347194846775,0.7716244556666667,0.38075203879999997,0.49423706025,1.0447918795,1.1901281501999998,0.006847594743039682,-0.01089527608360763,0.8093761113999999,0.5505548192499999
King_Haakon,43,0.7561464860334992,0.7641113365121951,0.365303503,0.539650764,1.046192668,1.218675765,0.004602982266485433,-0.009200708813275837,0.8533722619999999,0.506541904
King_Haakon,44,0.7486904420796525,0.7556449314047619,0.3855068806,0.48303689875,1.00334599875,1.1896938491,0.0027839996615373615,-0.007456043953846692,0.8041869685,0.5203091
King_Haakon,45,0.7430291605743404,0.7513425945121951,0.368166293,0.519610793,1.019289461,1.121130261,0.0014028687771674895,-0.005661281505312088,0.752963968,0.49967866800000005
King_Haakon,46,0.7392127391066636,0.7422752661904762,0.3627736357,0.47565744225,0.975314585,1.0913277715,4.7181146234667265e-4,-0.0038164214676768005,0.7285541358000001,0.49965714275
King_Haakon,47,0.737290543129513,0.7405770613658537,0.359437767,0.486391613,0.971420369,1.093908322,2.870953494893626e-6,-0.001922195977150598,0.7344705550000001,0.48502875599999995
King_Haakon,48,0.73727877503707,0.7391092312142857,0.3310004994,0.48217313275,0.9947481385,1.1343422622,0,-1.1768092443076306e-5,0.8033417627999999,0.51257500575
King_Haakon,49,0.739147621106886,0.7399779524390244,0.341365441,0.462018448,0.995549644,1.136004789,4.5592522165420024e-4,0.001868846069816077,0.794639348,0.533531196
King_Haakon,50,0.7428638780970247,0.7386791341190476,0.344739702,0.47012589725,0.99168677575,1.1460142132,0.0013625463282923146,0.0037162569901386666,0.8012745111999999,0.5215608785
King_Haakon,51,0.7483943427655466,0.737019752097561,0.332440471,0.469886665,1.014968995,1.174510293,0.0027117630297484865,0.005530464668521917,0.842069822,0.5450823300000001
King_Haakon,52,0.7557058118705132,0.7440651690714286,0.3514459034,0.496254577,1.02562040175,1.1720670204,0.004495475035857049,0.007311469104966606,0.8206211170000002,0.5293658247499999
King_Haakon,53,0.7647650821699883,0.7484908744634147,0.355288763,0.504724877,1.011988109,1.190001975,0.006705582056452903,0.009059270299475064,0.8347132119999999,0.507263232
King_Haakon,54,0.7755389504220306,0.7531570087380952,0.3572993229,0.5057937235000001,1.0527940125,1.2001381068,0.009333983801369732,0.010773868252042296,0.8428387839000001,0.5470002889999999
King_Haakon,55,0.7879942133847028,0.7610936616585365,0.337121031,0.494660343,1.088549229,1.22654863,0.012372579980442167,0.012455262962672187,0.8894275989999999,0.593888886
King_Haakon,56,0.8020976678160684,0.7790111816428571,0.34767510970000004,0.51543507425,1.12998572425,1.2227637172999999,0.015813270303505055,0.014103454431365625,0.8750886075999998,0.61455065
King_Haakon,57,0.8178161104741877,0.7903407529756098,0.34596778,0.525841705,1.159979943,1.235517418,0.01964795448039243,0.01571844265811928,0.8895496379999999,0.6341382379999999
King_Haakon,58,0.835116338117121,0.818780582452381,0.3878495428,0.527427311,1.2026160665,1.2406830913,0.02386853222093838,0.017300227642933375,0.8528335485,0.6751887555000001
King_Haakon,59,0.8539651475029326,0.8366289351219512,0.38696848700000003,0.519590443,1.179485947,1.300559528,0.028466903234977893,0.01884880938581157,0.9135910409999999,0.6598955040000001
King_Haakon,60,0.8743293353896827,0.9264778137941176,0.37400419930000006,0.526498033,1.264075015,1.3759701493,0.03343496723234503,0.020364187886750096,1.00196595,0.737576982
King_Haakon,61,0.896175698535432,0.8977222062619048,0.4670258027,0.561345277,1.2427747565,1.3543183236999998,0.03876462392287393,0.02184636314574928,0.8872925209999998,0.6814294795
King_Haakon,62,0.9194709957547766,0.9209461651190476,0.47976710040000003,0.5890936370000001,1.2842553485,1.3724130624,0.04444776375967999,0.023295297219344646,0.8926459619999999,0.6951617114999998
King_Haakon,63,0.9441691230267658,0.9408117563170731,0.468853749,0.621053407,1.31475935,1.397630153,0.0504731391679572,0.024698127271989168,0.9287764039999999,0.6937059430000001
King_Haakon,64,0.9701924453088058,0.9743558656904762,0.4993117506,0.677520399,1.3446968885,1.4438986373999998,0.05682181023897025,0.026023322282039962,0.9445868867999998,0.6671764894999999
King_Haakon,65,0.9974585846248467,0.9926438055121951,0.51492413,0.708409385,1.33275995,1.399499836,0.06347367997404356,0.027266139316040938,0.8845757059999999,0.6243505650000001
King_Haakon,66,1.025885162998834,1.037018254547619,0.5218682673999999,0.745862273,1.3720473224999998,1.5483128180999999,0.07040865137450038,0.02842657837398721,1.0264445507,0.6261850494999999
King_Haakon,67,1.0553898024547157,1.0577478503658537,0.583282633,0.799946367,1.377864825,1.491707631,0.07760662744166466,0.029504639455881776,0.9084249979999999,0.5779184580000001
King_Haakon,68,1.0858901250164392,1.1073624708571428,0.5596034368,0.83720616975,1.4119489745,1.5885429604999999,0.08504751117686012,0.030500322561723525,1.0289395236999999,0.5747428047500001
King_Haakon,69,1.117303752707951,1.120709647195122,0.635039072,0.843187813,1.387052728,1.627731456,0.09271120558141029,0.03141362769151179,0.992692384,0.543864915
King_Haakon,70,1.1495483075531991,1.1705611711904762,0.6123673037,0.87112103825,1.4912086515,1.6978745695,0.10057761365663907,0.03224455484524813,1.0855072658,0.6200876132500001
King_Haakon,71,1.1825414115761321,1.199077032,0.6632711,0.926137121,1.504279977,1.735321094,0.1086266384038705,0.032993104022932984,1.072049994,0.5781428559999999
King_Haakon,72,1.216200686800695,1.2446733778809524,0.6443675883000001,0.9751821780000001,1.5335531980000001,1.7785700386999999,0.11683818282442773,0.0336592752245628,1.1342024503999997,0.55837102
King_Haakon,73,1.2504437552508378,1.2592440505365854,0.695488313,0.988873085,1.551371403,1.769475497,0.12519214991963523,0.03424306845014291,1.073987184,0.562498318
King_Haakon,74,1.2851882389505074,1.3007309419761905,0.6808790979000001,1.012639439,1.59420474325,1.8060121698,0.1336684426908165,0.03474448369966954,1.1251330719,0.58156530425
King_Haakon,75,1.3203517599236496,1.317904906195122,0.748879145,1.062771768,1.627642837,1.8125568,0.14224696413929505,0.03516352097314224,1.0636776550000002,0.5648710690000001
King_Haakon,76,1.3558519401942104,1.3556851588095238,0.7290341545000001,1.107647279,1.6707245525,1.8359148003999999,0.15090761726639415,0.03550018027056079,1.1068806458999998,0.5630772735
King_Haakon,77,1.391606401786143,1.374635712195122,0.822409821,1.050257244,1.618273529,1.886929591,0.15963030507343903,0.03575446159193252,1.06451977,0.5680162850000001
King_Haakon,78,1.4275412913775507,1.4239649187142858,0.7689334492000001,1.1473590960000002,1.74961632675,1.9364073058,0.16839701024338072,0.03593488959140778,1.1674738566,0.6022572307499998
King_Haakon,79,1.4636213992974254,1.4429577824634146,0.814742007,1.173086938,1.689445789,2.020091178,0.17719914299597025,0.036080107919874704,1.205349171,0.5163588510000001
King_Haakon,80,1.4998224605301889,1.4874895537380952,0.8736412296,1.228104727,1.81561650925,1.9832133865,0.18603078361808384,0.036201061232763454,1.1095721568999999,0.58751178225
King_Haakon,81,1.5361202107609015,1.5134802005853658,0.813676354,1.245757404,1.766526633,2.084539211,0.19488601256752597,0.03629775023071269,1.270862857,0.5207692290000001
King_Haakon,82,1.572490385674623,1.5726163699761906,1.0125634018,1.29357341025,1.87603145575,2.1098317638,0.203758910302101,0.03637017491372152,1.0972683619999999,0.5824580454999999
King_Haakon,83,1.6089087209564141,1.5968236979268293,0.931081112,1.337127194,1.863770217,2.138067277,0.2126435572796135,0.03641833528179106,1.2069861650000002,0.5266430229999999
King_Haakon,84,1.6453509522913334,1.6447851308809525,1.1091821248,1.409967834,1.935705107,2.1540484144,0.22153403395786764,0.036442231334919306,1.0448662896,0.5257372730000001
King_Haakon,85,1.6817928153644408,1.6651619087804879,1.088367313,1.471131818,1.96703537,2.207136797,0.23042442079466777,0.03644186307310737,1.118769484,0.49590355200000014
King_Haakon,86,1.7182100458607976,1.721231131404762,1.1588864664000003,1.52891844275,2.049815011,2.2245642005,0.23930879824781864,0.03641723049635681,1.0656777340999999,0.5208965682500002
King_Haakon,87,1.754578379465462,1.734618352487805,1.155917044,1.549901343,2.045797238,2.313451783,0.24818124677512424,0.036368333604664294,1.1575347390000001,0.4958958950000001
King_Haakon,88,1.7908735518634948,1.7946955561190476,1.2448961273999999,1.603039388,2.12786155675,2.3146829349,0.25703584683438924,0.03629517239803293,1.0697868075,0.5248221687500001
King_Haakon,89,1.8270712987399564,1.8105528304390244,1.22125343,1.611796267,2.124139643,2.387557002,0.26586667888341803,0.0361977468764616,1.166303572,0.512343376
King_Haakon,90,1.8631473557799054,1.8742089947142857,1.2949838904000002,1.671313547,2.1659614205000004,2.3886651060000004,0.27466782338001483,0.03607605703994898,1.0936812156000002,0.4946478735000004
King_Haakon,91,1.8990774586684016,1.9907380492,1.3194066493999999,1.723967708,2.261385999,2.692897405,0.28343336078198395,0.035930102888496185,1.3734907556000002,0.5374182909999998
King_Haakon,92,1.934837343090508,1.934880524860465,1.4641771661999998,1.748162043,2.166403781,2.4562264238,0.29215737154713056,0.035759884422106314,0.9920492576000002,0.4182417380000001
King_Haakon,93,1.9704058004653013,1.9527960006585365,1.401115642,1.788039766,2.154508427,2.409879444,0.3008346816126389,0.035568457374793416,1.008763802,0.3664686610000001
King_Haakon,94,2.005788218415387,2.017127896904762,1.5538095263,1.84417976125,2.20175472675,2.5418417059,0.30946660534734327,0.035382417950085676,0.9880321796,0.3575749655
King_Haakon,95,2.0410036787787975,2.0241205450487807,1.533441001,1.858955048,2.204782831,2.513464589,0.3180577979721177,0.0352154603634105,0.9800235879999999,0.34582778300000006
King_Haakon,96,2.0760713765688985,2.0902304014761905,1.6163367594,1.9168557297500002,2.2822224755,2.5529501422000003,0.3266129423181835,0.03506769779010099,0.9366133828000003,0.3653667457499996
King_Haakon,97,2.1110105067990568,2.0920003431707315,1.603556345,1.914074174,2.255848569,2.596298406,0.33513672121676213,0.034939130230158266,0.9927420609999997,0.34177439499999984
King_Haakon,98,2.145840264482639,2.1594574421190478,1.7137904464,1.9700575662500002,2.3737736755,2.6064629838,0.3436338174990751,0.03482975768358232,0.8926725374000002,0.4037161092499997
King_Haakon,99,2.180579844633011,2.16361235202439,1.659207802,1.952062158,2.353420709,2.67033759,0.35210891399634353,0.03473958015037182,1.0111297879999999,0.40135855099999995
King_Haakon,100,2.2152484422635403,2.2316815786666666,1.7978628498,2.04691233275,2.4234271115,2.7011191637,0.3605666935397893,0.03466859763052943,0.9032563139,0.3765147787500003
King_Haakon,101,2.2498652523875933,2.230318979902439,1.711519129,1.978917033,2.410693274,2.775332534,0.36901183896063366,0.03461681012405293,1.0638134049999999,0.4317762410000001
King_Haakon,102,2.284449470018535,2.3035519081904763,1.8957405704,2.1203196539999998,2.535731482,2.7922404230999995,0.37744903309009775,0.03458421763094188,0.8964998526999994,0.4154118280000003
King_Haakon,103,2.3190202901697337,2.2934208287804876,1.757696118,2.097977593,2.549639655,2.846524773,0.3858829587594033,0.0345708201511985,1.0888286550000001,0.45166206200000003
King_Haakon,104,2.353596907854556,2.3753331510714286,1.9824965107,2.1864995499999997,2.5911996465,2.855614867,0.394318298799772,0.03457661768482234,0.8731183562999998,0.40470009650000005
King_Haakon,105,2.388198518086367,2.3577087533170733,1.826088865,2.130163315,2.594561054,2.923610921,0.4027597360424248,0.034601610231811186,1.0975220559999999,0.46439773900000025
King_Haakon,106,2.4228443158785353,2.4493853794285716,2.0889462979,2.2791570207500005,2.69399447625,2.9360751681,0.41121195331858357,0.03464579779216814,0.8471288701999997,0.4148374554999994
King_Haakon,107,2.4575534962444237,2.430422232707317,1.901622411,2.218222516,2.653574371,2.947827917,0.4196796334594689,0.034709180365888326,1.0462055060000002,0.43535185499999995
King_Haakon,108,2.4923436579287226,2.523668253309524,2.1681226838999996,2.295245841,2.76402647875,2.9849368662,0.42816706986928543,0.03479016168429894,0.8168141823000004,0.4687806377500001
King_Haakon,109,2.5272019819299367,2.495845078609756,2.012595518,2.320099881,2.737932107,3.012574187,0.43667113521390294,0.034858324001214136,0.9999786689999999,0.4178322259999998
King_Haakon,110,2.562088365912367,2.5934914267380953,2.2308160724999997,2.3636376109999997,2.8952429642500004,3.0473882715,0.4451820460945773,0.03488638398243049,0.8165721990000003,0.5316053532500007
King_Haakon,111,2.5969617404790424,2.5530233493658536,2.072009901,2.364006093,2.768825206,3.048736234,0.45368978318750225,0.034873374566675164,0.9767263330000002,0.40481911299999984
King_Haakon,112,2.6317810362329856,2.6535513187380952,2.2916929549000002,2.4280872537500002,3.02775963675,3.0727205973,0.4621843271688705,0.03481929575394327,0.7810276423999998,0.5996723829999997
King_Haakon,113,2.6665051837772293,2.620291161487805,2.065685813,2.410145484,2.882050169,3.11427054,0.4706556587148766,0.03472414754424369,1.0485847270000002,0.47190468500000016
King_Haakon,114,2.701093113714799,2.732785226309524,2.3085804031,2.49949725,3.10470046,3.1725835466,0.4790937585017137,0.03458792993756976,0.8640031434999997,0.60520321
King_Haakon,115,2.735503756648723,2.697082517317073,2.272238187,2.50719787,3.039579889,3.175996277,0.48748860720557546,0.03441064293392371,0.9037580899999997,0.5323820189999999
King_Haakon,116,2.7696960431820266,2.8115871709999998,2.3840240380999997,2.58567704125,3.1484536615,3.237729351,0.4958301855026552,0.03419228653330375,0.8537053129000003,0.5627766202500002
King_Haakon,117,2.8036289039177396,2.7701121179512196,2.406640849,2.570843884,3.09030767,3.237586886,0.5041084740691467,0.033932860735713,0.8309460369999999,0.5194637860000002
King_Haakon,118,2.8372612694588866,2.8739676153095237,2.459073127,2.645004465,3.1964920945,3.2829203200999997,0.5123134535812429,0.033632365541147013,0.8238471930999998,0.5514876295
King_Haakon,119,2.870552070408498,2.834785075414634,2.421674145,2.649599529,3.182208991,3.276537197,0.5204351047151382,0.033290800949611565,0.8548630520000002,0.5326094619999999
King_Haakon,120,2.9034602373696,2.9390803540714288,2.5907620146,2.7009270377500005,3.23885738325,3.3580535988999998,0.5284634081470256,0.03290816696110177,0.7672915842999997,0.5379303454999995
King_Haakon,121,2.9359447009452206,2.973321830288889,2.5369533784,2.707734999,3.258009939,3.4856229512000003,0.5363883445530991,0.03248446357562074,0.9486695728000005,0.55027494
King_Haakon,122,2.967964391738387,2.981434873627907,2.619846071,2.7795773525,3.2657091955,3.4272951478,0.5441998946095519,0.032019690793166244,0.8074490768000002,0.4861318429999999
King_Haakon,123,2.9994784410380295,2.9603367565853658,2.571296633,2.787706597,3.264322569,3.371496998,0.5518880879520752,0.03151404929964263,0.8002003649999998,0.47661597199999983
King_Haakon,124,3.030458021287366,3.0635345991190475,2.7243913673,2.8627057500000004,3.32070587025,3.5086225286,0.559445891786247,0.030979580249336447,0.7842311613000001,0.4580001202499995
King_Haakon,125,3.0608929687187394,3.0168370018536583,2.598525894,2.857330765,3.271035565,3.534597662,0.5668708265509644,0.030434947431373427,0.9360717680000001,0.4137048000000001
King_Haakon,126,3.0907747250517357,3.1130721378809523,2.7785063182000003,2.92115260025,3.325607451,3.579340639,0.5741608043611106,0.02988175633299628,0.8008343207999999,0.4044548507500001
King_Haakon,127,3.120094732005944,3.0591731000731706,2.633770454,2.932569143,3.251101864,3.601450848,0.5813137373315695,0.02932000695420811,0.9676803939999998,0.31853272099999996
King_Haakon,128,3.1488444313009465,3.171618601642857,2.8790843807999997,2.9873332912499997,3.3245752415,3.644895677,0.5883275375772237,0.028749699295002706,0.7658112962000003,0.33724195025000014
King_Haakon,129,3.177015264656328,3.1302156008292683,2.643825256,2.989609436,3.316474794,3.65572097,0.5952001172129557,0.028170833355381397,1.011895714,0.32686535800000005
King_Haakon,130,3.2045986737916743,3.236590201714286,2.9269340496000003,3.07943703075,3.39204735475,3.6760405529,0.601929388353649,0.027583409135346404,0.7491065032999997,0.312610324
King_Haakon,131,3.2315861004265733,3.194587564902439,2.720258561,3.086763011,3.361980097,3.690020984,0.608513263114187,0.02698742663489906,0.9697624229999997,0.27521708600000006
King_Haakon,132,3.257968986280609,3.311815465452381,2.9633635648,3.1555130515000003,3.5087638532499996,3.7428282368,0.6149496536094526,0.02638288585403581,0.779464672,0.35325080174999934
King_Haakon,133,3.2837387730733654,3.264586546707317,2.807232956,3.115931044,3.520929899,3.696123364,0.6212364719543285,0.02576978679275621,0.888890408,0.4049988550000001
King_Haakon,134,3.3088869025244296,3.3663720657857144,3.0091891527,3.16512391,3.5563726777499998,3.7722978850999995,0.6273716302636981,0.02514812945106426,0.7631087323999997,0.3912487677499996
King_Haakon,135,3.3334048163533856,3.304399484536585,2.876502056,3.16319842,3.489487497,3.76486407,0.6333530406524444,0.02451791382895596,0.8883620139999997,0.32628907699999976
King_Haakon,136,3.3572839562798213,3.404835341642857,3.1201843045000004,3.2204879315,3.5978609335,3.7792821974,0.6391786152354507,0.023879139926435755,0.6590978928999998,0.3773730019999997
King_Haakon,137,3.3805157640233188,3.3475660672439025,2.884906454,3.218056508,3.517393296,3.788801831,0.6448462661275994,0.023231807743497424,0.903895377,0.29933678799999974
King_Haakon,138,3.4030917036547215,3.443775645761905,3.1473358023999998,3.2887483115,3.63941627275,3.808141023,0.6503539108966051,0.022575939631402697,0.6608052206000004,0.3506679612500001
King_Haakon,139,3.425019443906563,3.392171803,2.976547271,3.263782866,3.56007871,3.78558718,0.6557034204127529,0.02192774025184141,0.809039909,0.29629584399999986
King_Haakon,140,3.446351423080134,3.484009755357143,3.1620414905,3.3615283135,3.667762362,3.841164107,0.6609075875670816,0.021331979173571103,0.6791226164999999,0.3062340484999999
King_Haakon,141,3.4671477459580604,3.4242515919512195,2.977357167,3.256690784,3.646688238,3.842841189,0.6659810755717112,0.020796322877926432,0.865484022,0.38999745399999997
King_Haakon,142,3.487468517322957,3.5148319972619047,3.204430328,3.3870233499999998,3.6817018299999997,3.8736837352999998,0.6709385476387587,0.02032077136489674,0.6692534072999998,0.29467847999999996
King_Haakon,143,3.507373841957448,3.4647907183414635,3.015264021,3.329220492,3.679116764,3.891818394,0.6757946669803437,0.019905324634490906,0.8765543729999998,0.34989627200000006
King_Haakon,144,3.5269238246441503,3.5557605896904763,3.1784327537,3.393295657,3.7476270520000003,3.9454381414,0.6805640968085841,0.019549982686702272,0.7670053876999998,0.35433139500000044
King_Haakon,145,3.546178570165684,3.5020323314390245,3.117125329,3.37877713,3.737835427,3.958421731,0.6852615003355982,0.0192547455215335,0.8412964020000002,0.3590582969999998
King_Haakon,146,3.5651981833046675,3.5889579279761903,3.2186769917999998,3.4001846782500005,3.789053893,3.94386096,0.6899015407735042,0.019019613138983704,0.7251839682000001,0.3888692147499997
King_Haakon,147,3.5840427688437235,3.5445034480487805,3.15346382,3.361114847,3.82178957,3.960756875,0.6944988813344211,0.01884458553905599,0.8072930550000001,0.4606747229999999
King_Haakon,148,3.6027724315654694,3.639017428357143,3.3135571995000004,3.46293038525,3.8546040305,3.9706337283,0.6990681852304669,0.01872966272174592,0.6570765287999998,0.39167364525000004
King_Haakon,149,3.6214472762525247,3.590239439829268,3.213259057,3.418014991,3.838992512,3.988653689,0.7036241156737598,0.01867484468705527,0.7753946319999998,0.42097752099999974
King_Haakon,150,3.6401274076875128,3.6758178584761905,3.3123625575,3.5042568415,3.8816106987500003,4.021978027099999,0.7081813358764192,0.018680131434988034,0.7096154695999992,0.37735385725000015
King_Haakon,151,3.6588729306530485,3.618354010585366,3.255731207,3.397101366,3.862288925,4.029315,0.7127545090505624,0.018745522965535777,0.7735837930000002,0.4651875590000003
King_Haakon,152,3.677743949931754,3.7124955225777776,3.3418802118000004,3.555011709,3.910390299,4.03967968,0.7173582984083083,0.018871019278705603,0.6977994681999995,0.35537858999999994
King_Haakon,153,3.6968005703062468,3.668999159142857,3.2575149717999996,3.4314284307500005,3.92936220625,4.0918120437,0.7220073671617748,0.019056620374492628,0.8342970719000005,0.4979337754999995
King_Haakon,154,3.7160900216371027,3.751939582214286,3.3683887486,3.5850522015,3.9562274555,4.0869381007,0.7267132375465272,0.01928945133085591,0.7185493521000001,0.3711752540000002
King_Haakon,155,3.7355933406281907,3.693940680268293,3.261757987,3.49543211,4.008608801,4.107570093,0.7314712832612711,0.019503318991088037,0.8458121059999995,0.5131766910000004
King_Haakon,156,3.7552703508323213,3.792209545690476,3.4006327318,3.57346045275,4.016306594,4.1140804285,0.7362717028269623,0.019677010204130596,0.7134476967000003,0.44284614124999955
King_Haakon,157,3.7750808661292004,3.744102062317073,3.332876301,3.555187872,4.03127108,4.172167912,0.741104692404698,0.01981051529687905,0.8392916109999997,0.4760832079999999
King_Haakon,158,3.7949847003985226,3.831724835666667,3.4356658464,3.6235756932500003,4.026598235250001,4.1657272264,0.7459604481555728,0.019903834269322296,0.7300613799999995,0.40302254200000043
King_Haakon,159,3.8149416675199843,3.770205857780488,3.341739813,3.583631005,3.982480593,4.173217002,0.7508291662406816,0.019956967121461666,0.8314771890000006,0.39884958800000003
King_Haakon,160,3.8349115813732833,3.863170975190476,3.5020435858,3.70416857225,4.01399948275,4.1659504363,0.7557010428211197,0.019969913853298937,0.6639068505000001,0.3098309105000001
King_Haakon,161,3.8548542558381205,3.8116542336829267,3.355251528,3.642901796,4.046525404,4.209292029,0.760566274057983,0.019942674464837218,0.8540405010000001,0.40362360799999975
King_Haakon,162,3.8747295047941903,3.9049630436666667,3.5537254886000005,3.7745964117499997,4.09794338225,4.2616658383,0.7654150561123662,0.019875248956069846,0.7079403496999994,0.3233469705000007
King_Haakon,163,3.894497142121192,3.8580602339756096,3.365558915,3.600479735,4.161311787,4.310008453,0.7702375851453646,0.019767637327001708,0.9444495380000002,0.5608320519999999
King_Haakon,164,3.914116981698822,3.9560327698333335,3.5527555856,3.8066642255,4.1858565397500005,4.3327610288,0.7750240573180733,0.019619839577630138,0.7800054432000003,0.37919231425000044
King_Haakon,165,3.933548837406782,3.8989682331463413,3.482195582,3.632136407,4.192699356,4.35832423,0.7797646687915887,0.019431855707960022,0.8761286479999999,0.5605629490000004
King_Haakon,166,3.9527525231247633,3.995752851047619,3.5881607613,3.74652883225,4.196218191250001,4.3488714692,0.7844496157270042,0.019203685717981145,0.7607107078999995,0.4496893590000006
King_Haakon,167,3.971687852732467,3.9363793078536586,3.461489707,3.684366822,4.214289546,4.347244742,0.789069094285416,0.01893532960770372,0.8857550349999999,0.529922724
King_Haakon,168,3.990314640109594,4.021043128261905,3.5527003494000002,3.8152336919999996,4.2566199275,4.350615879699999,0.7936133006279202,0.018626787377126863,0.7979155302999992,0.44138623550000045
King_Haakon,169,4.008595923728962,3.9769796111219513,3.509039928,3.729031103,4.260647998,4.409348572,0.7980732175899974,0.018281283619368427,0.9003086439999999,0.5316168949999995
King_Haakon,170,4.026527079225785,4.054564506904762,3.5905206626999995,3.830936169,4.24739628225,4.443182835699999,0.8024477170078168,0.01793115549682245,0.8526621729999997,0.4164601132500003
King_Haakon,171,4.044122134731107,4.015697495975609,3.529155274,3.787771807,4.262238696,4.475346652,0.8067402211957468,0.017595055505322144,0.946191378,0.4744668889999999
King_Haakon,172,4.061395343500234,4.084940671047619,3.6279351911999997,3.90231460125,4.28567231175,4.4715735256,0.8109542073896544,0.017273208769126747,0.8436383344000005,0.3833577104999999
King_Haakon,173,4.078360958788461,4.043177232878048,3.508652474,3.835841765,4.286176124,4.4995377,0.8150931528254046,0.016965615288227376,0.9908852260000005,0.45033435899999974
King_Haakon,174,4.095033233851096,4.123204221452381,3.6455115985,3.9380498572500002,4.33423331025,4.4890890373,0.8191605347388651,0.01667227506263469,0.8435774388000001,0.3961834529999999
King_Haakon,175,4.1114264219434355,4.0779215498536585,3.573465066,3.859052741,4.313284596,4.513057917,0.8231598303659011,0.016393188092339805,0.9395928510000005,0.45423185499999974
King_Haakon,176,4.127554776320781,4.1669844665,3.7243768073000005,4.003926235,4.38077877175,4.5601079961,0.827094516942379,0.01612835437734539,0.8357311887999996,0.3768525367500004
King_Haakon,177,4.143432550238432,4.126329048878048,3.568415962,3.927714622,4.361854597,4.573243014,0.8309680717041646,0.01587777391765144,1.004827052,0.4341399749999999
King_Haakon,178,4.159073996951692,4.20282787697619,3.7721180551,4.0099089150000005,4.38555760325,4.5832030381,0.8347839718871247,0.015641446713259732,0.8110849829999998,0.3756486882499992
King_Haakon,179,4.174493369715862,4.152777917731707,3.601889109,4.011033986,4.358100081,4.584540025,0.8385456947271256,0.01541937276417027,0.9826509159999999,0.34706609499999974
King_Haakon,180,4.189704921786239,4.220524037523809,3.8206414515000002,4.061989189249999,4.3798693455,4.6126767764,0.8422567174600324,0.015211552070376833,0.7920353248999996,0.3178801562500011
King_Haakon,181,4.2047229064181275,4.171755098536585,3.652201602,3.966896229,4.392808043,4.656263173,0.8459205173217123,0.015017984631888304,1.0040615710000003,0.42591181399999956
King_Haakon,182,4.219561576866829,4.250445524866667,3.911601852,4.082515632,4.436189356,4.6347173248,0.8495405715480314,0.01483867044870113,0.7231154728000004,0.3536737240000001
King_Haakon,183,4.23423518638764,4.2086556551428576,3.7974498243000006,3.996418567,4.4038648165,4.6701022786,0.8531203573748554,0.014673609520811759,0.8726524542999994,0.4074462494999995
King_Haakon,184,4.248757829197896,4.2685990128333335,3.8983197437,4.1348047349999995,4.4041045965,4.6845892316,0.856663313239017,0.01452264281025517,0.7862694879000003,0.2692998615000004
King_Haakon,185,4.26313994164159,4.231430518,3.815153489,4.013177358,4.42546277,4.724709721,0.8601719851995667,0.014382112443694695,0.9095562319999999,0.41228541200000013
King_Haakon,186,4.277388302189392,4.298564231642857,3.9502646665,4.144026864,4.46132758125,4.7353002624,0.8636480269377741,0.014248360547801653,0.7850355959000002,0.3173007172500002
King_Haakon,187,4.291509530273995,4.259957220756098,3.87537527,4.074977255,4.462338699,4.739499618,0.8670930533358743,0.014121228084603032,0.8641243479999998,0.3873614439999997
King_Haakon,188,4.3055102453281,4.324012962047619,3.9489583728000004,4.1427637514999995,4.4903299515,4.6697913919000005,0.870508679276104,0.01400071505410505,0.7208330191000001,0.34756620000000016
King_Haakon,189,4.3193970667844,4.29351918104878,3.886440266,4.136649113,4.479127527,4.66727873,0.8738965196406979,0.013886821456299714,0.7808384639999995,0.34247841400000034
King_Haakon,190,4.333176614075588,4.347613699428571,4.0202896500000005,4.1370395175,4.5034825847499995,4.7141430419,0.8772581893118911,0.01377954729118791,0.6938533918999994,0.36644306724999964
King_Haakon,191,4.346855506634362,4.326291120463415,3.929192964,4.135013127,4.52996955,4.753060375,0.8805953031719197,0.01367889255877408,0.8238674109999997,0.394956423
King_Haakon,192,4.360440363893417,4.376278579095238,3.9968347386,4.1443711865,4.5641814609999996,4.7629770986999995,0.883909476103019,0.01358485725905556,0.7661423600999995,0.41981027449999964
King_Haakon,193,4.373937805285457,4.353351873731707,3.968290058,4.17746493,4.52478904,4.792253808,0.887202322987426,0.013497441392039455,0.8239637499999999,0.34732410999999974
King_Haakon,194,4.387354450243164,4.402253511214286,4.0324400649,4.22636757775,4.57156137975,4.8007170630000005,0.8904754587073733,0.013416644957707113,0.7682769981000002,0.3451938020000007
King_Haakon,195,4.400696918199241,4.379959344804878,3.996939988,4.237853662,4.541418959,4.811193754,0.8937304981450982,0.013342467956077186,0.8142537659999998,0.30356529699999957
King_Haakon,196,4.413971828586385,4.431903809071429,4.108827389,4.2889482892499995,4.5811368085,4.7836958581,0.8969690561828365,0.013274910387144345,0.6748684690999998,0.29218851925000067
King_Haakon,197,4.427185800837292,4.41061801197561,4.07329894,4.287942407,4.560955333,4.824901288,0.9001927477028235,0.013213972250906814,0.7516023480000005,0.2730129259999998
King_Haakon,198,4.440345454384655,4.4487573124285715,4.1253442761,4.2795679367499995,4.5957422745,4.8262430964,0.9034031875872942,0.013159653547362815,0.7008988203,0.3161743377500006
King_Haakon,199,4.453457261983342,4.437004491195122,4.108835842,4.224938633,4.60404338,4.85030043,0.9066019549348409,0.013111807598686909,0.7414645879999995,0.3791047470000004
King_Haakon,200,4.466515543510121,4.483113523857143,4.151040848999999,4.31776920625,4.66679355225,4.8786442367000005,0.909787664017936,0.013058281526778792,0.7276033877000012,0.3490243459999993
King_Haakon,201,4.479493549833317,4.475440519390244,4.113423093,4.273048663,4.676981894,4.859918721,0.9129537890964532,0.012978006323196567,0.7464956279999999,0.4039332309999999
King_Haakon,202,4.492362430864489,4.522986554119048,4.1703093115,4.31943378225,4.70698198675,4.8805002044000005,0.916093291879128,0.012868881031171675,0.7101908929000009,0.3875482044999998
King_Haakon,203,4.505093336515201,4.503444882536585,4.124037859,4.302385626,4.703214914,4.879565536,0.9191991340746978,0.01273090565071211,0.7555276769999999,0.40082928799999973
King_Haakon,204,4.5176574166970145,4.552832225904762,4.2194673701,4.3636355925,4.72741912325,4.876705268,0.922264277391899,0.01256408018181343,0.6572378979,0.36378353075000014
King_Haakon,205,4.530025821321493,4.525975641512195,4.177475003,4.333361619,4.747565398,4.879920614,0.9252816835394685,0.012368404624478302,0.7024456110000008,0.41420377900000016
King_Haakon,206,4.5421697003002,4.56302284102381,4.2356809293,4.34541989075,4.75903586875,4.8779803799,0.9282443142261435,0.012143878978707612,0.6422994506000004,0.41361597800000016
King_Haakon,207,4.554060203544697,4.532541819560976,4.121185055,4.307315518,4.771119659,4.886473829,0.93114513116066,0.01189050324449692,0.7652887740000001,0.4638041409999998
King_Haakon,208,4.565668480966548,4.570720036642857,4.2193119858,4.345185201,4.77260020875,4.8923144556,0.9339770960517554,0.011608277421850666,0.6730024698000001,0.4274150077500005
King_Haakon,209,4.576965682477313,4.543433623585366,4.045283882,4.328532378,4.809897459,4.887611215,0.936733170608166,0.011297201510765298,0.8423273330000001,0.48136508099999986
King_Haakon,210,4.5879229579885585,4.590350371047619,4.2315559371,4.3683155685,4.81818971,4.9077080008,0.9394063165386289,0.010957275511245257,0.6761520636999991,0.4498741415000005
King_Haakon,211,4.598511457411842,4.565381321682927,4.039653164,4.31389686,4.859823867,4.941900214,0.9419894955518802,0.010588499423283437,0.9022470500000006,0.5459270070000004
King_Haakon,212,4.608702330658734,4.608074968857143,4.2759232017,4.38493220275,4.856054878749999,4.959494049699999,0.9444756693566583,0.010190873246892274,0.6835708479999987,0.47112267599999935
King_Haakon,213,4.618466727640788,4.591680905377777,4.1536527,4.415120132,4.864814565,4.9500957618,0.9468577996616976,0.009764396982054002,0.7964430617999998,0.44969443299999945
King_Haakon,214,4.6277758024812305,4.619273916813953,4.340513571,4.4048006695,4.8563420295,4.9720050796,0.9491288492032159,0.0093090748404423,0.6314915085999999,0.4515413600000002
King_Haakon,215,4.636609945463134,4.610224397785714,4.1599344315,4.421510866249999,4.869413483,5.0261627036,0.9512840339785709,0.00883414298190388,0.8662282720999999,0.4479026167500004
King_Haakon,216,4.644978367226149,4.661994356190476,4.3275194823000005,4.43666733075,4.85327626,5.0344157221999994,0.9533256010229737,0.008368421763014666,0.706896239899999,0.4166089292500006
King_Haakon,217,4.6528958841229935,4.630973555714286,4.316607608,4.416865191249999,4.86867106225,5.0287214558,0.9552571649459991,0.00791751689684439,0.7121138478000004,0.45180587100000036
King_Haakon,218,4.660377312506386,4.680142945142857,4.3427316098999995,4.49633960325,4.916449791,5.038225313700001,0.9570823403572216,0.0074814283833921635,0.6954937038000013,0.42011018774999975
King_Haakon,219,4.667437468729046,4.651752646547619,4.2677511728,4.4641584375,4.91266577725,5.062715186199999,0.9588047418662162,0.007060156222660652,0.7949640133999996,0.4485073397499999
King_Haakon,220,4.674091169143693,4.71514517802381,4.3623601121,4.547821128,4.93212610325,5.1116657951999995,0.9604279840825571,0.006653700414646302,0.7493056830999993,0.38430497525000007
King_Haakon,221,4.6803532301030515,4.676257334738096,4.2452888222,4.5119043332499995,4.927449983000001,5.1257653548999995,0.961955681615821,0.006262060959358884,0.8804765326999995,0.4155456497500012
King_Haakon,222,4.686238467959838,4.731715739714286,4.3724129288,4.5702392105,4.902835420000001,5.139925493400001,0.9633914490755815,0.005885237856786851,0.7675125646000005,0.332596209500001
King_Haakon,223,4.691761699066773,4.6873603281190475,4.2288727347,4.5181661085,4.910504872000001,5.1758708832,0.9647389010714136,0.005523231106934645,0.9469981484999996,0.39233876350000063
King_Haakon,224,4.696937739776578,4.733917340619048,4.4187983512999995,4.519285216,4.94038702875,5.2013747892,0.9660016522128926,0.00517604070980493,0.7825764379000004,0.4211018127499999
King_Haakon,225,4.701781406441972,4.698108397,4.3506084048,4.4886383435,4.9258207625,5.1910330691999995,0.9671833171095934,0.004843666665394153,0.8404246643999995,0.437182419
King_Haakon,226,4.706307515415672,4.756187637238095,4.4424262075000005,4.542214874499999,4.96073655875,5.217625347,0.9682875103710898,0.00452610897369965,0.7751991394999997,0.4185216842500008
King_Haakon,227,4.710530883050405,4.717011530595238,4.3908688014,4.5159399672500005,4.960509746,5.203701612500001,0.9693178466069589,0.004223367634732966,0.8128328111000007,0.44456977874999914
King_Haakon,228,4.714466325698884,4.760520850952381,4.417780377100001,4.555768713,4.9533807185,5.2178528956,0.9702779404267734,0.003935442648479004,0.8000725184999995,0.3976120055000001
King_Haakon,229,4.718128659713833,4.7160056445,4.3868221748,4.51309688475,4.953454943,5.195646130299999,0.9711714064401096,0.003662334014949309,0.8088239554999994,0.4403580582499993
King_Haakon,230,4.72153559703378,4.740118529666667,4.3976954278000004,4.50873420675,4.9436663114999995,5.1593481921,0.9720025656660333,0.003406937319947012,0.7616527643,0.43493210474999966
King_Haakon,231,4.724721758805355,4.693422194119048,4.3226269171,4.501878006749999,4.888129554,5.1216429678,0.972779864307903,0.003186161771575158,0.7990160506999997,0.38625154725000055
King_Haakon,232,4.727727886582504,4.716014493690476,4.418475002,4.4937245502500005,4.9466396195,5.0828940856000004,0.973513241708671,0.003006127777148926,0.6644190836000003,0.45291506924999947
King_Haakon,233,4.730594730361124,4.682625667619048,4.345118619,4.4697337665,4.855140054,5.0929421824,0.9742126392707956,0.0028668437786203427,0.7478235633999999,0.3854062874999995
King_Haakon,234,4.733363040137109,4.71540558002381,4.329940243099999,4.46107143325,4.94698020025,5.1037953675,0.9748879983967336,0.0027683097759849673,0.7738551244000007,0.48590876699999974
King_Haakon,235,4.736073565906346,4.692689023619048,4.3020765477,4.466602637499999,4.905813064749999,5.1347922301999995,0.9755492604889401,0.0027105257692365825,0.8327156824999999,0.4392104272499999
King_Haakon,236,4.738767057664731,4.72301285602381,4.2732705922,4.48043952275,4.951359912,5.1586662558,0.9762063669498731,0.0026934917583849582,0.8853956635999998,0.4709203892499998
King_Haakon,237,4.741484265408152,4.702969006976191,4.2893115361,4.48651499925,4.94906725975,5.2058069665,0.9768692591819882,0.0027172077434212127,0.9164954304000004,0.46255226049999987
King_Haakon,238,4.744265939132509,4.741059656809524,4.2881080661999995,4.49284856075,4.990419201750001,5.1659722653,0.9775478785877436,0.0027816737243568923,0.8778641991000002,0.49757064100000115
King_Haakon,239,4.747152828833686,4.730990301214286,4.286819687,4.4671665332499995,4.9844925697499995,5.1423196156,0.9782521665695944,0.002886889701176898,0.8554999285999996,0.5173260365000001
King_Haakon,240,4.7501856845075805,4.755676666309524,4.2801933695,4.440705116749999,5.03482866825,5.1956844327,0.9789920645299981,0.0030328556738945522,0.9154910632000002,0.594123551500001
King_Haakon,241,4.753405256150082,4.744420053047619,4.2713162570000005,4.46389099125,5.028668014500001,5.198818964799999,0.9797775138714111,0.0032195716425018617,0.9275027077999987,0.5647770232500005
King_Haakon,242,4.7568522937570865,4.771799544166667,4.2908240102,4.4626955317500006,5.065876447500001,5.2493803061,0.9806184559962905,0.0034470376070041553,0.9585562959000002,0.6031809157500003
King_Haakon,243,4.760567547324484,4.760739481190476,4.2708426781,4.4758305245,5.01484557925,5.2619106465000005,0.9815248323070929,0.0037152535673978804,0.9910679684000003,0.5390150547500001
King_Haakon,244,4.7645917668481665,4.785907055933333,4.321996174200001,4.51459253,5.062541734,5.2626560605999995,0.9825065842062745,0.004024219523682149,0.9406598863999989,0.547949204
King_Haakon,245,4.768960300710122,4.780505851348837,4.2718284926,4.4857254315,5.0433107595,5.2501837312,0.9835723353141288,0.004368533861955015,0.9783552385999998,0.557585328
King_Haakon,246,4.773645703530704,4.786619203238096,4.3206513982,4.4976811217499995,5.08272307925,5.238250003,0.984715390033303,0.004685402820582496,0.9175986048000002,0.5850419575000005
King_Haakon,247,4.778580017825976,4.7753811859285715,4.2836296141,4.571872251,5.02870155425,5.1946288478,0.9859191694002172,0.004934314295272024,0.9109992337000001,0.45682930325000015
King_Haakon,248,4.7836946109102705,4.809618501404762,4.3435216897,4.5934131012499995,5.054792878000001,5.2683004416,0.9871669297285237,0.005114593084294405,0.9247787518999999,0.4613797767500012
King_Haakon,249,4.788920850097915,4.779365381357143,4.3284211082,4.61112746275,4.98842322275,5.1772051331,0.9884419273318732,0.00522623918764431,0.8487840249000005,0.37729576
King_Haakon,250,4.794190102703241,4.808086742928571,4.3466786045,4.622093606249999,5.031193818499999,5.2008878104,0.9897274185239175,0.00526925260532618,0.8542092059000002,0.40910021225000026
King_Haakon,251,4.79943373604058,4.787893722761905,4.3412359921,4.5909844285,4.9804784625,5.2045675287,0.9910066596183085,0.005243633337339126,0.8633315366000005,0.38949403400000016
King_Haakon,252,4.804583117424259,4.819568614880953,4.3587114203,4.599635536,4.96196759625,5.228059612399999,0.9922629069286966,0.005149381383678708,0.8693481920999995,0.36233206025
King_Haakon,253,4.809569614168608,4.791517335333333,4.3280679276,4.59639012675,4.98025080975,5.2093149319,0.9934794167687333,0.004986496744349367,0.8812470042999996,0.383860683
King_Haakon,254,4.8143245935879575,4.8307399627142855,4.3725491791,4.6115445274999995,5.07268391675,5.2145452969,0.9946394454520702,0.0047549794193493256,0.8419961177999999,0.4611393892500004
King_Haakon,255,4.818779422996638,4.810818733809524,4.3563935241,4.6085546295,5.02979181,5.1907653144,0.9957262492923588,0.004454829408680361,0.8343717903000005,0.4212371804999995
King_Haakon,256,4.822865469708979,4.851129987095238,4.438232182,4.62942561775,5.10555461325,5.2412827949,0.9967230846032502,0.004086046712340696,0.8030506128999999,0.4761289954999999
King_Haakon,257,4.82651410103931,4.8157871553571425,4.3612413376,4.592460029250001,5.06856479875,5.2422854892999995,0.997613207698396,0.00364863133033122,0.8810441516999994,0.47610476949999914
King_Haakon,258,4.829656684301961,4.8454633776666665,4.404769807,4.598158091,5.1240676955,5.2559031363,0.9983798748914473,0.003142583262651044,0.8511333292999996,0.5259096044999998
King_Haakon,259,4.83222458681126,4.814324705571429,4.351218929400001,4.59980700725,5.0755489234999995,5.2490822798,0.9990063424960552,0.00256790250929928,0.8978633503999989,0.4757419162499996
King_Haakon,260,4.834151319478154,4.84607162502381,4.5101354912,4.6091879605,5.11960020075,5.2648461385,0.9994763897794616,0.0019267326668934714,0.7547106473000005,0.51041224025
King_Haakon,261,4.83543086969459,4.813343309952381,4.4280316867,4.54831121675,5.0915356442499995,5.2357471665,0.9997885499008695,0.0012795502164362205,0.8077154798000006,0.5432244274999993
King_Haakon,262,4.836124649098986,4.838118904047619,4.490446985499999,4.5587291932500005,5.16448378625,5.2537034666,0.9999578048940106,6.937794043961887e-4,0.7632564811000009,0.6057545929999995
King_Haakon,263,4.83629760763308,4.8157305908809525,4.4278934289,4.5361403685,5.07797331225,5.2526069828,1,1.7295853409393658e-4,0.8247135538999997,0.5418329437500002
King_Haakon,264,4.836014695238621,4.844017723261905,4.4357715386,4.564279384500001,5.2019243865,5.28557654,0.9999309804599557,-2.829123944589895e-4,0.8498050014,0.6376450019999993
King_Haakon,265,4.835340861857356,4.813097918261905,4.386061457,4.5450530325,5.1368150785,5.3216234247,0.9997665915149947,-6.738333812652542e-4,0.9355619677,0.5917620459999995
King_Haakon,266,4.834341057431028,4.844814018428571,4.4182659844,4.56175194625,5.1953738847499995,5.311782018300001,0.999522678406234,-9.998044263275219e-4,0.893516033900001,0.6336219384999993
King_Haakon,267,4.833080231901387,4.815927485428571,4.342359365,4.538441444,5.15827387125,5.290820396199999,0.999215086374791,-0.0012608255296413517,0.948461031199999,0.6198324272499995
King_Haakon,268,4.831623335210173,4.854364699857143,4.3323180968,4.5742684395,5.1978768275,5.284122372100001,0.9988596606617817,-0.0014568966912138492,0.9518042753000007,0.6236083880000001
King_Haakon,269,4.8300353172991395,4.827142332880952,4.3145603104,4.56533309625,5.1331467900000005,5.266710421399999,0.9984722465083249,-0.001588017911033468,0.952150110999999,0.5678136937500007
King_Haakon,270,4.828381128110026,4.861843927428572,4.3463413727,4.5814028965,5.16914297125,5.2906320498,0.9980686891555363,-0.0016541891891135307,0.9442906770999997,0.5877400747500001
King_Haakon,271,4.826725717584583,4.829013062261905,4.2769501582,4.59118980875,5.1267345647499996,5.2812406361,0.9976648338445336,-0.0016554105254433793,1.0042904778999997,0.5355447559999993
King_Haakon,272,4.825134035664554,4.852113182619048,4.3497569397,4.6081584895,5.13057648125,5.276099031399999,0.9972765258164341,-0.0015916819200283427,0.9263420916999996,0.5224179917500003
King_Haakon,273,4.823671032291686,4.814751127880952,4.2383790681,4.5297938140000005,5.120607196,5.2493813507,0.9969196103123543,-0.001463003372868421,1.0110022825999998,0.5908133819999994
King_Haakon,274,4.822401657407724,4.819833089755556,4.310289334,4.548700367,5.091271964,5.2797823128,0.9966099325734117,-0.001269374883961838,0.9694929788,0.5425715969999994
King_Haakon,275,4.821390506088762,4.797216892813953,4.2188902182,4.5402835365000005,5.0649317595,5.3137502566,0.9963632512674071,-0.0010111513189619004,1.0948600383999993,0.5246482229999998
King_Haakon,276,4.820659234666684,4.8268883558809526,4.3266955203,4.530963540999999,5.093482118000001,5.3534325842,0.9961848496908488,-7.312714220777394e-4,1.0267370638999997,0.5625185770000014
King_Haakon,277,4.82014610604456,4.7969313334761905,4.2339184612,4.4967090325,5.10790466225,5.340151779599999,0.9960596664108784,-5.131286221242704e-4,1.1062333183999993,0.6111956297500001
King_Haakon,278,4.819779801752776,4.829862364904762,4.3035600878,4.537690435,5.105141634,5.3557663742,0.9959703025150917,-3.663042917843029e-4,1.0522062863999997,0.5674511989999997
King_Haakon,279,4.819489003321724,4.802808916142857,4.237120825,4.5372030497499996,5.12357119875,5.3479459261,0.9958993590910851,-2.9079843105161984e-4,1.1108251011000005,0.5863681490000001
King_Haakon,280,4.8192023922818,4.836427635714286,4.303984956,4.5747412715,5.12554285875,5.353730842,0.9958294372264561,-2.866110399244448e-4,1.0497458860000002,0.5508015872500005
King_Haakon,281,4.818848650163388,4.793956015785715,4.1701477913,4.54376261425,5.121199110249999,5.3373119311999995,0.9957431380087998,-3.537421184116596e-4,1.1671641398999997,0.5774364959999989
King_Haakon,282,4.8183564584968845,4.827755152619048,4.3680422047,4.59069771225,5.115752242499999,5.28140468,0.9956230625257135,-4.921916665034942e-4,0.9133624752999996,0.5250545302499994
King_Haakon,283,4.817654498812679,4.795688825642857,4.1740364623,4.533806071,5.096856399,5.2987334665,0.9954518118647936,-7.019596842052778e-4,1.1246970041999997,0.5630503280000001
King_Haakon,284,4.81667145264116,4.822683490119047,4.3805078261,4.6153806387500005,5.063909607,5.3001218509,0.9952119871136356,-9.830461715196748e-4,0.9196140248000004,0.44852896824999977
King_Haakon,285,4.815336001512723,4.7938581895,4.2063603376000005,4.58582149275,5.04776231775,5.3159655945,0.9948861893598372,-0.0013354511284369153,1.1096052568999992,0.4619408250000001
King_Haakon,286,4.813576826957754,4.819195749428571,4.3662268923,4.6057654715,5.052169498,5.3546507411999995,0.9944570196909936,-0.0017591745549685456,0.9884238488999992,0.4464040264999998
King_Haakon,287,4.8113226105066484,4.807611476380952,4.2846316435,4.567933834500001,5.1037810665,5.3643417371,0.9939070791947022,-0.002254216451105684,1.0797100936000001,0.5358472319999992
King_Haakon,288,4.808502033689795,4.817344505404762,4.3386468583,4.58922581675,5.1059117225,5.3475956381,0.9932189689585589,-0.0028205768168536594,1.0089487797999999,0.5166859057500002
King_Haakon,289,4.805043778037586,4.809939239785714,4.3614624865,4.597554075,5.081677293,5.3361968058,0.9923752900701605,-0.003458255652208919,0.9747343193000004,0.4841232180000006
King_Haakon,290,4.800876526667684,4.812255478523809,4.3957132231,4.5842974747500005,5.07525177225,5.3281915089,0.9913586440043354,-0.004167251369901592,0.9324782858000003,0.4909542974999992
King_Haakon,291,4.795953757482414,4.807507256761904,4.38674676,4.56417190275,5.083126089249999,5.3657939082,0.9901576811919365,-0.004922769185270681,0.9790471481999994,0.5189541864999994
King_Haakon,292,4.790316494402137,4.803573195333334,4.3909953857,4.5405760945,5.0589225110000005,5.3754773591,0.9887824098622591,-0.005637263080276789,0.9844819733999994,0.5183464165
King_Haakon,293,4.784025073692461,4.783260965119048,4.405626757,4.531002259499999,5.0465927090000005,5.3179023352,0.9872475497002013,-0.006291420709676032,0.9122755782,0.5155904495000012
King_Haakon,294,4.777139831618986,4.775197048214285,4.3565203478,4.49197437375,5.0244682915,5.2829493652999995,0.9855678203906597,-0.006885242073474629,0.9264290174999994,0.5324939177500001
King_Haakon,295,4.769721104447317,4.7575719246190475,4.3344288206,4.466803176499999,5.004021729,5.289965146199999,0.9837579416185316,-0.007418727171669026,0.9555363255999989,0.5372185525000006
King_Haakon,296,4.761829228443055,4.762243727928571,4.3624006943,4.477644806000001,5.01371546425,5.2635237645999995,0.9818326330687137,-0.007891876004261889,0.9011230702999997,0.536070658249999
King_Haakon,297,4.753524539871805,4.747135245476191,4.3619713627,4.46098694175,5.008096788,5.2620560417,0.9798066144261033,-0.008304688571250551,0.9000846789999999,0.5471098462499997
King_Haakon,298,4.744867374999168,4.750111026380952,4.3360874017,4.46572428325,5.002487544,5.2601287276,0.9776946053755974,-0.008657164872636791,0.9240413258999993,0.5367632607499999
King_Haakon,299,4.735918070090747,4.7412018949285715,4.3226890372,4.473567108249999,5.01216816475,5.2518114956,0.975511325602093,-0.008949304908420608,0.9291224584000002,0.538601056500001
King_Haakon,300,4.726736961412146,4.736622604357143,4.3064035295,4.44241207525,4.99843059975,5.248914548,0.9732714947904871,-0.009181108678601113,0.9425110185000003,0.5560185244999998
King_Haakon,301,4.717384385228967,4.731652281214286,4.301278696100001,4.447233863,4.99189480675,5.231025999200001,0.9709898326256768,-0.009352576183179195,0.9297473031000001,0.5446609437500003
King_Haakon,302,4.707920677806816,4.725288754452381,4.2648271847,4.421423609,4.9869559455,5.2314540873999995,0.9686810587925598,-0.009463707422151302,0.9666269026999998,0.5655323365000005
King_Haakon,303,4.698406175411289,4.71851221447619,4.2920510123,4.4040875452499995,4.976872479,5.222134315,0.9663598929760319,-0.009514502395526314,0.9300833027,0.5727849337500004
King_Haakon,304,4.688901214307996,4.706343753880953,4.2601795488,4.3919233675000005,4.95487653125,5.1938007122,0.9640410548609911,-0.009504961103293574,0.9336211633999998,0.5629531637499996
King_Haakon,305,4.679466130762537,4.655559426934783,4.221322076,4.367456174,4.8897644875,5.18742673,0.9617392641323345,-0.009435083545458411,0.9661046540000005,0.5223083135
King_Haakon,306,4.670143625889333,4.662000364790698,4.2006681834,4.3775803265,4.891892768,5.176362467400001,0.9594649381889964,-0.009322504873204629,0.9756942840000002,0.5143124414999996
King_Haakon,307,4.660859162317745,4.650434490674419,4.2496669378,4.3831170114999995,4.870502478500001,5.139439237,0.9571998928328356,-0.009284463571587409,0.8897722992000006,0.48738546700000107
King_Haakon,308,4.651490376147128,4.647542797571429,4.1713172424,4.381041354500001,4.86564139725,5.1431600947,0.9549142760661801,-0.00936878617061776,0.9718428523,0.48460004274999946
King_Haakon,309,4.641914762395626,4.625605888418605,4.217620526999999,4.380059716,4.874462235,5.1283586111999995,0.9525782014730714,-0.009575613751501955,0.9107380842000001,0.4944025190000003
King_Haakon,310,4.632009816081388,4.622387891619048,4.2262700873,4.371992873,4.862138902,5.1201035552,0.950161782637551,-0.009904946314237328,0.8938334679000004,0.4901460289999999
King_Haakon,311,4.6216530322225555,4.603075986837209,4.1972793062000004,4.3546517,4.844923831999999,5.0761564762,0.947635133143659,-0.010356783858832763,0.87887717,0.4902721319999994
King_Haakon,312,4.610721905837278,4.604616179619048,4.1838067693,4.346825625,4.84250400675,5.056213284,0.9449683665754375,-0.0109311263852776,0.8724065146999997,0.49567838174999945
King_Haakon,313,4.599093931943695,4.585639000930232,4.2071341339999995,4.333784064,4.827258416499999,5.0226776786,0.9421315965169261,-0.0116279738935825,0.8155435446000006,0.4934743524999998
King_Haakon,314,4.586646605559958,4.576647168142857,4.194557393399999,4.31966362525,4.825600984499999,5.002605108599999,0.939094936552167,-0.012447326383737689,0.8080477151999998,0.5059373592499998
King_Haakon,315,4.573257421704209,4.559498818209303,4.1853044084,4.289891024999999,4.807297458,4.9844441318,0.935828500265201,-0.013389183855748499,0.7991397233999997,0.5174064330000006
King_Haakon,316,4.558803875394595,4.553117700095238,4.1805850225,4.263563584,4.81065882475,4.9869433244,0.9323024012400691,-0.01445354630961404,0.8063583019000005,0.54709524075
King_Haakon,317,4.543163461649261,4.540095418,4.1508864138,4.2590018175,4.8200716365,4.995549388800001,0.9284867530608124,-0.015640413745334314,0.8446629750000003,0.5610698190000001
King_Haakon,318,4.526213675486351,4.5242580973571425,4.1398225716,4.27119673975,4.82119252875,4.9589691556,0.9243516693114714,-0.016949786162910208,0.8191465840000003,0.5499957890000005
King_Haakon,319,4.5078320119240125,4.505513775209303,4.130416526,4.219862969999999,4.7859680075,4.937660727,0.9198672635760881,-0.01838166356233817,0.8072442009999996,0.5661050375000007
King_Haakon,320,4.487895965980389,4.489659885047619,4.091941122700001,4.215210589,4.77325601625,4.9254933212,0.9150036494387025,-0.019936045943623526,0.8335521984999996,0.5580454272500006
King_Haakon,321,4.466289947156032,4.460827982906976,4.054437166,4.196597046,4.706325359,4.9225366306,0.9097326273461609,-0.02160601882435742,0.8680994646000002,0.5097283130000001
King_Haakon,322,4.442992235964583,4.452842214047619,4.0440385944,4.19285146,4.70415446875,4.9045381589999995,0.9040488985947385,-0.0232977111914483,0.8604995645999995,0.5113030087499997
King_Haakon,323,4.418048764215512,4.424007681906977,4.022607852999999,4.147811569,4.674009429,4.883804573,0.8979636687463861,-0.0249434717490713,0.8611967200000006,0.5261978599999999
King_Haakon,324,4.391506957246493,4.408540615714286,3.9839607321,4.154306562,4.66798039975,4.8653214132,0.8914885077254232,-0.026541806969018644,0.8813606811000003,0.5136738377499999
King_Haakon,325,4.363414240395193,4.369968519534884,3.9472851194,4.1103373825,4.5898385735,4.837707974600001,0.8846349854561664,-0.028092716851300104,0.8904228552000006,0.47950119099999977
King_Haakon,326,4.3338180389992855,4.35666743597619,3.9218990292,4.0976173865,4.5704533055,4.802230526,0.8774146718629342,-0.029596201395907684,0.8803314967999998,0.47283591900000044
King_Haakon,327,4.302765778396436,4.317019120581396,3.9050941868,4.045879721,4.499744618499999,4.7410925912,0.8698391368700434,-0.03105226060284938,0.8359984044000002,0.45386489749999903
King_Haakon,328,4.270304883924319,4.298764388714286,3.8692107345,4.0227072785,4.50426501925,4.7309045212,0.8619199504018127,-0.0324608944721172,0.8616937867000001,0.4815577407499996
King_Haakon,329,4.236482780920602,4.259672888511628,3.8231293196,3.9690425234999998,4.4985931555,4.708165021400001,0.8536686823825591,-0.03382210300371735,0.885035701800001,0.5295506320000003
King_Haakon,330,4.201346894722956,4.228647571595238,3.7661259161,3.95137509875,4.47126117925,4.6559613923,0.8450969027366011,-0.035135886197645405,0.8898354762,0.5198860805000001
King_Haakon,331,4.164944650669051,4.176770447976744,3.7499533474,3.9050378415,4.399382038000001,4.546702402800001,0.8362161813882557,-0.03640224405390491,0.7967490554000012,0.4943441965000006
King_Haakon,332,4.127323474096556,4.147460956166666,3.6796184003,3.8755610239999996,4.3712858,4.5548292883,0.8270380882618408,-0.037621176572494974,0.8752108879999998,0.4957247760000003
King_Haakon,333,4.0885307903431425,4.103492702697674,3.6889296412,3.7914956010000003,4.3008002615,4.513800494400001,0.8175741932816741,-0.038792683753413826,0.8248708532000006,0.5093046604999998
King_Haakon,334,4.048614024746483,4.064944314047619,3.6345257865000002,3.7765719950000003,4.27490211525,4.503551872599999,0.8078360663720743,-0.03991676559665969,0.869026086099999,0.49833012024999945
King_Haakon,335,4.007620602644242,3.9513385129130434,3.5399935825,3.7026447815,4.2230148735,4.4234840395,0.7978352774573577,-0.04099342210224055,0.8834904569999997,0.5203700920000003
King_Haakon,336,3.965597684022132,3.9399448340697676,3.5030456491999997,3.6627072065,4.197636725000001,4.4194868282,0.7875833317263604,-0.04202291862211016,0.9164411790000004,0.5349295185000007
King_Haakon,337,3.9225830608801693,3.9075438009285715,3.5285457850000004,3.6136942815,4.1243581475,4.3741949167,0.7770894489464366,-0.043014623141962804,0.8456491316999992,0.5106638659999998
King_Haakon,338,3.878602877328627,3.856587308170732,3.4713938029999998,3.57809987,4.091257545,4.375897607,0.7663600072561947,-0.04398018355154232,0.904503804,0.5131576750000004
King_Haakon,339,3.8336825493519853,3.8183788499761904,3.46787701,3.538945569,4.049908502499999,4.3364616443,0.755401207160077,-0.044920327976641694,0.8685846342999999,0.5109629334999992
King_Haakon,340,3.787847492934731,3.7727495163170732,3.399488944,3.477141449,4.029709555,4.293441624,0.7442192491625271,-0.04583505641725427,0.8939526799999999,0.5525681060000003
King_Haakon,341,3.7411231240613465,3.7360735830714287,3.3533429724,3.4555729647500004,3.9840674315,4.252848018799999,0.732820333767988,-0.04672436887338449,0.899505046399999,0.5284944667499998
King_Haakon,342,3.693534858716316,3.6852604946829266,3.28446291,3.415234064,3.971626091,4.220746231,0.7212106614809027,-0.04758826534503058,0.9362833209999999,0.5563920270000002
King_Haakon,343,3.6451081128841243,3.646708479952381,3.2278510221000003,3.3968946554999997,3.9281939335000002,4.1595944394,0.7093964328057146,-0.04842674583219164,0.9317434172999999,0.5312992780000005
King_Haakon,344,3.5958683025492544,3.589084112317073,3.156991622,3.315851527,3.891292507,4.122093601,0.6973838482468667,-0.049239810334869905,0.9651019790000004,0.5754409800000002
King_Haakon,345,3.545840843696194,3.553594485357143,3.0802335636,3.316441795,3.835729658,4.0691587677,0.6851791083088028,-0.05002745885306048,0.9889252041000005,0.5192878630000002
King_Haakon,346,3.4950511523094225,3.4902840059512195,3.030442965,3.234593592,3.811469253,4.025674388,0.6727884134959651,-0.05078969138677136,0.9952314229999994,0.5768756609999999
King_Haakon,347,3.443524644373425,3.453409959309524,2.997615934,3.2306484632499997,3.7543742615,3.9600343298999996,0.6602179643127969,-0.05152650793599767,0.9624183958999994,0.5237257982500005
King_Haakon,348,3.391286735872687,3.3873585963414636,2.950095885,3.165670597,3.721881247,3.97406398,0.6474739612637418,-0.05223790850073806,1.0239680949999999,0.5562106499999997
King_Haakon,349,3.3383628427916925,3.3504641504285715,2.9071190447,3.1283367355000005,3.6113774135,3.9361310515,0.6345626048532428,-0.05292389308099432,1.0290120068,0.4830406779999996
King_Haakon,350,3.2847783811149234,3.281740112512195,2.862188684,3.044967803,3.591127217,3.894282063,0.6214900955857426,-0.05358446167676911,1.032093379,0.5461594139999999
King_Haakon,351,3.2305587727222265,3.2462202217142857,2.8196351996,3.00312244725,3.48820597625,3.7999811816999998,0.6082626354039219,-0.054219608392696905,0.9803459820999998,0.4850835290000002
King_Haakon,352,3.1757305661675908,3.169414186317073,2.729379038,2.929535465,3.465771569,3.783398543,0.5948867011148102,-0.05482820655463572,1.0540195050000003,0.5362361040000003
King_Haakon,353,3.120322765823554,3.1341739908809525,2.7322227454000005,2.8830343325,3.3259714045,3.7134028258,0.5813693686489465,-0.055407800344036584,0.9811800803999993,0.4429370720000003
King_Haakon,354,3.0643646995528893,3.0589389914878047,2.610780581,2.746687378,3.313983455,3.670125383,0.5677177928558134,-0.05595806627066491,1.0593448019999996,0.567296077
King_Haakon,355,3.007885695218355,3.0208317893809524,2.6232171493000003,2.728957124,3.21914529475,3.6055182014,0.5539391285848895,-0.056479004334534455,0.9823010520999995,0.4901881707500002
King_Haakon,356,2.950915080682716,2.9437249008536583,2.44835707,2.648159136,3.161020346,3.558188658,0.5400405306856556,-0.05697061453563901,1.109831588,0.5128612100000001
King_Haakon,357,2.893482183808741,2.9084174470714284,2.4827476593999998,2.63472400725,3.086804628,3.5148774181,0.5260291540075931,-0.057432896873975015,1.0321297587000005,0.4520806207499999
King_Haakon,358,2.8356163324591925,2.826654259878049,2.358186066,2.539247469,3.04997615,3.491071826,0.5119121534001817,-0.05786585134954825,1.1328857600000002,0.5107286809999998
King_Haakon,359,2.7773468544968374,2.7872888521666668,2.2941292999,2.5219995935000004,2.9563561254999997,3.4490252310000002,0.49769668371290254,-0.058269477962355154,1.1548959311000004,0.43435653199999935
King_Haakon,360,2.718703077784437,2.7113012739268294,2.183248464,2.430147351,2.913149548,3.395868696,0.4833898997952352,-0.058643776712400175,1.212620232,0.4830021969999998
King_Haakon,361,2.6597143301847637,2.6761883088809526,2.1645400254,2.4122986330000002,2.84856252025,3.3395415246000004,0.46899895649666185,-0.05898874759967354,1.1750014992000004,0.43626388724999954
King_Haakon,362,2.6004099395605755,2.5961598001219515,2.046685584,2.339299882,2.82238503,3.319206108,0.45453100866666146,-0.05930439062418813,1.272520524,0.4830851479999998
King_Haakon,363,2.5408192337746427,2.5640608104761906,2.0816255092000002,2.3139641975,2.74787033375,3.2589429827000003,0.4399932111547158,-0.05959070578593284,1.1773174735,0.4339061362500001
King_Haakon,364,2.4809715406897253,2.48248758197561,1.948913802,2.210211185,2.688427275,3.184637216,0.42539271881030405,-0.05984769308491744,1.235723414,0.4782160900000001
King_Haakon,365,2.4208961881685918,2.4441329987857143,1.9559134557000002,2.16269964125,2.61521274925,3.1039775723,0.41073668648290773,-0.060075352521133496,1.1480641165999996,0.4525131079999998
King_Haakon,366,2.3606225040740068,2.3404548984545452,1.943462549,2.1640362235,2.4750080065,2.586799179,0.39603226902200717,-0.060273684094585,0.6433366299999999,0.31097178299999984
circumpolar,1,7.244110584579437,7.044701575488888,5.6815962678,6.464588346,7.593681251,8.230834334,0.2618374843241288,NA,2.549238066200001,1.1290929049999994
circumpolar,2,7.060089277069147,7.085587078487805,6.237501903,6.557076334,7.456886721,7.967822036,0.2501645591539847,-0.18402130751029055,1.7303201330000002,0.8998103870000005
circumpolar,3,6.882624450201799,6.87816304545,6.0141279108,6.3368917714999995,7.1936953245,7.948672968100001,0.23890752771353985,-0.17746482686734755,1.9345450573000011,0.8568035530000007
circumpolar,4,6.711496476851875,6.763735152560976,5.821081053,6.21215734,7.169984525,7.784626571,0.228052458512815,-0.17112797334992447,1.963545518,0.9578271850000002
circumpolar,5,6.546485729893883,6.551660313425,5.583929292800001,6.0567178405,6.8862937455,7.6723942917,0.2175854200618329,-0.165010746957992,2.0884649988999993,0.8295759049999996
circumpolar,6,6.387372582202298,6.439398733536585,5.425290846,5.930163946,6.884290103,7.510569518,0.20749248087061406,-0.1591131476915848,2.0852786719999994,0.9541261569999993
circumpolar,7,6.233937406651647,6.245567431225,5.230430418399999,5.72780481325,6.664123512,7.3597117053000005,0.19775970944918225,-0.15343517555065134,2.1292812869000013,0.9363186987500001
circumpolar,8,6.085960576116383,6.146939273609756,5.094792538,5.668240705,6.609655488,7.244703788,0.18837317430755676,-0.14797683053526356,2.1499112499999997,0.9414147829999999
circumpolar,9,5.943222463471031,5.9442404803,4.944850419300001,5.4063707075,6.42430636925,7.1293425548,0.17931894395576115,-0.1427381126453522,2.1844921354999993,1.0179356617500002
circumpolar,10,5.805503441590073,5.857697286609756,4.876363141,5.422957796,6.316598846,6.976992488,0.17058308690381646,-0.13771902188095808,2.100629347,0.8936410499999994
circumpolar,11,5.672583883347996,5.6802405862,4.756256839600001,5.14419272975,6.1934900805,6.899811842100001,0.16215167166174402,-0.1329195582420768,2.1435550025000003,1.0492973507499999
circumpolar,12,5.544244161619307,5.593765634829269,4.606405007,5.21063933,6.086187273,6.7576538,0.15401076673956635,-0.1283397217286888,2.1512487929999997,0.8755479429999999
circumpolar,13,5.42026464927849,5.41775974325,4.513123637900001,4.872062178,5.9674213935,6.6033990895,0.14614644064730456,-0.12397951234081717,2.0902754515999993,1.0953592154999994
circumpolar,14,5.3004257192000415,5.323307757666667,4.3892184662,4.88378539175,5.87664752175,6.4088797979,0.13854476189498058,-0.11983893007844859,2.0196613317,0.9928621299999998
circumpolar,15,5.184507744258459,5.1549780396341465,4.276534911,4.646197857,5.710743607,6.267429975,0.13119179899261638,-0.11591797494158218,1.990895064,1.0645457500000006
circumpolar,16,5.072291097328231,5.083361454738095,4.1704009075999995,4.592307883,5.63626510175,6.0890376904,0.12407362045023328,-0.11221664693022859,1.9186367828000002,1.0439572187500001
circumpolar,17,4.963569704916666,4.929824469463415,4.030927088,4.479645471,5.487029844,5.938949374,0.1171771545181939,-0.10872139241156464,1.9080222859999996,1.0073843729999998
circumpolar,18,4.858240387715991,4.857189292404762,3.9112803595,4.391018105,5.456879549750001,5.7798317276,0.11049585627865667,-0.10532931720067484,1.8685513681000003,1.0658614447500012
circumpolar,19,4.756247171949028,4.71811836,3.789967483,4.291891489,5.301045238,5.624581626,0.10402617517695303,-0.10199321576696363,1.8346141430000005,1.0091537490000002
circumpolar,20,4.657534330843118,4.6515017009761905,3.7378373187,4.2581915885,5.28802703725,5.473526359300001,0.09776457632652011,-0.09871284110590928,1.735689040600001,1.02983544875
circumpolar,21,4.562046137625621,4.527570036048781,3.683996312,4.153140239,5.125551706,5.386711552,0.09170752484079597,-0.09548819321749757,1.7027152400000003,0.9724114670000006
circumpolar,22,4.469726865523882,4.452569167476191,3.5637016653000004,4.09739926575,5.078095638,5.2722692344,0.08585148583321803,-0.09231927210173829,1.7085675691,0.9806963722499997
circumpolar,23,4.38052078776526,4.351772557,3.49525685,4.000057321,4.937719447,5.193473622,0.08019292441722427,-0.08920607775862255,1.6982167719999999,0.9376621260000002
circumpolar,24,4.294372177577099,4.282915593119047,3.4528730337,3.9567026172500004,4.938341274,5.1323349886,0.07472830570625202,-0.086148610188161,1.6794619549000003,0.9816386567499995
circumpolar,25,4.211225308186757,4.192977270195122,3.397769296,3.864651852,4.827781545,5.0382994,0.06945409481373932,-0.0831468693903421,1.6405301039999998,0.9631296929999995
circumpolar,26,4.1310244528215785,4.122669279214286,3.3467570984,3.79070031875,4.7381733445,4.998161827699999,0.06436675685312343,-0.08020085536517829,1.651404729299999,0.9474730257499999
circumpolar,27,4.05371388470892,4.04623466895122,3.282163255,3.673891124,4.665484757,4.885572433,0.05946275693784228,-0.0773105681126589,1.6034091780000002,0.9915936329999999
circumpolar,28,3.9792378770761307,3.9893447677142855,3.2218629487,3.6306502272500003,4.59317860875,4.8258492265,0.0547385601813335,-0.07447600763278883,1.6039862777999998,0.9625283814999994
circumpolar,29,3.90754070315056,3.9151368832439024,3.168200676,3.565956184,4.482298156,4.725346364,0.050190631697034534,-0.07169717392557073,1.5571456879999999,0.9163419719999997
circumpolar,30,3.838566636159563,3.8506299707142855,3.1126814396,3.50595836125,4.36514532625,4.6345605903000004,0.04581543659838332,-0.06897406699099706,1.5218791507000002,0.8591869650000006
circumpolar,31,3.7722599493304902,3.7768453439268295,3.03081228,3.408198021,4.2880185730000004,4.51427571,0.041609439998817485,-0.0663066868290727,1.4834634299999996,0.8798205520000004
circumpolar,32,3.708570238267241,3.6877501682173914,2.978681808,3.32531458675,4.135529903,4.418919691999999,0.03756944462323942,-0.06368971106324928,1.4402378839999992,0.8102153162500003
circumpolar,33,3.6475322410813322,3.6542195904634145,2.921303768,3.313049964,4.078555289,4.358712858,0.03369765399569628,-0.06103799718590874,1.4374090899999996,0.7655053249999995
circumpolar,34,3.5892491729912868,3.5970780302142855,2.8776447817,3.29560681475,3.99562941875,4.346025020100001,0.030000615311936984,-0.058283068090045465,1.4683802384000009,0.7000226039999999
circumpolar,35,3.5338261888572275,3.5472186636341463,2.7895088,3.254460502,3.931908343,4.303183198,0.026484998803958548,-0.05542298413405922,1.513674398,0.6774478409999998
circumpolar,36,3.4813684435392775,3.4986637737380955,2.7646910769,3.2544876342499998,3.8574966675,4.2303471642,0.023157474703758018,-0.05245774531795,1.4656560873000002,0.6030090332500002
circumpolar,37,3.431981091897554,3.455170349682927,2.725315434,3.192325742,3.820420957,4.167550899,0.020024713243332073,-0.04938735164172359,1.442235465,0.6280952150000001
circumpolar,38,3.3857692887921846,3.399718980309524,2.6535041612,3.15388335925,3.7594178135000003,4.1144484804,0.01709338465467806,-0.04621180310536932,1.4609443192000002,0.6055344542500003
circumpolar,39,3.342838189083286,3.3618615128780487,2.549781153,3.085507221,3.721071969,4.075145706,0.0143701591697926,-0.042931099708898746,1.5253645529999997,0.6355647480000002
circumpolar,40,3.3032929476309834,3.3159601040238096,2.5449798828000003,3.0908470755,3.6733578965,3.9856522716000002,0.0118617070206729,-0.03954524145230254,1.4406723888,0.5825108210000001
circumpolar,41,3.267238719295395,3.2840833818536583,2.552160833,3.043356345,3.692830506,3.935022846,0.00957469843931569,-0.036054228335588245,1.382862013,0.6494741610000001
circumpolar,42,3.234780658936643,3.242109896666667,2.5058940025000003,3.00179976875,3.624853396,3.9025647663000003,0.007515803657717927,-0.032458060358752316,1.3966707638,0.6230536272499996
circumpolar,43,3.206023921414857,3.2206594717560977,2.465156876,2.934649199,3.652010274,3.877352135,0.005691692907877131,-0.02875673752178587,1.4121952590000002,0.7173610749999999
circumpolar,44,3.181073661590148,3.1869523012857144,2.4611838131,2.9403755449999998,3.603358996,3.8565951513999996,0.004109036421789554,-0.024950259824708887,1.3954113382999997,0.6629834510000001
circumpolar,45,3.1600350343226413,3.1699365412439025,2.478822069,2.897332836,3.601230412,3.873858853,0.002774504431452376,-0.021038627267506715,1.3950367840000002,0.7038975760000001
circumpolar,46,3.1430131944724615,3.1394132275,2.483414153,2.8929291454999997,3.43114685675,3.8371089976999997,0.0016947671688627517,-0.0170218398501798,1.3536948446999997,0.5382177112500002
circumpolar,47,3.130112060584136,3.1272550045853658,2.46712704,2.855757108,3.432554478,3.838451267,8.764164434718199e-4,-0.012901133888325589,1.3713242270000001,0.57679737
circumpolar,48,3.1213795506846913,3.116193657952381,2.4327236986,2.86595386075,3.48899916725,3.8201524226,3.22491813857616e-4,-0.00873250989944463,1.3874287240000003,0.6230453064999999
circumpolar,49,3.1167858780765627,3.1142641333170733,2.362706047,2.838562861,3.493009833,3.815883206,3.110383636578693e-5,-0.004593672608128596,1.453177159,0.6544469719999997
circumpolar,50,3.1162955323788744,3.106901576333333,2.3679876025000004,2.8368138065,3.4314387365,3.7830180694999997,0,-4.903456976883547e-4,1.4150304669999993,0.5946249300000002
circumpolar,51,3.11987300321075,3.1039168705609756,2.380068183,2.782644374,3.450737946,3.826643642,2.269277937638945e-4,0.003577470831875651,1.446575459,0.6680935719999996
circumpolar,52,3.1274827801913054,3.112464501857143,2.4676576861,2.85511766875,3.42561053375,3.8554376129,7.096347066606025e-4,0.007609776980555427,1.3877799268,0.5704928649999998
circumpolar,53,3.1390893529396697,3.119284282487805,2.479741678,2.818769881,3.43488913,3.817093318,0.0014458682276941015,0.011606572748364297,1.33735164,0.616119249
circumpolar,54,3.1546572110749644,3.130939670666667,2.4933008098,2.877782261,3.42856095675,3.8496291168999996,0.00243337584586789,0.01556785813529471,1.3563283070999996,0.55077869575
circumpolar,55,3.1741508442163098,3.145868049902439,2.521721002,2.840298204,3.43999459,3.896059649,0.003669905050185381,0.019493633141345335,1.374338647,0.5996963859999997
circumpolar,56,3.197534741982831,3.175856180357143,2.5225201777,2.89372806025,3.4882820295,3.887369725,0.0051532033296502995,0.023383897766521056,1.3648495473,0.5945539692500001
circumpolar,57,3.2247733939936523,3.1887560698292683,2.536869687,2.873150486,3.428302003,3.939359114,0.00688101817326634,0.02723865201082143,1.4024894270000003,0.5551515170000001
circumpolar,58,3.2558312898678885,3.238800009833333,2.5656893138,2.9429572765,3.551991752,3.9426778599,0.00885109707003655,0.03105789587423624,1.3769885460999998,0.6090344755000001
circumpolar,59,3.290672919224669,3.2674462973170733,2.624155785,2.920532627,3.569123365,3.997901894,0.011061187508964938,0.03484162935678059,1.3737461089999998,0.6485907379999998
circumpolar,60,3.329262771683118,3.4127793447941177,2.6570581311000003,2.89908637725,3.898223421,4.1473818622,0.013509036979055138,0.038589852458448703,1.4903237310999993,0.9991370437499998
circumpolar,61,3.371565336862353,3.367542607714286,2.7097155709,2.9538084565,3.8033249834999996,4.1359587949,0.016192392969310455,0.04230256517923525,1.4262432239999998,0.8495165269999996
circumpolar,62,3.4175449791675803,3.4158918323809524,2.7268924891000004,3.0158952095,3.744497604,4.176595260499999,0.01910899502610702,0.04597964230522722,1.4497027713999988,0.7286023945000002
circumpolar,63,3.467123615485487,3.4551731214634147,2.777200417,2.981287173,3.827950419,4.268723179,0.02225389014508311,0.04957863631790671,1.4915227620000002,0.8466632459999999
circumpolar,64,3.520119109936126,3.527686468547619,2.8182989667000005,3.082504803,3.9037312762500003,4.332047911699999,0.025615524998386725,0.052995494450639224,1.5137489449999988,0.8212264732500003
circumpolar,65,3.576333674899696,3.562568801829268,2.918973292,3.17787251,3.9615034,4.425828551,0.02918135342972345,0.05621456496356991,1.5068552590000004,0.78363089
circumpolar,66,3.6355695227563793,3.6490016263333334,3.0175255241,3.21699270225,4.0247214924999994,4.4391971148,0.03293882928279788,0.05923584785668323,1.4216715907,0.8077287902499997
circumpolar,67,3.697628865886371,3.700511388195122,3.129898609,3.29427976,4.05929739,4.560118952,0.03687540640131539,0.06205934312999162,1.4302203429999998,0.7650176300000004
circumpolar,68,3.7623139166698594,3.7995671321428572,3.1687630035,3.34499789275,4.1648661452499995,4.623841260399999,0.04097853862898095,0.06468505078348841,1.455078256899999,0.8198682524999996
circumpolar,69,3.829426887487033,3.8346722789512193,3.164569974,3.404322951,4.257540752,4.689742118,0.04523567980949952,0.0671129708171736,1.525172144,0.8532178009999996
circumpolar,70,3.8987699907180895,3.9323002765238093,3.2137442147,3.5777973800000002,4.33572545475,4.7108068687,0.04963428378657664,0.06934310323105652,1.4970626539999996,0.7579280747500001
circumpolar,71,3.9701454387432125,3.9889470769512196,3.239648547,3.550934048,4.480786191,4.865832077,0.05416180440391697,0.07137544802512297,1.6261835300000005,0.9298521430000002
circumpolar,72,4.043355443942592,4.079156815238095,3.2370884989,3.77492079175,4.54298126075,4.8948081745,0.05880569550522558,0.07321000519937959,1.6577196755999997,0.7680604690000004
circumpolar,73,4.118202218696425,4.12021722302439,3.26460201,3.691111557,4.609816756,4.958903775,0.06355341093420794,0.07484677475383261,1.6943017649999996,0.9187051989999997
circumpolar,74,4.194487975384898,4.215475391547619,3.3188577084000004,3.8867968805,4.69382106925,4.977043117799999,0.06839240453456895,0.07628575668847315,1.6581854093999988,0.8070241887500003
circumpolar,75,4.2720149263881995,4.266461518341464,3.37177182,3.849454534,4.78358389,5.035468748,0.07331013015001356,0.07752695100330165,1.6636969280000002,0.9341293560000001
circumpolar,76,4.350585284086524,4.355223634142857,3.4213466467,4.0057204105,4.8374739735,5.1136795652,0.07829404162424707,0.07857035769832432,1.6923329185,0.8317535629999995
circumpolar,77,4.430001260860055,4.409615267707317,3.470542372,3.996219869,4.967272818,5.18962678,0.0833315928009742,0.0794159767735314,1.719084408,0.9710529489999997
circumpolar,78,4.510098067087643,4.513965603833333,3.5352076695,4.130414077999999,5.02235436875,5.2540102571,0.08841233066829902,0.08009680622758797,1.7188025876,0.8919402907500009
circumpolar,79,4.5908604984703185,4.552527790682927,3.614171984,4.170949405,5.133188802,5.322618733,0.09353529078005753,0.08076243138267536,1.7084467489999997,0.9622393970000003
circumpolar,80,4.67231571626654,4.657698686738096,3.6889492478999997,4.27003825025,5.1584273155,5.340709002700001,0.09870219604182948,0.08145521779622111,1.651759754800001,0.8883890652500002
circumpolar,81,4.754490884446836,4.718029701195122,3.765512714,4.280756808,5.263013072,5.452309767,0.10391476953122805,0.08217516818029669,1.6867970529999998,0.9822562640000001
circumpolar,82,4.837413166981745,4.840168236095238,3.8513249546,4.43572698125,5.330215955749999,5.5288236298,0.10917473432586684,0.0829222825349083,1.6774986751999998,0.8944889744999989
circumpolar,83,4.9211097278418,4.891522677609756,3.91234395,4.526557316,5.393070153,5.605566019,0.11448381350335934,0.08369656086005506,1.6932220690000004,0.8665128370000001
circumpolar,84,5.005607730997536,5.014109829642857,4.0517418976,4.59831727125,5.47970894475,5.707547031899999,0.11984373014131904,0.08449800315573608,1.6558051342999986,0.8813916734999996
circumpolar,85,5.090934340419485,5.06436163007317,4.082141666,4.661205197,5.550684865,5.789759302,0.12525620731735926,0.08532660942194958,1.7076176360000002,0.8894796679999999
circumpolar,86,5.177116720078195,5.193753282214286,4.1732244414,4.7926272577499995,5.688758019,5.8795138714,0.13072296810909423,0.08618237965870978,1.70628943,0.8961307612500002
circumpolar,87,5.264182033944181,5.231587833804878,4.249478663,4.813506083,5.701298004,5.969876099,0.13624573559413627,0.0870653138659856,1.7203974360000007,0.8877919209999998
circumpolar,88,5.352157445987992,5.359773174761905,4.358803655300001,4.956378486,5.8076172027499995,6.0855469184999995,0.14182623285009982,0.08797541204381165,1.7267432631999986,0.8512387167499993
circumpolar,89,5.441070120180165,5.404110840780488,4.451886437,4.967426714,5.886608711,6.220131514,0.1474661829545984,0.08891267419217286,1.7682450770000004,0.9191819969999999
circumpolar,90,5.530947220491222,5.536328039690476,4.5807688048,5.1384323287499996,5.951487740249999,6.2974481482,0.15316730898524478,0.08987710031105678,1.7166793434,0.8130554114999997
circumpolar,91,5.621815910891715,5.802613516866667,4.6814827248,5.23782726,6.083486494,6.8322459832,0.15893133401965348,0.09086869040049272,2.1507632583999996,0.8456592339999993
circumpolar,92,5.7137033553521634,5.732494924302325,4.791502764800001,5.314416156,6.143674862,6.4997094014000005,0.16475998113543708,0.09188744446044872,1.7082066366,0.8292587060000001
circumpolar,93,5.806633658434053,5.761062386707317,4.831985983,5.320985067,6.22536374,6.609850826,0.17065477934435125,0.09293030308188932,1.7778648429999997,0.9043786730000001
circumpolar,94,5.90060429650893,5.91177800602381,4.974658325,5.469090918,6.349443260249999,6.7461323779,0.1766155685664221,0.09397063807487704,1.7714740529000004,0.8803523422499993
circumpolar,95,5.995599035263315,5.942742225487805,5.011384704,5.432701445,6.394125994,6.780222939,0.18264131901912614,0.09499473875438547,1.7688382349999996,0.9614245490000002
circumpolar,96,6.091601527072274,6.107905072547619,5.2417680057,5.6476397565,6.5033730875,6.924603951599999,0.18873099373231483,0.09600249180895837,1.682835945899999,0.8557333309999997
circumpolar,97,6.188595424310881,6.1391186016097565,5.255589036,5.644644794,6.517020534,7.066161193,0.19488355573584037,0.0969938972386073,1.8105721570000002,0.8723757399999998
circumpolar,98,6.286564379354209,6.305558959142857,5.455278284699999,5.833568113749999,6.723200356,7.1485710052,0.20109796805955468,0.09796895504332781,1.6932927205000006,0.8896322422500011
circumpolar,99,6.385492044577317,6.337326550365853,5.476400083,5.866507256,6.735279732,7.269455908,0.20737319373330895,0.09892766522310836,1.7930558250000006,0.8687724760000002
circumpolar,100,6.485362072355293,6.515313252738095,5.732892940499999,5.991049698,6.91422386,7.3286871390999995,0.21370819578695607,0.0998700277779756,1.5957941986000002,0.9231741619999996
circumpolar,101,6.5861581150632,6.539864608365853,5.714194064,6.034649222,6.906729639,7.457287002,0.22010193725034746,0.10079604270790732,1.7430929380000002,0.8720804170000003
circumpolar,102,6.687863825076098,6.7314348324285715,5.9506388348999995,6.21305464875,7.11547710525,7.561535838699999,0.22655338115333432,0.10170571001289819,1.6108970038,0.9024224565000001
circumpolar,103,6.790462854769084,6.752411309731707,5.918253931,6.213527281,7.149617927,7.646522822,0.23306149052577008,0.10259902969298551,1.728268891,0.9360906460000002
circumpolar,104,6.893938856517204,6.944347151547619,6.122635679899999,6.445142036,7.3090293827499995,7.7606557312,0.23962522839750516,0.10347600174812044,1.6380200513000007,0.8638873467499995
circumpolar,105,6.998275482695543,6.952448105463414,6.085612775,6.423902599,7.329377452,7.844680018,0.24624355779839224,0.1043366261783385,1.7590672429999996,0.9054748530000003
circumpolar,106,7.103456385679164,7.156613113785714,6.3207758227,6.66613692075,7.4763463665,8.0190928457,0.2529154417582828,0.10518090298362104,1.6983170229999995,0.81020944575
circumpolar,107,7.209465217843146,7.171441426097561,6.295577485,6.680848484,7.564024827,7.958918304,0.2596398433070291,0.10600883216398227,1.663340819,0.8831763429999997
circumpolar,108,7.316284355340761,7.378006941714285,6.5423015393,6.9106080575,7.708086507499999,8.257997347,0.26641564452058836,0.10681913749761485,1.7156958076999995,0.797478449999999
circumpolar,109,7.423871855242306,7.378724170341464,6.462766802,6.932833668,7.821847471,8.138785258,0.2732401848555351,0.10758749990154559,1.6760184560000004,0.8890138030000001
circumpolar,110,7.532163961507247,7.58473151497619,6.7574959366,7.12807180325,7.951096588,8.4680137841,0.2801094201090519,0.10829210626494046,1.7105178475000002,0.8230247847500003
circumpolar,111,7.641096144926528,7.581056103829268,6.617562989,7.138111577,7.994156429,8.277338766,0.287019257034336,0.1089321834192809,1.6597757770000001,0.8560448520000001
circumpolar,112,7.75060387629112,7.787089078714286,6.9605117772,7.319674733499999,8.164658214,8.634004735000001,0.29396560238458647,0.1095077313645918,1.6734929578000015,0.8449834804999998
circumpolar,113,7.860622626391953,7.791597225317073,6.787596579,7.267570889,8.204912309,8.524135267,0.30094436291299964,0.11001875010083317,1.7365386880000004,0.9373414199999992
circumpolar,114,7.971087866019998,8.00945476004762,7.1756840564,7.5992996457499995,8.36264485975,8.8546943863,0.3079514453727745,0.110465239628045,1.6790103299000005,0.763345214000001
circumpolar,115,8.081935065966215,8.017771741585365,6.975490768,7.490926336,8.439389979,8.770564104,0.3149827565171095,0.1108471999462175,1.7950733359999997,0.9484636429999993
circumpolar,116,8.193099697021548,8.23456459052381,7.3693451407,7.869286858500001,8.61195829475,9.0757048717,0.32203420309920167,0.11116463105533292,1.7063597309999992,0.7426714362499993
circumpolar,117,8.304517229976957,8.242014584073171,7.128011516,7.726447109,8.638544624,8.978655941,0.3291016918722494,0.11141753295540902,1.8506444249999996,0.9120975149999992
circumpolar,118,8.41612313562339,8.452909588595238,7.573648701500001,8.07779316825,8.801515691,9.2446538,0.3361811295894503,0.11160590564643336,1.6710050984999993,0.7237225227500002
circumpolar,119,8.527852884751807,8.463301230390243,7.343505395,7.94478937,8.811251437,9.221753194,0.3432684230040025,0.1117297491284166,1.8782477989999995,0.8664620669999996
circumpolar,120,8.639641948153171,8.666450121452382,7.7896482537,8.316804867250001,9.03679420675,9.416105064599998,0.3503594788691047,0.11178906340136407,1.626456810899998,0.7199893394999997
circumpolar,121,8.75142579661842,8.91290371168889,7.7018702872,8.306910455,9.196063016,10.370457092,0.35745020393795357,0.11178384846524914,2.6685868048000003,0.8891525609999995
circumpolar,122,8.863139900938522,8.900295139790698,8.036875500599999,8.4737706330000009,9.258081831,9.767071299200001,0.36453650496374806,0.11171410432010198,1.7301957986000023,0.7843111979999993
circumpolar,123,8.974720115035769,8.906332720292683,7.859206611,8.399704563,9.304925268,9.761161916,0.37161431300265124,0.11158021409724661,1.9019553050000004,0.9052207049999996
circumpolar,124,9.086125280713235,9.121809765857142,8.2636648045,8.641409435,9.43132390725,9.8651879806,0.37868101728877224,0.11140516567746594,1.6015231761000006,0.7899144722500004
circumpolar,125,9.197349870989171,9.136066383585366,8.23927174,8.57507472,9.531439748,9.944222485,0.385736267232034,0.11122459027593656,1.7049507449999997,0.95636502800000045
circumpolar,126,9.308391423932603,9.345356982190475,8.4601229191,8.877273830250001,9.685891436,10.065597155,0.3927799066660859,0.11104155294343165,1.605474235900001,0.8086176057499994
circumpolar,127,9.419247477612549,9.356450811682928,8.470223882,8.843460356,9.776464465,10.1905031,0.39981177942457674,0.11085605367994589,1.720279218,0.9330041090000005
circumpolar,128,9.52991557009804,9.568202709928572,8.6870945347,9.07230883325,9.9220463225,10.318451459999999,0.4068317293411563,0.1106680924854917,1.6313569252999987,0.8497374892499998
circumpolar,129,9.64039323945809,9.589502921609757,8.703208156,9.118825664,9.988336789,10.44492293,0.413839600249473,0.11047766936004955,1.741714774,0.8695111250000007
circumpolar,130,9.750678023761738,9.785264521547619,8.945546897499998,9.30059176975,10.19322948,10.599289181,0.42083523598317724,0.11028478430364785,1.6537422835000015,0.8926377102499998
circumpolar,131,9.860767461077993,9.801165023560976,8.93578517,9.301491045,10.21307866,10.68314599,0.42781848037591713,0.11008943731625465,1.747360819999999,0.9115876150000002
circumpolar,132,9.970659089475877,10.001023877547619,9.1536668321,9.53207044225,10.417241735000001,10.799551117999998,0.4347891772613419,0.10989162839788413,1.6458842858999976,0.8851712927500017
circumpolar,133,10.080350447024422,10.02555213902439,9.183537304,9.476407326,10.37439141,10.8801227,0.44174717047310125,0.1096913575485452,1.6965853959999997,0.8979840839999991
circumpolar,134,10.189839071792655,10.221915372595237,9.379642640699998,9.728317201,10.614760015,10.966637152,0.4486923038448446,0.10948862476823251,1.5869945113000021,0.8864428140000005
circumpolar,135,10.299122501849592,10.245570829731708,9.403168487,9.775522583,10.66466829,11.07816571,0.4556244212102207,0.10928343005693719,1.674997223,0.8891457069999991
circumpolar,136,10.408198275264258,10.449835274952381,9.5913304139,9.93384672,10.8083333175,11.207691028,0.4625433664028788,0.10907577341466634,1.6163606140999995,0.8744865975000007
circumpolar,137,10.517063930105664,10.468458378658537,9.616361374,9.990413408,10.88821007,11.29650247,0.46944898325646733,0.10886565484140576,1.6801410959999998,0.8977966619999993
circumpolar,138,10.625717007302404,10.659098257,9.87612994,10.1462386925,11.062385825,11.416719083999999,0.4763411157860251,0.10865307719674,1.5405891439999984,0.916147132499999
circumpolar,139,10.734157120951298,10.690823777756098,9.847447722,10.18702078,11.15689361,11.48767375,0.48321973951276215,0.10844011364889461,1.6402260280000007,0.9698728299999999
circumpolar,140,10.842389612812715,10.8856874645,10.136008502,10.41705311,11.31228956,11.617896597,0.4900851932777067,0.10823249186141659,1.4818880950000004,0.8952364500000005
circumpolar,141,10.950420805470069,10.920894017512195,9.929605277,10.3615638,11.28146076,11.78321815,0.4969378781379106,0.10803119265735361,1.8536128729999994,0.9198969599999991
circumpolar,142,11.05825702150678,11.114465315904761,10.347441149,10.6879566225,11.578298279999998,11.841877378,0.5037781951504263,0.10783621603671101,1.4944362289999997,0.8903416574999987
circumpolar,143,11.16590458350629,11.145948803146341,10.25068258,10.67073485,11.52525772,11.93486054,0.5106065453723073,0.10764756199951009,1.6841779600000013,0.8545228700000003
circumpolar,144,11.273369814052005,11.321838870642857,10.436653998,10.86272788,11.716031635,12.05492617,0.517423329860605,0.10746523054571533,1.6182721719999993,0.8533037550000007
circumpolar,145,11.380659035727346,11.350433047609757,10.44303328,10.93449351,11.74965988,12.21211945,0.5242289496723718,0.10728922167534094,1.7690861699999996,0.81516637
circumpolar,146,11.487778571115742,11.525878806357143,10.670464556,11.1236506425,12.0045313675,12.341958995,0.5310238058646604,0.1071195353883958,1.671494439,0.8808807250000008
circumpolar,147,11.594734742800604,11.549615784365853,10.62703251,11.18474899,12.02999885,12.43944335,0.5378082994945225,0.10695617168486216,1.81241084,0.8452498600000009
circumpolar,148,11.701533873365356,11.738141746904763,10.804811411,11.318421817499999,12.229145245,12.576617907,0.5445828316190108,0.10679913056475243,1.771806496,0.9107234275000007
circumpolar,149,11.80818228539343,11.770554785317072,10.70785103,11.33282825,12.33617172,12.68619686,0.5513478032951781,0.10664841202807374,1.9783458300000003,1.003343469999999
circumpolar,150,11.91468630146824,11.945961146666667,10.862198074,11.48393363,12.3990353275,12.741154724000001,0.5581036155800765,0.10650401607481008,1.878956650000001,0.9151016975000008
circumpolar,151,12.021052244173204,11.967192433658537,10.84219024,11.49014891,12.43016788,12.82331793,0.5648506695307578,0.10636594270496325,1.9811276899999992,0.9400189700000006
circumpolar,152,12.127286436091754,12.274944530222221,11.145473444,11.83967644,12.77108076,13.238161478000002,0.5715893662042755,0.10623419191855099,2.092688034000002,0.9314043200000004
circumpolar,153,12.233395199807305,12.231349800714286,11.114596015,11.8310921175,12.676923214999999,13.159414303,0.5783201066576812,0.10610876371555023,2.044818288,0.8458310974999979
circumpolar,154,12.339377452825602,12.364019049761906,11.398051712000001,11.9632472325,12.8207538475,13.241988953,0.5850428222256958,0.105982253018297,1.843937240999999,0.8575066150000001
circumpolar,155,12.445194041317697,12.38093421097561,11.47813639,12.01146486,12.85721479,13.33337973,0.5917550292844305,0.10581658849209497,1.8552433400000012,0.8457499300000002
circumpolar,156,12.550793610601627,12.562739157857143,11.670510313000001,12.1710171225,12.9537915325,13.520446619,0.5984534702798127,0.10559956928393,1.8499363059999983,0.78277441
circumpolar,157,12.656124800431893,12.59728918414634,11.69533738,12.12417269,12.97810277,13.50415875,0.6051348873048611,0.10533118983026668,1.8088213700000004,0.8539300799999996
circumpolar,158,12.761136250563002,12.78305557047619,11.794631854,12.480581579999999,13.139724885,13.695058809,0.611796022452595,0.10501145013110857,1.9004269550000004,0.6591433050000006
circumpolar,159,12.865776600749465,12.805470840731708,11.80330198,12.3744559,13.26719571,13.69261844,0.6184336178160338,0.10464035018646278,1.8893164599999999,0.8927398100000001
circumpolar,160,12.969994490745767,12.988047406666666,11.956494016,12.64450824,13.381546960000001,13.801556965,0.6250444154881953,0.10421788999630266,1.845062948999999,0.737038720000001
circumpolar,161,13.073738560306419,13.020568106341463,11.97474642,12.6348552,13.39801962,13.90412505,0.6316251575620988,0.1037440695606513,1.9293786299999987,0.763164419999999
circumpolar,162,13.176957449185918,13.19082914904762,12.155248723,12.821418362500001,13.6058997,13.947995097,0.638172586130763,0.10321888887949981,1.792746374,0.784481337499999
circumpolar,163,13.279599797138786,13.222039780731707,12.25174951,12.90548209,13.60855502,14.02917947,0.6446834432872078,0.10264234795286775,1.777429960000001,0.7030729300000012
circumpolar,164,13.381614243919499,13.392982176428571,12.389007433000002,13.08656257,13.7656250625,14.137377164999998,0.6511544711244506,0.10201444678071248,1.748369731999997,0.6790624925
circumpolar,165,13.482949429282575,13.432581154146341,12.47413551,13.10472017,13.85220126,14.25706176,0.6575824117355112,0.10133518536307662,1.7829262499999992,0.7474810899999991
circumpolar,166,13.583553992982509,13.608812157380953,12.705944792,13.34009771,14.0281286425,14.336431853,0.6639640072134079,0.10060456369993354,1.6304870610000002,0.6880309325000002
circumpolar,167,13.683376574773812,13.664160466829268,12.9096248,13.32716607,14.12858597,14.42939533,0.6702959996511603,0.09982258179130277,1.5197705300000006,0.8014198999999991
circumpolar,168,13.782365814410973,13.823089905238096,13.007062826999999,13.5139368075,14.278563112499999,14.551598606,0.6765751311417862,0.09898923963716122,1.544535779000002,0.7646263049999984
circumpolar,169,13.88047268647107,13.876302672682927,13.05996122,13.44751932,14.3459522,14.62194494,0.6827982918818564,0.0981068720600966,1.5619837200000006,0.8984328799999997
circumpolar,170,13.97767157981425,14.018333792142856,13.098115941,13.795034505,14.48135833,14.821252685,0.6889638572936352,0.09719889334318133,1.7231367439999996,0.6863238250000006
circumpolar,171,14.073950388963679,14.064619386341464,13.17442494,13.72763949,14.55531337,14.72807815,0.6950710594968855,0.09627880914942821,1.5536532100000002,0.8276738800000008
circumpolar,172,14.169297171447631,14.210640600238095,13.300018973,13.972008160000001,14.670670322500001,14.960173713,0.7011191409511864,0.09534678248395245,1.6601547399999994,0.6986621624999998
circumpolar,173,14.263699984794398,14.24903539292683,13.35602319,13.90814613,14.70402437,14.96596828,0.7071073441161175,0.09440281334676648,1.60994509,0.7958782400000004
circumpolar,174,14.35714688653227,14.393863177619048,13.471129106,14.147935582499999,14.842132545,15.135682210999999,0.7130349114512587,0.09344690173787207,1.6645531049999995,0.6941969625000013
circumpolar,175,14.44962593418952,14.428284816585366,13.55054886,14.16712916,14.93261255,15.17191649,0.7189010854161888,0.09247904765724968,1.62136763,0.76548339
circumpolar,176,14.541125185294426,14.579110558809523,13.725208861,14.33949252,14.977102715000001,15.384086228000001,0.7247051084704869,0.09149925110490642,1.6588773670000005,0.6376101950000006
circumpolar,177,14.631632697375277,14.600862969512194,13.81548299,14.38292402,15.05048899,15.33134845,0.7304462230737325,0.09050751208085117,1.5158654600000006,0.667564969999999
circumpolar,178,14.721136527960365,14.74457378,13.919862297,14.490581012500002,15.099728619999999,15.568866408,0.7361236716855056,0.08950383058508748,1.649004111,0.6091476074999971
circumpolar,179,14.80962473457796,14.762678008292683,13.94373979,14.5170142,15.15718747,15.42275281,0.7417366967653849,0.08848820661759582,1.47901302,0.64017327
circumpolar,180,14.897085374756353,14.922076566666666,14.073815608,14.68170526,15.231962120000002,15.736104543,0.74728454077295,0.08746064017839217,1.6622889349999994,0.5502568600000028
circumpolar,181,14.98350650602382,14.940452463658536,14.12467532,14.66463617,15.25431953,15.61070878,0.7527664461677801,0.08642113126746764,1.4860334599999998,0.5896833600000004
circumpolar,182,15.068876185908646,15.189231349555556,14.238568636,14.90347941,15.46243506,16.215308684,0.7581816554094545,0.0853696798848258,1.976740048,0.5589556500000015
circumpolar,183,15.153182471939116,15.164014362857143,14.316331911,14.860266465,15.50897717,15.881460183,0.7635294109575527,0.08430628603047019,1.565128271999999,0.6487107049999992
circumpolar,184,15.236414859458396,15.256522923333334,14.416211618,15.0008924425,15.622069172500002,15.993577116,0.7688090464757964,0.08323238751927953,1.5773654980000007,0.621176730000002
circumpolar,185,15.318595913551809,15.269287282926829,14.50345498,15.00771586,15.61500291,15.91435288,0.7740219933231733,0.0821810540934127,1.4108978999999984,0.60728705
circumpolar,186,15.399781269046876,15.409909502142858,14.675022882999999,15.1580401125,15.7544514525,16.118417484,0.77917178055394,0.08118535549506767,1.4433946009999996,0.5964113399999995
circumpolar,187,15.480027998586012,15.42380635097561,14.72454791,15.1139856,15.80783457,16.04444338,0.7842620284264954,0.08024672953913559,1.3198954700000005,0.6938489700000012
circumpolar,188,15.559393174811577,15.579293804285713,14.847801127,15.350955915,15.975946915,16.229891618,0.7892963571992355,0.07936517622556494,1.3820904909999996,0.6249909999999996
circumpolar,189,15.63793387036598,15.592745559268293,14.83529396,15.28523246,15.9825602,16.22766964,0.7942783871305593,0.07854069555440368,1.392375679999999,0.6973277400000004
circumpolar,190,15.71570715789162,15.726556645714286,15.129075141,15.45318811,16.15185799,16.38749082,0.7992117384788651,0.07777328752563939,1.2584156790000005,0.6986698800000006
circumpolar,191,15.792770110030883,15.736947026585366,14.9374741,15.44115902,16.16295807,16.44872925,0.8041000315025505,0.07706295213926317,1.5112551500000002,0.7217990499999978
circumpolar,192,15.86917979942616,15.873817522380952,15.320367562000001,15.593574929999999,16.245175177500002,16.558355063,0.8089468864600131,0.07640968939527681,1.2379875009999992,0.6516002475000029
circumpolar,193,15.94499329871985,15.905523319756098,15.16671419,15.64590272,16.26965083,16.64679428,0.8137559236096515,0.07581349929369097,1.4800800900000013,0.6237481099999993
circumpolar,194,16.020267680554348,16.048686881428573,15.460589061,15.7767723825,16.438943965,16.691955251,0.8185307632098636,0.07527438183449675,1.2313661899999992,0.6621715824999992
circumpolar,195,16.095060017572045,16.067370313658536,15.50476453,15.78620783,16.48807932,16.63850056,0.8232750255190473,0.07479233701769772,1.1337360300000014,0.7018714900000003
circumpolar,196,16.169427382415336,16.199698649761906,15.772261992,15.958256209999998,16.6262701375,16.852908074,0.8279923307956006,0.07436736484329032,1.0806460819999977,0.6680139275000023
circumpolar,197,16.243426847726603,16.213009468292682,15.80942016,15.94223985,16.63842888,16.89889468,0.8326862992979208,0.07399946531126744,1.0894745200000013,0.6961890299999993
circumpolar,198,16.317115486148246,16.33138639690476,15.880285529,16.076325245,16.717011215,16.969979089,0.8373605512844065,0.0736886384216433,1.0896935599999988,0.6406859699999998
circumpolar,199,16.39054969484942,16.358492075853658,15.91058176,16.07620784,16.73376048,16.99241279,0.8420186641665225,0.07343420870117257,1.08183103,0.6575526400000022
circumpolar,200,16.463729905185094,16.47943828142857,16.018709061,16.1910134525,16.8022465125,17.128723427999997,0.8466606653061783,0.0731802103356749,1.110014366999998,0.61123306
circumpolar,201,16.53655952258752,16.528293888536584,15.99489293,16.24746444,16.86455458,17.13607611,0.8512804274718243,0.07282961740242655,1.1411831800000005,0.6170901399999984
circumpolar,202,16.608932277270082,16.64438100404762,16.155895692,16.4059178525,16.999366485,17.260287552,0.8558712097089275,0.07237275468256144,1.1043918599999998,0.5934486324999995
circumpolar,203,16.680741899446165,16.68459581268293,16.22179508,16.39165433,17.03403482,17.43348451,0.860426271062955,0.07180962217608311,1.2116894299999998,0.6423804899999972
circumpolar,204,16.751882119329146,16.788918778095237,16.287801953000002,16.562287239999996,17.170845225,17.419983227,0.8649388705793734,0.07114021988298092,1.132181273999997,0.6085579850000045
circumpolar,205,16.82224666713241,16.822136941707317,16.31647315,16.57106,17.23731663,17.44414582,0.8694022673036501,0.07036454780326551,1.127672669999999,0.6662566299999995
circumpolar,206,16.891729273069355,16.923969367857143,16.455070823,16.665170947500002,17.3712239675,17.520154947,0.8738097202812527,0.069482605936944,1.065084124000002,0.7060530199999988
circumpolar,207,16.96022366735334,16.945128634146343,16.49039753,16.6866485,17.30514093,17.5273885,0.8781544885576469,0.0684943942839844,1.0369909700000015,0.6184924299999999
circumpolar,208,17.02762358019776,17.045469295714284,16.590054857000002,16.8001939225,17.368605837500002,17.606836589,0.8824298311783004,0.06739991284441871,1.0167817319999983,0.5684119150000022
circumpolar,209,17.093822741816,17.071246758536585,16.58633955,16.83002729,17.34555443,17.67176178,0.8866290071886804,0.0661991616182398,1.085422229999999,0.5155271399999997
circumpolar,210,17.158714882421435,17.170180400952383,16.741664295,16.97546646,17.4262664575,17.697365678999997,0.8907452756342537,0.06489214060543702,0.9557013839999975,0.450799997499999
circumpolar,211,17.22219373222746,17.203552716829268,16.72522856,17.05944444,17.56302184,17.74328199,0.8947718955604874,0.06347884980602458,1.0180534299999984,0.5035774000000011
circumpolar,212,17.284153021447445,17.28559856809524,16.788249061000002,17.1577175875,17.578872625000002,17.776739675,0.8987021260128483,0.061959289219984726,0.9884906139999998,0.4211550375000037
circumpolar,213,17.34448648029478,17.398645520666665,16.77563173,17.17903622,17.68270094,18.271970804,0.9025292260368035,0.06033345884733521,1.496339073999998,0.5036647199999997
circumpolar,214,17.403087856541177,17.42085217767442,16.784010633999998,17.292524110000002,17.714202620000002,17.905801532,0.9062464557915882,0.05860137624639705,1.121790898000004,0.42167850999999956
circumpolar,215,17.45988940336178,17.415659282142858,16.798550818000002,17.13939799,17.7349608825,17.883408128,0.909849517929098,0.0568015468206049,1.0848573099999967,0.595562892500002
circumpolar,216,17.514943525539515,17.515609206904763,16.937753596,17.277584769999997,17.8338296925,18.030969005,0.9133417366138973,0.05505412217773298,1.093215408999999,0.556244922500003
circumpolar,217,17.5683259979859,17.530574563809523,16.937360409,17.231921835,17.841528175,18.056256099,0.9167279184354188,0.05338247244638694,1.1188956899999987,0.6096063399999991
circumpolar,218,17.62011259561244,17.616104633095237,17.050698541,17.3649616675,17.9059685575,18.123902437,0.9200128699830928,0.051786597626538367,1.0732038960000025,0.5410068899999985
circumpolar,219,17.670379093330638,17.63788708547619,17.008511202,17.4443964425,17.95551252,18.088637394000003,0.9232013978463509,0.05026649771819791,1.0801261920000016,0.5111160774999988
circumpolar,220,17.719201266052032,17.735938795952382,17.146057760999998,17.4776056125,18.03393647,18.206434154,0.926298308614626,0.048822172721394,1.060376393000002,0.5563308575000008
circumpolar,221,17.76665488868809,17.746851327619048,17.067670704,17.554064765,18.1075787275,18.265842359,0.9293084088773469,0.04745362263605912,1.1981716549999994,0.5535139625000021
circumpolar,222,17.812815736150363,17.834640433333334,17.243484985000002,17.6281568825,18.172376840000002,18.342403881000003,0.9322365052239474,0.04616084746227145,1.0989188960000007,0.5442199575000011
circumpolar,223,17.857759583350337,17.833465909285714,17.089632382,17.65354785,18.1642418475,18.409384308999996,0.9350874042438576,0.04494384719997413,1.319751926999995,0.5106939975000024
circumpolar,224,17.901562205199518,17.916260437380952,17.279748621,17.7120712475,18.179069572499998,18.432928726,0.9378659125265086,0.04380262184918138,1.1531801050000006,0.4669983249999987
circumpolar,225,17.94429937660943,17.926433677142857,17.218326457,17.7304345875,18.2501259475,18.460628193999998,0.9405768366613326,0.04273717140991096,1.2423017369999982,0.5196913599999995
circumpolar,226,17.986046872491578,18.016918124285713,17.412443672,17.783597885,18.2928980075,18.560235348,0.9432249832377608,0.041747495882148655,1.1477916760000006,0.5093001225000009
circumpolar,227,18.026880467757476,18.02083833357143,17.35719878,17.781575082499998,18.3163334775,18.584212266999998,0.9458151588452247,0.040833595265898026,1.2270134869999971,0.5347583950000008
circumpolar,228,18.066875937318628,18.10689231285714,17.506668892,17.929837120000002,18.38243972,18.629604099,0.9483521700731554,0.039995469561151964,1.1229352070000012,0.45260259999999874
circumpolar,229,18.106109056086552,18.10149975190476,17.515974812,17.816670255,18.369177014999998,18.703976209000004,0.950840823510985,0.03923311876792468,1.1880013970000043,0.55250676
circumpolar,230,18.144644085843066,18.173992839285713,17.646313147,17.96649989,18.4061828675,18.794833151,0.9532851954419468,0.03853502975651324,1.148520003999998,0.43968297749999863
circumpolar,231,18.182478055720576,18.151605165714287,17.575309001,17.8808290875,18.4115844875,18.835646217,0.9556850974165861,0.037833969877510754,1.260337216,0.5307554000000003
circumpolar,232,18.21958365951907,18.21560148738095,17.717326598,17.9457147,18.5135002225,18.806272728,0.958038797335323,0.03710560379849426,1.08894613,0.5677855224999995
circumpolar,233,18.255933557472545,18.22083366738095,17.761766835,17.9482917675,18.472698505,18.801724765,0.9603445609694042,0.03634989795347465,1.03995793,0.5244067375000014
circumpolar,234,18.291500409814994,18.293741705714286,17.888768704,18.0350236525,18.584619457499997,18.764992096,0.9626006540900758,0.035566852342448385,0.876223392,0.5495958049999956
circumpolar,235,18.32625687678045,18.296110812857144,17.938760025,18.0352248275,18.562199495,18.826434374,0.9648053424685871,0.03475646696545809,0.887674349000001,0.5269746675000029
circumpolar,236,18.360175618602906,18.37064530047619,18.021682772,18.1641303175,18.607166525,18.885320731,0.9669568918761837,0.033918741822454024,0.8636379590000018,0.4430362075000005
circumpolar,237,18.393229295516356,18.377777365,17.911421279,18.188956490000002,18.687931327500003,18.957364788,0.9690535680841128,0.0330536769134504,1.0459435090000007,0.4989748375000005
circumpolar,238,18.42539056775483,18.457518377142858,18.02888145,18.280889675,18.7559341825,19.016287755,0.9710936368636228,0.03216127223847565,0.9874063050000004,0.47504450749999805
circumpolar,239,18.456632095552315,18.473072183095237,17.900168322,18.2990880525,18.7513041475,19.036100793,0.9730753639859595,0.03124152779748357,1.1359324710000003,0.4522160950000007
circumpolar,240,18.486926539142825,18.520075728571427,17.942486501999998,18.331553685000003,18.8248527175,19.106520491,0.9749970152223708,0.0302944435905097,1.1640339890000035,0.49329903249999774
circumpolar,241,18.516246558760358,18.521919947619047,17.888370194,18.2851855325,18.845752232499997,19.163266036,0.9768568563441032,0.029320019617532722,1.2748958419999994,0.5605666999999954
circumpolar,242,18.54456481463892,18.560735590238096,17.986129314999996,18.322258955000002,18.8705300525,19.114818552,0.9786531531224042,0.028318255878563292,1.1286892370000032,0.5482710974999989
circumpolar,243,18.57185396701253,18.542796991666666,17.894487838,18.30712115,18.8418387075,19.086356498,0.9803841713285213,0.027289152373608516,1.1918686600000008,0.5347175574999987
circumpolar,244,18.598086676115184,18.617011641555557,17.995368388,18.3673194,18.90392818,19.206864384,0.9820481767337015,0.026232709102654184,1.211495996,0.5366087800000017
circumpolar,245,18.623236440257912,18.603413283255815,17.955738258,18.367944935,18.937600494999998,19.094526496,0.9836434882704833,0.025149764142728515,1.138788238,0.5696555599999975
circumpolar,246,18.647286500397126,18.64033483452381,18.094894353,18.39327385,18.9424930375,19.13533799,0.9851690428714188,0.024050060139213514,1.0404436369999992,0.5492191875000003
circumpolar,247,18.67022638306689,18.65412721261905,18.116440354999998,18.347558745,18.957820755,19.164226028,0.9866241761787455,0.02293988266976399,1.0477856730000035,0.6102620099999996
circumpolar,248,18.69204571956092,18.691532162619048,18.161894523,18.39969761,19.06443948,19.192559215,0.9880082304798637,0.021819336494029784,1.0306646919999984,0.6647418700000003
circumpolar,249,18.712734141172916,18.698187698809523,18.151229598,18.4132239775,19.030500345,19.156431997,0.9893205480621726,0.020688421611996688,1.005202398999998,0.6172763675000006
circumpolar,250,18.73228127919658,18.72997888690476,18.217587995000002,18.48623878,19.0483320575,19.207621167000003,0.9905604712130717,0.0195471380236647,0.9900331720000004,0.5620932775000007
circumpolar,251,18.750676764925608,18.740989120000002,18.259097643,18.48506662,19.047448425,19.278434049999998,0.9917273422199596,0.018395485729026717,1.0193364069999973,0.5623818049999976
circumpolar,252,18.767910229653722,18.775260323809523,18.374619347,18.5019458175,19.1116437525,19.323429918,0.9928205033702376,0.01723346472811471,0.9488105709999992,0.6096979349999998
circumpolar,253,18.783971304674612,18.781543445238096,18.373657534,18.500938392499997,19.111968025,19.292053208,0.9938392969513039,0.016061075020889604,0.9183956739999992,0.6110296325000029
circumpolar,254,18.79884962128197,18.80392404952381,18.395555189,18.49772291,19.1408147625,19.278848903999997,0.9947830652505575,0.0148783166073585,0.8832937149999971,0.6430918524999996
circumpolar,255,18.812534810769527,18.81662346190476,18.287438255999998,18.4879640925,19.128749012500002,19.266208105,0.9956511505553994,0.013685189487556926,0.9787698490000025,0.6407849200000015
circumpolar,256,18.825016504430966,18.830230847142857,18.328940458,18.54484305,19.128262715,19.361238007,0.9964428951532281,0.012481693661438698,1.032297548999999,0.583419665000001
circumpolar,257,18.83628433356,18.84110912547619,18.223571102,18.537187340000003,19.154042245,19.402550733000002,0.9971576413314435,0.011267829129032236,1.1789796310000007,0.6168549049999967
circumpolar,258,18.846327929450325,18.85000101714286,18.240408783,18.572006254999998,19.15503179,19.474489377,0.9977947313774447,0.010043595890326884,1.2340805940000017,0.5830255350000009
circumpolar,259,18.855136923395655,18.862906668333334,18.243500304,18.564064955,19.178439345,19.524079761,0.9983535075786318,0.008808993945329746,1.2805794569999982,0.6143743900000018
circumpolar,260,18.86270071575465,18.848500218571427,18.235687889999998,18.5256098275,19.179231585,19.507476515,0.9988332975736253,0.007563792358993737,1.2717886250000028,0.6536217575000016
circumpolar,261,18.86900219160315,18.88056160738095,18.283847865,18.5025710625,19.203083040000003,19.506629759,0.9992330157205954,0.006301475848502491,1.2227818940000006,0.7005119775000033
circumpolar,262,18.874016972233985,18.868141392142856,18.311932321,18.47113482,19.15808492,19.470635733,0.9995511156180495,0.005014780630833826,1.1587034120000013,0.6869501000000007
circumpolar,263,18.877720297749697,18.90419395714286,18.233193368,18.502913857499998,19.2327108475,19.529239849,0.9997860266846562,0.0037033255157119527,1.2960464810000012,0.7297969900000041
circumpolar,264,18.880087408252834,18.87433602404762,18.251720705,18.521935985,19.170896785,19.547756805000002,0.9999361783390838,0.002367110503136871,1.296036100000002,0.6489608000000011
circumpolar,265,18.881093543845935,18.89749531809524,18.214073059,18.5517227475,19.2663739125,19.541379782,1,0.001006135593101476,1.3273067229999995,0.7146511649999994
circumpolar,266,18.88071394463155,18.859214378809526,18.280786322,18.525856230000002,19.1989979975,19.546213556999998,0.9999759210860737,-3.795992143835747e-4,1.265427234999997,0.6731417674999989
circumpolar,267,18.878923850712212,18.875028436428572,18.132617261,18.47470113,19.235856277499998,19.561600665,0.9998623710159721,-0.001790093919339597,1.4289834040000002,0.7611551474999985
circumpolar,268,18.87569850219048,18.848518882619047,18.260939818999997,18.466066555,19.237065885,19.570153472,0.9996577792083647,-0.003225348521731064,1.309213653000004,0.7709993299999987
circumpolar,269,18.871013139168884,18.869320198333334,18.191788055999996,18.504860245,19.28168432,19.57627709,0.9993605750819187,-0.004685363021597055,1.384489034000005,0.7768240750000004
circumpolar,270,18.864843001749982,18.859300564761906,18.291157912000003,18.4969846375,19.213716257500003,19.568369025,0.9989691880553031,-0.006170137418902044,1.2772111129999963,0.7167316200000045
circumpolar,271,18.857163330036304,18.86625929047619,18.185903220000004,18.4490568025,19.263012482500002,19.527186809000003,0.9984820475471855,-0.007679671713678005,1.3412835889999997,0.813955680000003
circumpolar,272,18.84794936413041,18.840292511190476,18.231388385,18.42632933,19.17951819,19.475957401,0.997897582976235,-0.009213965905892962,1.2445690159999998,0.7531888599999981
circumpolar,273,18.837176344134825,18.854547359761906,18.223350095999997,18.4240592375,19.228392742500002,19.469252690999998,0.9972142237611186,-0.010773019995585997,1.2459025950000004,0.8043335050000024
circumpolar,274,18.824819510152107,18.804222738,18.218521778,18.4449271,19.15641303,19.400926612000003,0.9964303993205054,-0.01235683398271803,1.1824048340000033,0.7114859299999985
circumpolar,275,18.810854170337738,18.810035128139535,18.168053492,18.42746412,19.207278285,19.415012632,0.9955445433898292,-0.013965339814369315,1.2469591400000013,0.7798141650000012
circumpolar,276,18.795263867252405,18.804683918333332,18.255822273,18.45432762,19.1725753575,19.417408546,0.994555612033145,-0.01559030308533238,1.161586273000001,0.7182477375000005
circumpolar,277,18.77804813589672,18.797945560238094,18.263882105000004,18.455598695,19.164800085,19.390650808,0.9934635757543954,-0.017215731355683772,1.1267687029999962,0.7092013900000005
circumpolar,278,18.759208348700536,18.76486007095238,18.321458511,18.437176037500002,19.114630000000002,19.338263270000002,0.9922685216101886,-0.018839787196185398,1.0168047590000029,0.6774539624999996
circumpolar,279,18.738745878093706,18.76022766190476,18.288361464,18.4389769175,19.15372575,19.352901553,0.990970536657134,-0.020462470606830152,1.0645400889999976,0.7147488324999998
circumpolar,280,18.716662096506102,18.71982146095238,18.275683074,18.41494815,19.0878693425,19.286612402,0.9895697079518413,-0.022083781587603823,1.0109293279999996,0.6729211924999987
circumpolar,281,18.692958376367578,18.696260234761905,18.219907963,18.3515937425,19.055367165,19.256719186999998,0.9880661225509194,-0.023703720138524176,1.0368112239999974,0.7037734224999994
circumpolar,282,18.667636090108,18.657033409047617,18.202232157,18.3838202625,18.9888129725,19.175470327,0.986459867510978,-0.025322286259576998,0.9732381699999983,0.6049927100000012
circumpolar,283,18.64069661015723,18.62702353761905,18.183374225,18.354113455,18.99267129,19.169167466,0.9847510298886264,-0.026939479950769396,0.9857932409999997,0.6385578350000003
circumpolar,284,18.61214130894512,18.585776480952383,18.168377396,18.375062775000004,18.865288055,19.121474912,0.982939696740473,-0.028555301212112028,0.9530975159999997,0.4902252799999971
circumpolar,285,18.58197155890153,18.579876608333333,18.101747835,18.3669728875,18.9485188825,19.164191784,0.9810259551231275,-0.030169750043590682,1.0624439489999986,0.581545994999999
circumpolar,286,18.550188732456334,18.54060815238095,18.105468879999997,18.31886169,18.8349480875,19.104854464000002,0.9790098920931999,-0.0317828264451947,0.9993855840000059,0.5160863975000005
circumpolar,287,18.516794202039378,18.524558786666667,18.060483051,18.3264105525,18.9321206375,19.144973359999998,0.9768915947072984,-0.03339453041695606,1.0844903089999995,0.6057100849999983
circumpolar,288,18.48178934008054,18.47852385452381,18.064264924,18.29101297,18.84213855,19.057601074999997,0.9746711500220333,-0.03500486195883923,0.9933361509999976,0.5511255800000008
circumpolar,289,18.445175519009652,18.46813340904762,18.013876665,18.28764421,18.858766817499998,19.079670719,0.9723486450940124,-0.03661382107088684,1.0657940539999977,0.5711226074999978
circumpolar,290,18.40695411054968,18.406847942857144,17.943243155,18.2203749525,18.746781935,19.006965189000002,0.9699241669350046,-0.038221408459971684,1.0637220340000013,0.5264069825000028
circumpolar,291,18.367115443712137,18.38672048095238,17.812851293,18.26518734,18.8114823675,18.987815266000002,0.96739710209037,-0.039838666837543,1.1749639730000005,0.5462950274999976
circumpolar,292,18.32561085763915,18.31515205595238,17.750223274,18.102233745,18.6745965025,18.928837226000002,0.9647643638819389,-0.041504586072989014,1.1786139520000027,0.5723627574999988
circumpolar,293,18.282383090444128,18.284540704047618,17.612211084,18.1130744075,18.6602112975,18.862835668000002,0.9620223200470875,-0.043227767195020306,1.250624584000004,0.5471368899999973
circumpolar,294,18.237374880240456,18.222860786428573,17.731935183999997,18.041760580000002,18.6286956225,18.769791917,0.9591673383231901,-0.045008210203672405,1.0378567330000017,0.5869350424999986
circumpolar,295,18.19052896514152,18.180913490000002,17.522569959,17.96151961,18.6222600875,18.767370117000002,0.9561957864476216,-0.046845915098934654,1.2448001580000039,0.6607404774999992
circumpolar,296,18.14178808326074,18.141392245714286,17.619663516,17.937468552499997,18.5057430675,18.74928599,0.9531040321577582,-0.04874088188078218,1.1296224740000014,0.5682745150000024
circumpolar,297,18.091094972711485,18.09426420047619,17.406592905,17.8787605225,18.524491087500003,18.720405643999996,0.9498884431909741,-0.05069311054925407,1.3138127389999958,0.6457305650000045
circumpolar,298,18.038392371607163,18.038311055238097,17.576397474,17.786918439999997,18.360794015,18.666495312,0.9465453872846449,-0.0527026011043219,1.0900978379999984,0.5738755750000024
circumpolar,299,17.98362301806117,17.995455401666668,17.335941139000003,17.7294378225,18.438904265,18.598151268000002,0.9430712321761459,-0.05476935354599277,1.2622101289999996,0.7094664425000019
circumpolar,300,17.926729650186893,17.925839446190476,17.463251813,17.681352195,18.35810288,18.502281288,0.9394623456028518,-0.056893367874277345,1.0390294749999995,0.6767506850000018
circumpolar,301,17.867655006097728,17.879201127857144,17.139574627000002,17.6060077825,18.367098087499997,18.449037173,0.9357150953021378,-0.05907464408916496,1.309462545999999,0.7610903049999962
circumpolar,302,17.806341823907083,17.807901971666666,17.319587669,17.558635325,18.29453995,18.372022076000004,0.93182584901138,-0.061313182190644966,1.0524344070000033,0.7359046249999999
circumpolar,303,17.74273284172833,17.75698456952381,17.038890325,17.453949424999998,18.254066025,18.365262095,0.9277909744679519,-0.06360898217875288,1.326371769999998,0.8001166000000026
circumpolar,304,17.676770797674873,17.680907336666667,17.116904144,17.38001071,18.158138115,18.268501960000002,0.9236068394092295,-0.06596204405345674,1.1515978160000024,0.7781274049999993
circumpolar,305,17.608398429860113,17.543755561304348,16.807846405,17.23588695,18.08930031,18.22111632,0.9192698115725882,-0.06837236781476008,1.4132699150000008,0.8534133599999976
circumpolar,306,17.537554376522202,17.534304826744187,16.969666626,17.26872245,17.978269185000002,18.15417301,0.9147759986302099,-0.0708440533379111,1.1845063840000023,0.7095467350000035
circumpolar,307,17.4641500199286,17.46351139534884,16.774852716,17.221468235,17.893538890000002,18.104803410000002,0.910119779340866,-0.07340435659360267,1.3299506940000008,0.6720706550000024
circumpolar,308,17.38808562348513,17.383274682142858,16.79278533,17.1791179325,17.7916540575,17.959946256,0.9052948271665253,-0.07606439644347063,1.1671609259999975,0.6125361250000019
circumpolar,309,17.3092614177986,17.303365292093023,16.632837176,17.093157875,17.703497835,17.898351702,0.9002948134886339,-0.07882420568653004,1.2655145260000005,0.610339960000001
circumpolar,310,17.22757763347581,17.23093300095238,16.517408564,17.049064025,17.6140276725,17.766151849,0.8951134096886377,-0.081683784322788,1.2487432849999998,0.5649636475000008
circumpolar,311,17.142934501123566,17.14043153627907,16.403248226000002,16.8704192,17.523381174999997,17.724652174,0.8897442871479825,-0.08464313235224452,1.3214039479999968,0.6529619749999966
circumpolar,312,17.05523225134868,17.06705864547619,16.37558184,16.9067082675,17.44004822,17.548589129,0.8841811172481149,-0.08770224977488539,1.173007289000001,0.5333399525000004
circumpolar,313,16.96437111475795,16.969948669302326,16.241866326,16.736185385,17.367285855,17.515334024,0.8784175713704804,-0.09086113659073192,1.273467698000001,0.6311004699999998
circumpolar,314,16.87025132195819,16.87493677166667,16.18110717,16.6322124225,17.2709016675,17.404748987,0.8724473208965259,-0.09411979279975924,1.2236418170000007,0.6386892449999984
circumpolar,315,16.772773103556197,16.780287006976746,16.083144542000003,16.531055610000003,17.18091694,17.308865936,0.8662640372076966,-0.09747821840199222,1.2257213939999971,0.6498613299999967
circumpolar,316,16.67183669015878,16.68666238095238,15.967166442000002,16.422777165,17.1018573025,17.178489459999998,0.8598613916854388,-0.10093641339741666,1.2113230179999963,0.6790801375000015
circumpolar,317,16.567342312372748,16.582484863255814,15.837762655999999,16.316606715,17.008927585,17.162238566000003,0.853233055711199,-0.10449437778603254,1.3244759100000039,0.6923208699999996
circumpolar,318,16.45919020080491,16.472325561190477,15.712336255999999,16.1989830975,16.897063215,17.018707587999998,0.8463727006664231,-0.10815211156783988,1.3063713319999994,0.6980801174999982
circumpolar,319,16.347280586062055,16.364218510232558,15.541921808,16.117840119999997,16.78015569,16.937456228000002,0.8392739979325567,-0.11190961474285288,1.3955344200000024,0.6623155700000041
circumpolar,320,16.231513698751012,16.240442160714284,15.372074343,16.0005329375,16.685778495,16.833286239,0.8319306188910469,-0.11576688731104312,1.461211896,0.6852455575
circumpolar,321,16.111790927260078,16.111767455348836,15.285182062,15.936580645,16.55798687,16.740812098,0.824336308364274,-0.11972277149093458,1.4556300359999987,0.6214062250000012
circumpolar,322,15.988029378019348,15.98845369047619,15.153205614,15.806453075,16.463083285,16.586480063,0.816485808208756,-0.12376154924072935,1.433274448999999,0.6566302099999994
circumpolar,323,15.860157485193188,15.86332859744186,14.97412345,15.68117277,16.32739884,16.522819119999998,0.8083745788271206,-0.1278718928261604,1.5486956699999972,0.6462260700000009
circumpolar,324,15.728103933026777,15.718405335,14.774759090000002,15.509437425,16.184373677500002,16.369590866,0.7999980964852372,-0.13205355216641124,1.5948317759999977,0.674936252500002
circumpolar,325,15.591797405765288,15.57693363255814,14.6526613,15.31967841,16.073685204999997,16.195271016000003,0.7913518374489755,-0.13630652726148895,1.542609716000003,0.7540067949999969
circumpolar,326,15.451166587653901,15.449642399047619,14.489524903000001,15.1917917425,15.961934257500001,16.075333293,0.7824312779842051,-0.14063081811138645,1.5858083899999986,0.7701425150000016
circumpolar,327,15.306140162937798,15.296216585348837,14.356940216,14.969206735,15.769765079999999,15.920306382,0.7732318943567958,-0.14502642471610372,1.5633661659999998,0.8005583449999989
circumpolar,328,15.156646815862151,15.150221427857144,14.193682555,14.811393347500001,15.6423634875,15.77739549,0.7637491628326173,-0.1494933470756461,1.5837129349999994,0.8309701399999998
circumpolar,329,15.002615230672133,14.999878985581395,14.062797225999999,14.659501725,15.496304469999998,15.648537830000002,0.7539785596775386,-0.15403158519001892,1.5857406040000033,0.8368027449999982
circumpolar,330,14.843974091612925,14.848639298095238,13.897915725999999,14.446942069999999,15.306805489999999,15.535173541999999,0.7439155611574296,-0.15864113905920796,1.637257816,0.8598634199999999
circumpolar,331,14.680652082929706,14.675202033255815,13.773171802,14.267940495,15.12541304,15.323542288,0.7335556435381604,-0.16332200868321856,1.5503704860000003,0.8574725450000003
circumpolar,332,14.512577888867648,14.517122729761905,13.61172347,14.095771795,14.9655875275,15.234961876,0.7228942830856,-0.1680741940620578,1.6232384060000005,0.8698157325000011
circumpolar,333,14.339680193671933,14.35196483604651,13.45688504,13.984739495,14.760483695,15.075603714000001,0.7119269560656184,-0.17289769519571507,1.618718674000002,0.7757442000000001
circumpolar,334,14.161887681587741,14.180876853809524,13.305037021,13.72344101,14.592086757499999,14.915955016,0.7006491387440854,-0.1777925120841921,1.6109179949999994,0.8686457474999987
circumpolar,335,13.979129036860234,13.840282563478262,12.960907214999999,13.4871982125,14.4046028925,14.7250062,0.6890563073868697,-0.1827586447275067,1.7640989850000004,0.9174046800000006
circumpolar,336,13.791337201224708,13.758691115581396,12.905439256000001,13.406880675,14.22748163,14.574324796,0.6771442083229344,-0.18779183563552593,1.6688855399999998,0.8206009549999997
circumpolar,337,13.598595422847088,13.61395842547619,12.707131908000001,13.278264395,14.0756389425,14.416079678000001,0.664918122188661,-0.19274177837761997,1.70894777,0.7973745474999987
circumpolar,338,13.401173836678904,13.403284587317073,12.49672546,12.97118298,13.91943007,14.2981044,0.65239518430994,-0.1974215861681845,1.8013789399999993,0.9482470900000006
circumpolar,339,13.199354260224545,13.22780198047619,12.368090448,12.7901342775,13.7223271975,14.170756664,0.6395932710657894,-0.20181957645435844,1.8026662160000004,0.9321929200000003
circumpolar,340,12.993418510988414,12.99709245390244,11.9772009,12.53036349,13.59058138,14.04082793,0.6265302588352276,-0.20593574923613112,2.063627030000001,1.0602178900000006
circumpolar,341,12.783648406474883,12.820919487857143,11.889623477,12.4083579325,13.342122032499999,13.75470252,0.6132240239972712,-0.20977010451353095,1.8650790429999997,0.9337640999999994
circumpolar,342,12.570325764188345,12.581136444146342,11.50651174,12.03683165,13.15703046,13.71847377,0.5996924429309377,-0.2133226422865384,2.2119620299999987,1.1201988099999998
circumpolar,343,12.353732401633197,12.382806856190475,11.323293531000001,11.869890627500002,12.963140912499998,13.43770338,0.5859533920152455,-0.21659336255514816,2.1144098489999994,1.0932502849999963
circumpolar,344,12.134150136313819,12.15562591890244,11.09082506,11.54116774,12.77969367,13.32367907,0.5720247476292117,-0.21958226531937797,2.2328540100000005,1.2385259299999998
circumpolar,345,11.911860785734598,11.963729561595239,10.94468655,11.306469352499999,12.562532117500002,13.109273139999999,0.5579243861518537,-0.22228935057922072,2.164586589999999,1.256062765000003
circumpolar,346,11.687146167399927,11.716227798243903,10.63807379,10.99639613,12.3275722,12.98122369,0.5436701839621892,-0.2247146183346711,2.3431499000000002,1.3311760699999997
circumpolar,347,11.460288098814187,11.511061723142857,10.422523698000001,10.86176471,11.9465680775,12.730206657,0.5292800174392356,-0.22685806858573976,2.307682958999999,1.084803367500001
circumpolar,348,11.231568397481778,11.260786945268293,10.06495261,10.46630097,11.72946843,12.66477248,0.514771762962011,-0.22871970133240893,2.5998198699999993,1.26316746
circumpolar,349,11.001268880907073,11.058836551380953,9.9379270764,10.39263691,11.524356972500001,12.37827322,0.500163296909532,-0.23029951657470527,2.440346143600001,1.1317200625000012
circumpolar,350,10.769671366594482,10.78863716792683,9.5965941870000009,10.03973298,11.33693377,12.37867073,0.4854724956608175,-0.23159751431259146,2.7820765429999987,1.2972007899999998
circumpolar,351,10.53705799739162,10.571300065738095,9.3833141387,9.84032507625,11.0518159375,11.927960217,0.47071725623220817,-0.2326133692028609,2.5446460783000013,1.2114908612500006
circumpolar,352,10.303773093145669,10.275399220609756,9.067806567,9.549504097,10.87392082,11.82327921,0.4559194196804005,-0.23328490424595216,2.755472643000001,1.3244167230000006
circumpolar,353,10.070296501291482,10.054235927404761,8.7965168966,9.333215098250001,10.5074134925,11.476359590999998,0.4411094239110694,-0.23347659185418657,2.679842694399998,1.1741983942499985
circumpolar,354,9.83712592149881,9.771519653658537,8.540336734,9.034652982,10.33973928,11.23521966,0.4263188392411569,-0.23317057979267197,2.694882926,1.305086297999999
circumpolar,355,9.604759053437428,9.576045910904762,8.3382045683,8.86950466375,9.9637114905,10.928879638,0.41157923598760665,-0.23236686806138174,2.5906750696999996,1.0942068267499998
circumpolar,356,9.373693596777102,9.313517866024391,8.06880714,8.647687596,9.810316797,10.74169512,0.3969221844673618,-0.23106545666032652,2.6728879799999987,1.1626292009999997
circumpolar,357,9.14442725118759,9.123031112166666,7.8497130204,8.5359090545,9.5147125575,10.474235382999998,0.38237925499736497,-0.22926634558951164,2.624522362599998,0.978803503
circumpolar,358,8.917457716338632,8.855883325317073,7.592432198,8.145816522,9.371688041,10.14760926,0.36798201789455753,-0.22696953484895843,2.5551770619999994,1.225871519
circumpolar,359,8.693282691900043,8.664727869761904,7.4853970592,8.19371010275,9.109862345500002,9.89113003,0.3537620434758858,-0.22417502443858872,2.405732970799999,0.9161522427500017
circumpolar,360,8.47239987754154,8.442539409292683,7.250213189,7.77725615,8.997365722,9.845608223,0.33975090205828967,-0.22088281435850377,2.595395033999999,1.2201095719999993
circumpolar,361,8.255306972932903,8.26735482647619,7.1846506465,7.762437872,8.630438838749999,9.456225116399999,0.3259801639587132,-0.21709290460863606,2.271574469899999,0.8680009667499995
circumpolar,362,8.0425016777439,8.025137262487805,6.948252883,7.356682194,8.594335188,9.263463431,0.3124813994940996,-0.21280529518900337,2.3152105479999996,1.2376529940000003
circumpolar,363,7.834481691644288,7.856829990880953,6.909824421200001,7.410782311,8.206887949,8.5688490092,0.29928617898139137,-0.20801998609961192,1.6590245879999985,0.7961056380000002
circumpolar,364,7.631744714303839,7.653615648512195,6.607096571,7.135140224,8.191663762,8.850279833,0.286426072737532,-0.20273697734044926,2.2431832620000005,1.0565235379999995
circumpolar,365,7.434788445392299,7.469765621166667,6.561368388,7.097080268,7.850466453,8.2580761516,0.2739326510794634,-0.1969562689115394,1.6967077635999992,0.7533861850000001
circumpolar,366,7.244110584579437,7.278291467,6.650088832,7.0241312185,7.5942613875,7.918964576,0.2618374843241288,-0.19067786081286187,1.2688757439999998,0.5701301689999996
