Date,Extent
10/25/1978,17.14
10/26/1978,17.35
10/27/1978,17.68
10/28/1978,17.59
10/29/1978,17.51
10/30/1978,17.42
10/31/1978,17.37
11/1/1978,17.39
11/2/1978,17.44
11/3/1978,17.48
11/4/1978,17.4
11/5/1978,17.29
11/6/1978,17.18
11/7/1978,17.18
11/8/1978,17.03
11/9/1978,17.04
11/10/1978,16.89
11/11/1978,16.69
11/12/1978,16.56
11/13/1978,16.46
11/14/1978,16.3
11/15/1978,16.2
11/16/1978,16.06
11/17/1978,15.9
11/18/1978,15.75
11/19/1978,15.67
11/20/1978,15.47
11/21/1978,15.32
11/22/1978,15.17
11/23/1978,15.03
11/24/1978,14.9
11/25/1978,14.83
11/26/1978,14.54
11/27/1978,14.35
11/28/1978,14.14
11/29/1978,14.05
11/30/1978,13.86
12/1/1978,13.79
12/2/1978,13.65
12/3/1978,13.58
12/4/1978,13.39
12/5/1978,13.3
12/6/1978,13.08
12/7/1978,12.95
12/8/1978,12.6
12/9/1978,12.43
12/10/1978,12.19
12/11/1978,12.08
12/12/1978,11.86
12/13/1978,11.66
12/14/1978,11.44
12/15/1978,11.22
12/16/1978,10.96
12/17/1978,10.72
12/18/1978,10.4
12/19/1978,10.18
12/20/1978,9.92
12/21/1978,9.79
12/22/1978,9.38
12/23/1978,9.14
12/24/1978,8.9
12/25/1978,8.72
12/26/1978,8.45
12/27/1978,8.28
12/28/1978,7.96
12/29/1978,7.89
12/30/1978,7.69
12/31/1978,7.61
1/1/1979,7.36
1/2/1979,7.27
1/3/1979,7.11
1/4/1979,7.08
1/5/1979,6.92
1/6/1979,6.92
1/7/1979,6.64
1/8/1979,6.55
1/9/1979,6.38
1/10/1979,6.41
1/11/1979,6.22
1/12/1979,6.19
1/13/1979,5.95
1/14/1979,5.86
1/15/1979,5.69
1/16/1979,5.68
1/17/1979,5.52
1/18/1979,5.52
1/19/1979,5.36
1/20/1979,5.24
1/21/1979,5.01
1/22/1979,4.91
1/23/1979,4.72
1/24/1979,4.66
1/25/1979,4.48
1/26/1979,4.42
1/27/1979,4.28
1/28/1979,4.29
1/29/1979,4.14
1/30/1979,4.13
1/31/1979,3.98
2/1/1979,3.95
2/2/1979,3.76
2/3/1979,3.7
2/4/1979,3.57
2/5/1979,3.51
2/6/1979,3.44
2/7/1979,3.42
2/8/1979,3.35
2/9/1979,3.31
2/10/1979,3.21
2/11/1979,3.17
2/12/1979,3.13
2/13/1979,3.1
2/14/1979,3.08
2/15/1979,3.08
2/16/1979,3.03
2/17/1979,3.02
2/18/1979,3.01
2/19/1979,3.01
2/20/1979,3.02
2/21/1979,3.05
2/22/1979,3.05
2/23/1979,3.03
2/24/1979,3.06
2/25/1979,3.09
2/26/1979,3.15
2/27/1979,3.21
2/28/1979,3.15
3/1/1979,3.18
3/2/1979,3.2
3/3/1979,3.16
3/4/1979,3.27
3/5/1979,3.3
3/6/1979,3.38
3/7/1979,3.36
3/8/1979,3.45
3/9/1979,3.46
3/10/1979,3.5
3/11/1979,3.5
3/12/1979,3.59
3/13/1979,3.59
3/14/1979,3.69
3/15/1979,3.72
3/16/1979,3.83
3/17/1979,3.9
3/18/1979,4.06
3/19/1979,4.13
3/20/1979,4.24
3/21/1979,4.27
3/22/1979,4.47
3/23/1979,4.53
3/24/1979,4.81
3/25/1979,4.82
3/26/1979,4.94
3/27/1979,4.96
3/28/1979,5.13
3/29/1979,5.18
3/30/1979,5.33
3/31/1979,5.31
4/1/1979,5.61
4/2/1979,5.69
4/3/1979,5.82
4/4/1979,5.86
4/5/1979,6.12
4/6/1979,6.17
4/7/1979,6.38
4/8/1979,6.42
4/9/1979,6.72
4/10/1979,6.83
4/11/1979,7.12
4/12/1979,7.24
4/13/1979,7.37
4/14/1979,7.37
4/15/1979,7.61
4/16/1979,7.68
4/17/1979,7.85
4/18/1979,7.85
4/19/1979,8.08
4/20/1979,8.1
4/21/1979,8.31
4/22/1979,8.38
4/23/1979,8.57
4/24/1979,8.64
4/25/1979,8.85
4/26/1979,8.91
4/27/1979,9.1
4/28/1979,9.12
4/29/1979,9.19
4/30/1979,9.1
5/1/1979,9.24
5/2/1979,9.3
5/3/1979,9.52
5/4/1979,9.59
5/5/1979,9.74
5/6/1979,9.87
5/7/1979,10.01
5/8/1979,9.95
5/9/1979,10.19
5/10/1979,10.22
5/11/1979,10.41
5/12/1979,10.49
5/13/1979,10.72
5/14/1979,10.74
5/15/1979,11.04
5/16/1979,11.03
5/17/1979,11.22
5/18/1979,11.23
5/19/1979,11.42
5/20/1979,11.41
5/21/1979,11.58
5/22/1979,11.58
5/23/1979,11.75
5/24/1979,11.74
5/25/1979,12
5/26/1979,11.97
5/27/1979,12.18
5/28/1979,12.11
5/29/1979,12.38
5/30/1979,12.41
5/31/1979,12.76
6/1/1979,12.74
6/2/1979,13.04
6/3/1979,13.11
6/4/1979,13.31
6/5/1979,13.31
6/6/1979,13.49
6/7/1979,13.48
6/8/1979,13.67
6/9/1979,13.58
6/10/1979,13.81
6/11/1979,13.79
6/12/1979,13.98
6/13/1979,13.92
6/14/1979,14.1
6/15/1979,14.09
6/16/1979,14.42
6/17/1979,14.41
6/18/1979,14.7
6/19/1979,14.7
6/20/1979,14.96
6/21/1979,14.98
6/22/1979,15.22
6/23/1979,15.23
6/24/1979,15.45
6/25/1979,15.47
6/26/1979,15.69
6/27/1979,15.67
6/28/1979,15.76
6/29/1979,15.76
6/30/1979,15.84
7/1/1979,15.75
7/2/1979,15.86
7/3/1979,15.85
7/4/1979,15.97
7/5/1979,15.95
7/6/1979,16.04
7/7/1979,16.04
7/8/1979,16.26
7/9/1979,16.33
7/10/1979,16.43
7/11/1979,16.31
7/12/1979,16.39
7/13/1979,16.4
7/14/1979,16.63
7/15/1979,16.66
7/16/1979,16.81
7/17/1979,16.79
7/18/1979,16.92
7/19/1979,16.93
7/20/1979,17.11
7/21/1979,17.07
7/22/1979,17.15
7/23/1979,17.1
7/24/1979,17.23
7/25/1979,17.28
7/26/1979,17.35
7/27/1979,17.13
7/28/1979,17.29
7/29/1979,17.22
7/30/1979,17.3
7/31/1979,17.17
8/1/1979,17.16
8/2/1979,17.06
8/3/1979,17.15
8/4/1979,17.09
8/5/1979,17.17
8/6/1979,17.04
8/7/1979,17.24
8/8/1979,17.13
8/9/1979,17.31
8/10/1979,17.4
8/11/1979,17.66
8/12/1979,17.75
8/13/1979,17.87
8/14/1979,17.85
8/15/1979,18.11
8/16/1979,18.14
8/17/1979,18.26
8/18/1979,18.32
8/19/1979,18.41
8/20/1979,18.36
8/21/1979,18.53
8/22/1979,18.5
8/23/1979,18.51
8/24/1979,18.44
8/25/1979,18.43
8/26/1979,18.35
8/27/1979,18.32
8/28/1979,18.28
8/29/1979,18.32
8/30/1979,18.29
8/31/1979,18.33
9/1/1979,18.25
9/2/1979,18.31
9/3/1979,18.28
9/4/1979,18.41
9/5/1979,18.49
9/6/1979,18.5
9/7/1979,18.46
9/8/1979,18.47
9/9/1979,18.46
9/10/1979,18.49
9/11/1979,18.49
9/12/1979,18.57
9/13/1979,18.54
9/14/1979,18.57
9/15/1979,18.53
9/16/1979,18.41
9/17/1979,18.23
9/18/1979,18.21
9/19/1979,18.04
9/20/1979,18.15
9/21/1979,18.27
9/22/1979,18.21
9/23/1979,18.16
9/24/1979,18.24
9/25/1979,18.27
9/26/1979,18.35
9/27/1979,18.44
9/28/1979,18.44
9/29/1979,18.42
9/30/1979,18.45
10/1/1979,18.49
10/2/1979,18.47
10/3/1979,18.46
10/4/1979,18.51
10/5/1979,18.44
10/6/1979,18.39
10/7/1979,18.27
10/8/1979,18.36
10/9/1979,18.33
10/10/1979,18.25
10/11/1979,18.15
10/12/1979,18.25
10/13/1979,18.26
10/14/1979,18.24
10/15/1979,18.12
10/16/1979,18.2
10/17/1979,18.14
10/18/1979,18.08
10/19/1979,17.96
10/20/1979,17.96
10/21/1979,17.92
10/22/1979,17.9
10/23/1979,17.79
10/24/1979,17.72
10/25/1979,17.57
10/26/1979,17.54
10/27/1979,17.48
10/28/1979,17.46
10/29/1979,17.42
10/30/1979,17.36
10/31/1979,17.23
11/1/1979,17.19
11/2/1979,17.13
11/3/1979,17.07
11/4/1979,16.96
11/5/1979,16.93
11/6/1979,16.95
11/7/1979,16.86
11/8/1979,16.77
11/9/1979,16.64
11/10/1979,16.5
11/11/1979,16.35
11/12/1979,16.22
11/13/1979,16.12
11/14/1979,16.04
11/15/1979,15.94
11/16/1979,15.81
11/17/1979,15.66
11/18/1979,15.6
11/19/1979,15.42
11/20/1979,15.31
11/21/1979,15.15
11/22/1979,15.01
11/23/1979,14.83
11/24/1979,14.56
11/25/1979,14.34
11/26/1979,14.21
11/27/1979,14.05
11/28/1979,13.95
11/29/1979,13.74
11/30/1979,13.62
12/1/1979,13.34
12/2/1979,13.22
12/3/1979,13.02
12/4/1979,12.84
12/5/1979,12.52
12/6/1979,12.43
12/7/1979,12.09
12/8/1979,11.86
12/9/1979,11.48
12/10/1979,11.3
12/11/1979,10.91
12/12/1979,10.83
12/13/1979,10.42
12/14/1979,10.19
12/15/1979,9.75
12/16/1979,9.55
12/17/1979,9.02
12/18/1979,8.86
12/19/1979,8.51
12/20/1979,8.42
12/21/1979,8.07
12/22/1979,7.91
12/23/1979,7.39
12/24/1979,7.26
12/25/1979,7
12/26/1979,6.94
12/27/1979,6.73
12/28/1979,6.69
12/29/1979,6.45
12/30/1979,6.39
12/31/1979,6.28
1/1/1980,6.31
1/2/1980,6.07
1/3/1980,5.99
1/4/1980,5.87
1/5/1980,5.86
1/6/1980,5.65
1/7/1980,5.57
1/8/1980,5.38
1/9/1980,5.23
1/10/1980,5.16
1/11/1980,5.11
1/12/1980,4.97
1/13/1980,4.84
1/14/1980,4.79
1/15/1980,4.75
1/16/1980,4.68
1/17/1980,4.61
1/18/1980,4.55
1/19/1980,4.53
1/20/1980,4.4
1/21/1980,4.33
1/22/1980,4.25
1/23/1980,4.16
1/24/1980,4.08
1/25/1980,4
1/26/1980,3.91
1/27/1980,3.8
1/28/1980,3.77
1/29/1980,3.68
1/30/1980,3.66
1/31/1980,3.62
2/1/1980,3.59
2/2/1980,3.49
2/3/1980,3.49
2/4/1980,3.42
2/5/1980,3.33
2/6/1980,3.27
2/7/1980,3.2
2/8/1980,3.12
2/9/1980,3.1
2/10/1980,3.07
2/11/1980,3.04
2/12/1980,3
2/13/1980,2.91
2/14/1980,2.84
2/15/1980,2.83
2/16/1980,2.81
2/17/1980,2.77
2/18/1980,2.78
2/19/1980,2.74
2/20/1980,2.7
2/21/1980,2.68
2/22/1980,2.7
2/23/1980,2.66
2/24/1980,2.63
2/25/1980,2.62
2/26/1980,2.62
2/27/1980,2.65
2/28/1980,2.7
2/29/1980,2.66
3/1/1980,2.68
3/2/1980,2.7
3/3/1980,2.76
3/4/1980,2.85
3/5/1980,2.96
3/6/1980,3
3/7/1980,3.06
3/8/1980,3.08
3/9/1980,3.16
3/10/1980,3.14
3/11/1980,3.18
3/12/1980,3.21
3/13/1980,3.23
3/14/1980,3.29
3/15/1980,3.34
3/16/1980,3.35
3/17/1980,3.38
3/18/1980,3.42
3/19/1980,3.41
3/20/1980,3.45
3/21/1980,3.46
3/22/1980,3.49
3/23/1980,3.54
3/24/1980,3.59
3/25/1980,3.61
3/26/1980,3.71
3/27/1980,3.76
3/28/1980,4.01
3/29/1980,4.12
3/30/1980,4.22
3/31/1980,4.26
4/1/1980,4.35
4/2/1980,4.36
4/3/1980,4.45
4/4/1980,4.46
4/5/1980,4.63
4/6/1980,4.68
4/7/1980,4.79
4/8/1980,4.82
4/9/1980,4.92
4/10/1980,4.88
4/11/1980,5.03
4/12/1980,5.09
4/13/1980,5.19
4/14/1980,5.2
4/15/1980,5.33
4/16/1980,5.31
4/17/1980,5.52
4/18/1980,5.6
4/19/1980,5.77
4/20/1980,5.84
4/21/1980,6.08
4/22/1980,6.12
4/23/1980,6.28
4/24/1980,6.3
4/25/1980,6.42
4/26/1980,6.45
4/27/1980,6.7
4/28/1980,6.76
4/29/1980,6.99
4/30/1980,7.03
5/1/1980,7.24
5/2/1980,7.33
5/3/1980,7.49
5/4/1980,7.53
5/5/1980,7.72
5/6/1980,7.83
5/7/1980,8.02
5/8/1980,8.09
5/9/1980,8.36
5/10/1980,8.41
5/11/1980,8.61
5/12/1980,8.58
5/13/1980,8.69
5/14/1980,8.7
5/15/1980,8.91
5/16/1980,9.06
5/17/1980,9.2
5/18/1980,9.2
5/19/1980,9.4
5/20/1980,9.49
5/21/1980,9.67
5/22/1980,9.74
5/23/1980,9.94
5/24/1980,9.98
5/25/1980,10.16
5/26/1980,10.18
5/27/1980,10.32
5/28/1980,10.33
5/29/1980,10.55
5/30/1980,10.55
5/31/1980,10.81
6/1/1980,10.84
6/2/1980,10.97
6/3/1980,10.91
6/4/1980,11.21
6/5/1980,11.29
6/6/1980,11.41
6/7/1980,11.45
6/8/1980,11.72
6/9/1980,11.79
6/10/1980,12.03
6/11/1980,12.08
6/12/1980,12.33
6/13/1980,12.39
6/14/1980,12.66
6/15/1980,12.77
6/16/1980,12.96
6/17/1980,12.96
6/18/1980,13.2
6/19/1980,13.26
6/20/1980,13.39
6/21/1980,13.46
6/22/1980,13.7
6/23/1980,13.81
6/24/1980,13.9
6/25/1980,13.99
6/26/1980,14.09
6/27/1980,14.04
6/28/1980,14.17
6/29/1980,14.24
6/30/1980,14.33
7/1/1980,14.34
7/2/1980,14.55
7/3/1980,14.53
7/4/1980,14.77
7/5/1980,14.81
7/6/1980,15.08
7/7/1980,15.08
7/8/1980,15.14
7/9/1980,15.14
7/10/1980,15.3
7/11/1980,15.35
7/12/1980,15.48
7/13/1980,15.52
7/14/1980,15.71
7/15/1980,15.77
7/16/1980,15.88
7/17/1980,15.9
7/18/1980,16
7/19/1980,15.99
7/20/1980,16.03
7/21/1980,16
7/22/1980,16.23
7/23/1980,16.28
7/24/1980,16.42
7/25/1980,16.4
7/26/1980,16.64
7/27/1980,16.59
7/28/1980,16.66
7/29/1980,16.65
7/30/1980,16.71
7/31/1980,16.7
8/1/1980,16.9
8/2/1980,16.81
8/3/1980,17.12
8/4/1980,17.19
8/5/1980,17.37
8/6/1980,17.41
8/7/1980,17.5
8/8/1980,17.47
8/9/1980,17.65
8/10/1980,17.7
8/11/1980,17.81
8/12/1980,17.82
8/13/1980,18.02
8/14/1980,17.93
8/15/1980,17.97
8/16/1980,17.82
8/17/1980,17.97
8/18/1980,17.96
8/19/1980,18.22
8/20/1980,18.24
8/21/1980,18.39
8/22/1980,18.3
8/23/1980,18.38
8/24/1980,18.33
8/25/1980,18.47
8/26/1980,18.42
8/27/1980,18.53
8/28/1980,18.4
8/29/1980,18.43
8/30/1980,18.4
8/31/1980,18.61
9/1/1980,18.63
9/2/1980,18.66
9/3/1980,18.59
9/4/1980,18.75
9/5/1980,18.7
9/6/1980,18.85
9/7/1980,18.79
9/8/1980,18.8
9/9/1980,18.73
9/10/1980,18.9
9/11/1980,18.89
9/12/1980,18.96
9/13/1980,18.95
9/14/1980,18.95
9/15/1980,18.93
9/16/1980,19.03
9/17/1980,18.98
9/18/1980,19.06
9/19/1980,19.02
9/20/1980,19.15
9/21/1980,19.07
9/22/1980,19.18
9/23/1980,19.09
9/24/1980,19.17
9/25/1980,19.11
9/26/1980,19.12
9/27/1980,19.11
9/28/1980,19.15
9/29/1980,19.15
9/30/1980,19.13
10/1/1980,19.08
10/2/1980,19.07
10/3/1980,19.06
10/4/1980,19.03
10/5/1980,18.98
10/6/1980,19
10/7/1980,18.88
10/8/1980,18.91
10/9/1980,18.93
10/10/1980,18.9
10/11/1980,18.93
10/12/1980,18.95
10/13/1980,18.92
10/14/1980,19
10/15/1980,19.06
10/16/1980,18.94
10/17/1980,18.77
10/18/1980,18.74
10/19/1980,18.72
10/20/1980,18.66
10/21/1980,18.6
10/22/1980,18.59
10/23/1980,18.5
10/24/1980,18.5
10/25/1980,18.46
10/26/1980,18.46
10/27/1980,18.36
10/28/1980,18.36
10/29/1980,18.25
10/30/1980,18.15
10/31/1980,18.06
11/1/1980,17.99
11/2/1980,17.93
11/3/1980,17.87
11/4/1980,17.73
11/5/1980,17.65
11/6/1980,17.48
11/7/1980,17.51
11/8/1980,17.43
11/9/1980,17.41
11/10/1980,17.3
11/11/1980,17.22
11/12/1980,17.14
11/13/1980,17.03
11/14/1980,16.92
11/15/1980,16.84
11/16/1980,16.75
11/17/1980,16.6
11/18/1980,16.5
11/19/1980,16.32
11/20/1980,16.14
11/21/1980,15.92
11/22/1980,15.74
11/23/1980,15.58
11/24/1980,15.41
11/25/1980,15.26
11/26/1980,15.13
11/27/1980,14.92
11/28/1980,14.75
11/29/1980,14.51
11/30/1980,14.32
12/1/1980,14.14
12/2/1980,14.01
12/3/1980,13.79
12/4/1980,13.58
12/5/1980,13.32
12/6/1980,13.09
12/7/1980,12.8
12/8/1980,12.59
12/9/1980,12.24
12/10/1980,12.12
12/11/1980,11.81
12/12/1980,11.66
12/13/1980,11.3
12/14/1980,11.19
12/15/1980,10.83
12/16/1980,10.71
12/17/1980,10.36
12/18/1980,10.17
12/19/1980,9.94
12/20/1980,9.83
12/21/1980,9.44
12/22/1980,9.09
12/23/1980,8.77
12/24/1980,8.55
12/25/1980,8.26
12/26/1980,8.09
12/27/1980,7.74
12/28/1980,7.6
12/29/1980,7.28
12/30/1980,7.15
12/31/1980,6.87
1/1/1981,6.77
1/2/1981,6.39
1/3/1981,6.14
1/4/1981,5.81
1/5/1981,5.71
1/6/1981,5.51
1/7/1981,5.43
1/8/1981,5.15
1/9/1981,5.01
1/10/1981,4.86
1/11/1981,4.79
1/12/1981,4.73
1/13/1981,4.71
1/14/1981,4.57
1/15/1981,4.47
1/16/1981,4.34
1/17/1981,4.26
1/18/1981,4.21
1/19/1981,4.19
1/20/1981,4.1
1/21/1981,4.06
1/22/1981,3.99
1/23/1981,3.94
1/24/1981,3.91
1/25/1981,3.88
1/26/1981,3.79
1/27/1981,3.74
1/28/1981,3.73
1/29/1981,3.74
1/30/1981,3.65
1/31/1981,3.59
2/1/1981,3.52
2/2/1981,3.47
2/3/1981,3.44
2/4/1981,3.44
2/5/1981,3.34
2/6/1981,3.25
2/7/1981,3.19
2/8/1981,3.14
2/9/1981,3.09
2/10/1981,3.07
2/11/1981,3.01
2/12/1981,3.01
2/13/1981,2.95
2/14/1981,2.93
2/15/1981,2.89
2/16/1981,2.88
2/17/1981,2.83
2/18/1981,2.86
2/19/1981,2.87
2/20/1981,2.87
2/21/1981,2.88
2/22/1981,2.86
2/23/1981,2.91
2/24/1981,2.92
2/25/1981,2.97
2/26/1981,2.98
2/27/1981,3.02
2/28/1981,2.96
3/1/1981,2.92
3/2/1981,2.89
3/3/1981,2.88
3/4/1981,2.93
3/5/1981,2.9
3/6/1981,2.89
3/7/1981,2.98
3/8/1981,3.02
3/9/1981,3.09
3/10/1981,3.13
3/11/1981,3.16
3/12/1981,3.16
3/13/1981,3.28
3/14/1981,3.33
3/15/1981,3.41
3/16/1981,3.47
3/17/1981,3.5
3/18/1981,3.53
3/19/1981,3.59
3/20/1981,3.62
3/21/1981,3.7
3/22/1981,3.76
3/23/1981,3.93
3/24/1981,4.01
3/25/1981,4.14
3/26/1981,4.22
3/27/1981,4.29
3/28/1981,4.32
3/29/1981,4.41
3/30/1981,4.42
3/31/1981,4.56
4/1/1981,4.67
4/2/1981,4.72
4/3/1981,4.77
4/4/1981,4.91
4/5/1981,4.94
4/6/1981,5.1
4/7/1981,5.15
4/8/1981,5.23
4/9/1981,5.27
4/10/1981,5.47
4/11/1981,5.53
4/12/1981,5.66
4/13/1981,5.7
4/14/1981,5.89
4/15/1981,5.92
4/16/1981,6.09
4/17/1981,6.16
4/18/1981,6.32
4/19/1981,6.36
4/20/1981,6.48
4/21/1981,6.52
4/22/1981,6.75
4/23/1981,6.81
4/24/1981,6.99
4/25/1981,7.05
4/26/1981,7.27
4/27/1981,7.33
4/28/1981,7.49
4/29/1981,7.54
4/30/1981,7.66
5/1/1981,7.66
5/2/1981,7.82
5/3/1981,7.86
5/4/1981,8.04
5/5/1981,8.07
5/6/1981,8.28
5/7/1981,8.38
5/8/1981,8.57
5/9/1981,8.59
5/10/1981,8.73
5/11/1981,8.81
5/12/1981,9
5/13/1981,9.03
5/14/1981,9.31
5/15/1981,9.37
5/16/1981,9.52
5/17/1981,9.58
5/18/1981,9.82
5/19/1981,9.88
5/20/1981,10.07
5/21/1981,10.07
5/22/1981,10.36
5/23/1981,10.44
5/24/1981,10.61
5/25/1981,10.66
5/26/1981,10.83
5/27/1981,10.9
5/28/1981,11.15
5/29/1981,11.18
5/30/1981,11.44
5/31/1981,11.53
6/1/1981,11.73
6/2/1981,11.79
6/3/1981,11.96
6/4/1981,11.96
6/5/1981,12.1
6/6/1981,12
6/7/1981,12.15
6/8/1981,12.09
6/9/1981,12.39
6/10/1981,12.53
6/11/1981,12.86
6/12/1981,12.89
6/13/1981,13.03
6/14/1981,12.98
6/15/1981,13.37
6/16/1981,13.39
6/17/1981,13.76
6/18/1981,13.85
6/19/1981,13.89
6/20/1981,13.92
6/21/1981,14
6/22/1981,13.99
6/23/1981,14.18
6/24/1981,14.21
6/25/1981,14.41
6/26/1981,14.53
6/27/1981,14.72
6/28/1981,14.81
6/29/1981,14.96
6/30/1981,15.08
7/1/1981,15.25
7/2/1981,15.29
7/3/1981,15.42
7/4/1981,15.46
7/5/1981,15.56
7/6/1981,15.58
7/7/1981,15.62
7/8/1981,15.57
7/9/1981,15.75
7/10/1981,15.8
7/11/1981,15.95
7/12/1981,15.98
7/13/1981,16.14
7/14/1981,16.17
7/15/1981,16.25
7/16/1981,16.17
7/17/1981,16.24
7/18/1981,16.23
7/19/1981,16.3
7/20/1981,16.37
7/21/1981,16.54
7/22/1981,16.67
7/23/1981,16.81
7/24/1981,16.88
7/25/1981,16.92
7/26/1981,16.89
7/27/1981,16.93
7/28/1981,16.88
7/29/1981,17.04
7/30/1981,17.05
7/31/1981,17.13
8/1/1981,17.1
8/2/1981,17.26
8/3/1981,17.31
8/4/1981,17.36
8/5/1981,17.42
8/6/1981,17.45
8/7/1981,17.46
8/8/1981,17.59
8/9/1981,17.62
8/10/1981,17.82
8/11/1981,17.86
8/12/1981,17.92
8/13/1981,17.91
8/14/1981,18.03
8/15/1981,18.04
8/16/1981,18.21
8/17/1981,18.24
8/18/1981,18.26
8/19/1981,18.26
8/20/1981,18.21
8/21/1981,18.19
8/22/1981,18.17
8/23/1981,18.12
8/24/1981,18.19
8/25/1981,18.22
8/26/1981,18.31
8/27/1981,18.34
8/28/1981,18.35
8/29/1981,18.39
8/30/1981,18.45
8/31/1981,18.41
9/1/1981,18.44
9/2/1981,18.47
9/3/1981,18.58
9/4/1981,18.54
9/5/1981,18.59
9/6/1981,18.57
9/7/1981,18.62
9/8/1981,18.67
9/9/1981,18.68
9/10/1981,18.66
9/11/1981,18.73
9/12/1981,18.75
9/13/1981,18.81
9/14/1981,18.83
9/15/1981,18.94
9/16/1981,18.96
9/17/1981,19.05
9/18/1981,19.07
9/19/1981,19.06
9/20/1981,19.02
9/21/1981,19.01
9/22/1981,19.01
9/23/1981,19.01
9/24/1981,19
9/25/1981,19.02
9/26/1981,18.96
9/27/1981,19.03
9/28/1981,18.99
9/29/1981,19.01
9/30/1981,19.03
10/1/1981,19.01
10/2/1981,19.02
10/3/1981,18.99
10/4/1981,18.89
10/5/1981,18.95
10/6/1981,18.92
10/7/1981,18.93
10/8/1981,18.95
10/9/1981,18.91
10/10/1981,18.87
10/11/1981,18.87
10/12/1981,18.87
10/13/1981,18.78
10/14/1981,18.69
10/15/1981,18.69
10/16/1981,18.71
10/17/1981,18.74
10/18/1981,18.76
10/19/1981,18.68
10/20/1981,18.5
10/21/1981,18.39
10/22/1981,18.24
10/23/1981,18.17
10/24/1981,18.15
10/25/1981,18.12
10/26/1981,18.05
10/27/1981,18.01
10/28/1981,17.96
10/29/1981,17.87
10/30/1981,17.8
10/31/1981,17.63
11/1/1981,17.5
11/2/1981,17.43
11/3/1981,17.42
11/4/1981,17.25
11/5/1981,17.13
11/6/1981,17.09
11/7/1981,17.07
11/8/1981,17.02
11/9/1981,17.01
11/10/1981,16.89
11/11/1981,16.85
11/12/1981,16.78
11/13/1981,16.76
11/14/1981,16.64
11/15/1981,16.61
11/16/1981,16.44
11/17/1981,16.31
11/18/1981,16.32
11/19/1981,16.24
11/20/1981,16.14
11/21/1981,16.12
11/22/1981,15.92
11/23/1981,15.76
11/24/1981,15.62
11/25/1981,15.57
11/26/1981,15.44
11/27/1981,15.32
11/28/1981,15.15
11/29/1981,15.04
11/30/1981,14.89
12/1/1981,14.77
12/2/1981,14.57
12/3/1981,14.39
12/4/1981,14.23
12/5/1981,14.08
12/6/1981,13.82
12/7/1981,13.62
12/8/1981,13.39
12/9/1981,13.25
12/10/1981,12.97
12/11/1981,12.85
12/12/1981,12.64
12/13/1981,12.59
12/14/1981,12.3
12/15/1981,12.09
12/16/1981,11.67
12/17/1981,11.43
12/18/1981,10.96
12/19/1981,10.68
12/20/1981,10.2
12/21/1981,10.07
12/22/1981,9.62
12/23/1981,9.43
12/24/1981,9.05
12/25/1981,8.87
12/26/1981,8.52
12/27/1981,8.39
12/28/1981,8.17
12/29/1981,8.13
12/30/1981,7.85
12/31/1981,7.71
1/1/1982,7.51
1/2/1982,7.41
1/3/1982,7.15
1/4/1982,7.04
1/5/1982,6.83
1/6/1982,6.72
1/7/1982,6.54
1/8/1982,6.42
1/9/1982,6.24
1/10/1982,6.16
1/11/1982,5.97
1/12/1982,5.88
1/13/1982,5.72
1/14/1982,5.66
1/15/1982,5.54
1/16/1982,5.5
1/17/1982,5.38
1/18/1982,5.35
1/19/1982,5.19
1/20/1982,5.13
1/21/1982,4.9
1/22/1982,4.78
1/23/1982,4.78
1/24/1982,4.93
1/25/1982,4.74
1/26/1982,4.67
1/27/1982,4.53
1/28/1982,4.5
1/29/1982,4.31
1/30/1982,4.03
1/31/1982,3.93
2/1/1982,3.85
2/2/1982,3.82
2/3/1982,3.75
2/4/1982,3.65
2/5/1982,3.58
2/6/1982,3.56
2/7/1982,3.53
2/8/1982,3.46
2/9/1982,3.4
2/10/1982,3.34
2/11/1982,3.29
2/12/1982,3.26
2/13/1982,3.21
2/14/1982,3.16
2/15/1982,3.09
2/16/1982,3.06
2/17/1982,3.06
2/18/1982,3.11
2/19/1982,3.14
2/20/1982,3.09
2/21/1982,3.05
2/22/1982,3.04
2/23/1982,3.05
2/24/1982,3.09
2/25/1982,3.12
2/26/1982,3.14
2/27/1982,3.13
2/28/1982,3.18
3/1/1982,3.16
3/2/1982,3.21
3/3/1982,3.27
3/4/1982,3.36
3/5/1982,3.38
3/6/1982,3.44
3/7/1982,3.42
3/8/1982,3.52
3/9/1982,3.56
3/10/1982,3.72
3/11/1982,3.79
3/12/1982,3.98
3/13/1982,4.07
3/14/1982,4.21
3/15/1982,4.24
3/16/1982,4.37
3/17/1982,4.37
3/18/1982,4.51
3/19/1982,4.55
3/20/1982,4.74
3/21/1982,4.81
3/22/1982,5.05
3/23/1982,5.01
3/24/1982,5.18
3/25/1982,5.26
3/26/1982,5.42
3/27/1982,5.49
3/28/1982,5.7
3/29/1982,5.77
3/30/1982,5.96
3/31/1982,6.01
4/1/1982,6.26
4/2/1982,6.33
4/3/1982,6.51
4/4/1982,6.54
4/5/1982,6.67
4/6/1982,6.68
4/7/1982,6.79
4/8/1982,6.81
4/9/1982,6.99
4/10/1982,7.04
4/11/1982,7.22
4/12/1982,7.31
4/13/1982,7.51
4/14/1982,7.54
4/15/1982,7.78
4/16/1982,7.83
4/17/1982,8
4/18/1982,8.05
4/19/1982,8.22
4/20/1982,8.25
4/21/1982,8.41
4/22/1982,8.45
4/23/1982,8.61
4/24/1982,8.64
4/25/1982,8.81
4/26/1982,8.84
4/27/1982,9.01
4/28/1982,9.07
4/29/1982,9.19
4/30/1982,9.23
5/1/1982,9.5
5/2/1982,9.51
5/3/1982,9.72
5/4/1982,9.71
5/5/1982,9.85
5/6/1982,9.88
5/7/1982,10.09
5/8/1982,10.12
5/9/1982,10.36
5/10/1982,10.4
5/11/1982,10.57
5/12/1982,10.51
5/13/1982,10.69
5/14/1982,10.63
5/15/1982,10.78
5/16/1982,10.73
5/17/1982,10.98
5/18/1982,11
5/19/1982,11.23
5/20/1982,11.24
5/21/1982,11.44
5/22/1982,11.48
5/23/1982,11.56
5/24/1982,11.49
5/25/1982,11.66
5/26/1982,11.69
5/27/1982,11.83
5/28/1982,11.85
5/29/1982,12.02
5/30/1982,11.94
5/31/1982,12.21
6/1/1982,12.31
6/2/1982,12.49
6/3/1982,12.48
6/4/1982,12.73
6/5/1982,12.82
6/6/1982,12.93
6/7/1982,12.88
6/8/1982,13.05
6/9/1982,13.08
6/10/1982,13.36
6/11/1982,13.42
6/12/1982,13.58
6/13/1982,13.61
6/14/1982,13.69
6/15/1982,13.7
6/16/1982,13.85
6/17/1982,13.76
6/18/1982,13.86
6/19/1982,13.87
6/20/1982,13.96
6/21/1982,13.98
6/22/1982,14.14
6/23/1982,14.15
6/24/1982,14.3
6/25/1982,14.49
6/26/1982,14.45
6/27/1982,14.42
6/28/1982,14.62
6/29/1982,14.68
6/30/1982,14.84
7/1/1982,14.92
7/2/1982,15.08
7/3/1982,15.08
7/4/1982,15.24
7/5/1982,15.25
7/6/1982,15.31
7/7/1982,15.25
7/8/1982,15.43
7/9/1982,15.47
7/10/1982,15.54
7/11/1982,15.58
7/12/1982,15.85
7/13/1982,15.98
7/14/1982,16.12
7/15/1982,16.43
7/16/1982,16.38
7/17/1982,16.24
7/18/1982,16.24
7/19/1982,16.21
7/20/1982,16.36
7/21/1982,16.33
7/22/1982,16.51
7/23/1982,16.64
7/24/1982,16.79
7/25/1982,16.83
7/26/1982,16.92
7/27/1982,16.91
7/28/1982,16.95
7/29/1982,16.98
7/30/1982,17.06
7/31/1982,17.18
8/1/1982,17.31
8/2/1982,17.27
8/3/1982,17.32
8/4/1982,16.92
8/5/1982,16.92
8/6/1982,17.41
8/7/1982,17.46
8/8/1982,17.23
8/9/1982,17.3
8/10/1982,17.78
8/11/1982,17.9
8/12/1982,18
8/13/1982,18.15
8/14/1982,18.15
8/15/1982,18.19
8/16/1982,18.24
8/17/1982,18.12
8/18/1982,18.06
8/19/1982,18.17
8/20/1982,18.21
8/21/1982,18.21
8/22/1982,18.2
8/23/1982,18.27
8/24/1982,18.22
8/25/1982,18.25
8/26/1982,18.27
8/27/1982,18.31
8/28/1982,18.27
8/29/1982,18.39
8/30/1982,18.45
8/31/1982,18.58
9/1/1982,18.55
9/2/1982,18.67
9/3/1982,18.71
9/4/1982,18.77
9/5/1982,18.72
9/6/1982,18.67
9/7/1982,18.65
9/8/1982,18.63
9/9/1982,18.59
9/10/1982,18.6
9/11/1982,18.52
9/12/1982,18.56
9/13/1982,18.57
9/14/1982,18.54
9/15/1982,18.51
9/16/1982,18.67
9/17/1982,18.68
9/18/1982,18.64
9/19/1982,18.66
9/20/1982,18.64
9/21/1982,18.56
9/22/1982,18.58
9/23/1982,18.56
9/24/1982,18.59
9/25/1982,18.53
9/26/1982,18.52
9/27/1982,18.48
9/28/1982,18.45
9/29/1982,18.47
9/30/1982,18.47
10/1/1982,18.42
10/2/1982,18.37
10/3/1982,18.26
10/4/1982,18.27
10/5/1982,18.3
10/6/1982,18.32
10/7/1982,18.32
10/8/1982,18.38
10/9/1982,18.41
10/10/1982,18.4
10/11/1982,18.21
10/12/1982,18.14
10/13/1982,18.09
10/14/1982,18.06
10/15/1982,18.07
10/16/1982,18.06
10/17/1982,18.05
10/18/1982,17.99
10/19/1982,17.92
10/20/1982,17.97
10/21/1982,18.07
10/22/1982,18.07
10/23/1982,18
10/24/1982,17.89
10/25/1982,17.88
10/26/1982,17.74
10/27/1982,17.66
10/28/1982,17.58
10/29/1982,17.59
10/30/1982,17.49
10/31/1982,17.44
11/1/1982,17.38
11/2/1982,17.36
11/3/1982,17.26
11/4/1982,17.15
11/5/1982,17.06
11/6/1982,17
11/7/1982,16.89
11/8/1982,16.85
11/9/1982,16.77
11/10/1982,16.82
11/11/1982,16.73
11/12/1982,16.65
11/13/1982,16.55
11/14/1982,16.54
11/15/1982,16.35
11/16/1982,16.25
11/17/1982,16.09
11/18/1982,15.96
11/19/1982,15.79
11/20/1982,15.65
11/21/1982,15.45
11/22/1982,15.37
11/23/1982,15.12
11/24/1982,14.88
11/25/1982,14.62
11/26/1982,14.48
11/27/1982,14.2
11/28/1982,14.06
11/29/1982,13.73
11/30/1982,13.59
12/1/1982,13.15
12/2/1982,12.92
12/3/1982,12.53
12/4/1982,12.38
12/5/1982,12.04
12/6/1982,11.87
12/7/1982,11.46
12/8/1982,11.37
12/9/1982,11.1
12/10/1982,11.01
12/11/1982,10.71
12/12/1982,10.58
12/13/1982,10.19
12/14/1982,9.94
12/15/1982,9.65
12/16/1982,9.46
12/17/1982,9.18
12/18/1982,9.03
12/19/1982,8.74
12/20/1982,8.57
12/21/1982,8.28
12/22/1982,8.19
12/23/1982,7.92
12/24/1982,7.86
12/25/1982,7.59
12/26/1982,7.5
12/27/1982,7.33
12/28/1982,7.3
12/29/1982,7.06
12/30/1982,7.03
12/31/1982,6.87
1/1/1983,6.85
1/2/1983,6.62
1/3/1983,6.47
1/4/1983,6.27
1/5/1983,6.19
1/6/1983,5.99
1/7/1983,5.92
1/8/1983,5.74
1/9/1983,5.61
1/10/1983,5.45
1/11/1983,5.4
1/12/1983,5.2
1/13/1983,5.17
1/14/1983,4.97
1/15/1983,4.94
1/16/1983,4.8
1/17/1983,4.76
1/18/1983,4.6
1/19/1983,4.56
1/20/1983,4.49
1/21/1983,4.49
1/22/1983,4.36
1/23/1983,4.33
1/24/1983,4.18
1/25/1983,4.14
1/26/1983,4.08
1/27/1983,4.09
1/28/1983,4.02
1/29/1983,4
1/30/1983,3.9
1/31/1983,3.84
2/1/1983,3.8
2/2/1983,3.79
2/3/1983,3.71
2/4/1983,3.63
2/5/1983,3.57
2/6/1983,3.54
2/7/1983,3.5
2/8/1983,3.43
2/9/1983,3.34
2/10/1983,3.24
2/11/1983,3.19
2/12/1983,3.22
2/13/1983,3.17
2/14/1983,3.22
2/15/1983,3.14
2/16/1983,3.11
2/17/1983,3.05
2/18/1983,3.07
2/19/1983,3.05
2/20/1983,3.12
2/21/1983,3.02
2/22/1983,3.03
2/23/1983,2.98
2/24/1983,3
2/25/1983,3.03
2/26/1983,3.1
2/27/1983,3.11
2/28/1983,3.13
3/1/1983,3.2
3/2/1983,3.31
3/3/1983,3.38
3/4/1983,3.47
3/5/1983,3.5
3/6/1983,3.53
3/7/1983,3.55
3/8/1983,3.58
3/9/1983,3.58
3/10/1983,3.64
3/11/1983,3.67
3/12/1983,3.74
3/13/1983,3.81
3/14/1983,3.91
3/15/1983,3.93
3/16/1983,4.01
3/17/1983,4.1
3/18/1983,4.2
3/19/1983,4.3
3/20/1983,4.4
3/21/1983,4.48
3/22/1983,4.54
3/23/1983,4.66
3/24/1983,4.73
3/25/1983,4.83
3/26/1983,4.88
3/27/1983,5
3/28/1983,5.02
3/29/1983,5.12
3/30/1983,5.11
3/31/1983,5.24
4/1/1983,5.25
4/2/1983,5.41
4/3/1983,5.5
4/4/1983,5.65
4/5/1983,5.7
4/6/1983,5.82
4/7/1983,5.89
4/8/1983,6.05
4/9/1983,6.11
4/10/1983,6.26
4/11/1983,6.29
4/12/1983,6.48
4/13/1983,6.5
4/14/1983,6.59
4/15/1983,6.6
4/16/1983,6.78
4/17/1983,6.83
4/18/1983,6.93
4/19/1983,6.99
4/20/1983,7.11
4/21/1983,7.12
4/22/1983,7.24
4/23/1983,7.3
4/24/1983,7.47
4/25/1983,7.48
4/26/1983,7.7
4/27/1983,7.79
4/28/1983,7.94
4/29/1983,8.01
4/30/1983,8.23
5/1/1983,8.32
5/2/1983,8.48
5/3/1983,8.54
5/4/1983,8.6
5/5/1983,8.64
5/6/1983,8.75
5/7/1983,8.75
5/8/1983,9.06
5/9/1983,9.07
5/10/1983,9.25
5/11/1983,9.31
5/12/1983,9.44
5/13/1983,9.52
5/14/1983,9.64
5/15/1983,9.73
5/16/1983,9.91
5/17/1983,9.96
5/18/1983,10.07
5/19/1983,10.1
5/20/1983,10.18
5/21/1983,10.19
5/22/1983,10.27
5/23/1983,10.28
5/24/1983,10.51
5/25/1983,10.66
5/26/1983,10.77
5/27/1983,10.77
5/28/1983,10.92
5/29/1983,10.94
5/30/1983,11.1
5/31/1983,11.12
6/1/1983,11.2
6/2/1983,11.24
6/3/1983,11.41
6/4/1983,11.49
6/5/1983,11.72
6/6/1983,11.87
6/7/1983,12.03
6/8/1983,12.12
6/9/1983,12.25
6/10/1983,12.34
6/11/1983,12.52
6/12/1983,12.54
6/13/1983,12.71
6/14/1983,12.74
6/15/1983,13
6/16/1983,13
6/17/1983,13.17
6/18/1983,13.13
6/19/1983,13.29
6/20/1983,13.26
6/21/1983,13.44
6/22/1983,13.52
6/23/1983,13.73
6/24/1983,13.74
6/25/1983,13.9
6/26/1983,13.92
6/27/1983,14.13
6/28/1983,14.18
6/29/1983,14.31
6/30/1983,14.3
7/1/1983,14.63
7/2/1983,14.77
7/3/1983,14.91
7/4/1983,14.97
7/5/1983,15.08
7/6/1983,15.03
7/7/1983,15.12
7/8/1983,15.26
7/9/1983,15.37
7/10/1983,15.37
7/11/1983,15.5
7/12/1983,15.58
7/13/1983,15.72
7/14/1983,15.72
7/15/1983,15.74
7/16/1983,15.71
7/17/1983,15.79
7/18/1983,15.79
7/19/1983,15.83
7/20/1983,15.9
7/21/1983,16.14
7/22/1983,16.15
7/23/1983,16.22
7/24/1983,16.15
7/25/1983,16.26
7/26/1983,16.32
7/27/1983,16.37
7/28/1983,16.43
7/29/1983,16.54
7/30/1983,16.64
7/31/1983,16.75
8/1/1983,16.84
8/2/1983,16.9
8/3/1983,16.87
8/4/1983,17
8/5/1983,16.97
8/6/1983,17.05
8/7/1983,17.14
8/8/1983,17.03
8/9/1983,16.96
8/10/1983,16.97
8/11/1983,16.96
8/12/1983,17.07
8/13/1983,17.1
8/14/1983,17.28
8/15/1983,17.36
8/16/1983,17.38
8/17/1983,17.38
8/18/1983,17.44
8/19/1983,17.43
8/20/1983,17.65
8/21/1983,17.74
8/22/1983,17.99
8/23/1983,18.08
8/24/1983,18.12
8/25/1983,18.04
8/26/1983,18.11
8/27/1983,18.16
8/28/1983,18.2
8/29/1983,18.22
8/30/1983,18.29
8/31/1983,18.28
9/1/1983,18.47
9/2/1983,18.55
9/3/1983,18.63
9/4/1983,18.64
9/5/1983,18.68
9/6/1983,18.63
9/7/1983,18.76
9/8/1983,18.73
9/9/1983,18.89
9/10/1983,18.89
9/11/1983,18.96
9/12/1983,18.95
9/13/1983,18.95
9/14/1983,18.94
9/15/1983,18.95
9/16/1983,18.88
9/17/1983,19.01
9/18/1983,19.02
9/19/1983,19.12
9/20/1983,19.15
9/21/1983,19.14
9/22/1983,19
9/23/1983,18.98
9/24/1983,18.94
9/25/1983,18.83
9/26/1983,18.76
9/27/1983,18.7
9/28/1983,18.65
9/29/1983,18.73
9/30/1983,18.75
10/1/1983,18.73
10/2/1983,18.64
10/3/1983,18.58
10/4/1983,18.52
10/5/1983,18.39
10/6/1983,18.32
10/7/1983,18.25
10/8/1983,18.23
10/9/1983,18.22
10/10/1983,18.26
10/11/1983,18.23
10/12/1983,18.33
10/13/1983,18.26
10/14/1983,18.25
10/15/1983,18.28
10/16/1983,18.31
10/17/1983,18.32
10/18/1983,18.32
10/19/1983,18.26
10/20/1983,18.19
10/21/1983,18.11
10/22/1983,17.99
10/23/1983,17.96
10/24/1983,17.94
10/25/1983,17.94
10/26/1983,17.95
10/27/1983,17.86
10/28/1983,17.85
10/29/1983,17.76
10/30/1983,17.74
10/31/1983,17.63
11/1/1983,17.59
11/2/1983,17.54
11/3/1983,17.53
11/4/1983,17.47
11/5/1983,17.39
11/6/1983,17.26
11/7/1983,17.27
11/8/1983,17.16
11/9/1983,17.1
11/10/1983,17.07
11/11/1983,17.08
11/12/1983,16.89
11/13/1983,16.81
11/14/1983,16.65
11/15/1983,16.57
11/16/1983,16.45
11/17/1983,16.34
11/18/1983,16.18
11/19/1983,16.13
11/20/1983,15.93
11/21/1983,15.85
11/22/1983,15.7
11/23/1983,15.64
11/24/1983,15.36
11/25/1983,15.23
11/26/1983,15
11/27/1983,14.93
11/28/1983,14.72
11/29/1983,14.68
11/30/1983,14.43
12/1/1983,14.35
12/2/1983,14.11
12/3/1983,13.96
12/4/1983,13.65
12/5/1983,13.44
12/6/1983,13.09
12/7/1983,12.95
12/8/1983,12.69
12/9/1983,12.63
12/10/1983,12.31
12/11/1983,12.2
12/12/1983,11.84
12/13/1983,11.69
12/14/1983,11.41
12/15/1983,11.28
12/16/1983,10.86
12/17/1983,10.75
12/18/1983,10.29
12/19/1983,10.11
12/20/1983,9.74
12/21/1983,9.62
12/22/1983,9.28
12/23/1983,9.16
12/24/1983,8.81
12/25/1983,8.7
12/26/1983,8.4
12/27/1983,8.32
12/28/1983,8.05
12/29/1983,7.99
12/30/1983,7.68
12/31/1983,7.57
1/1/1984,7.35
1/2/1984,7.32
1/3/1984,7.07
1/4/1984,6.96
1/5/1984,6.75
1/6/1984,6.65
1/7/1984,6.39
1/8/1984,6.25
1/9/1984,6.03
1/10/1984,5.95
1/11/1984,5.69
1/12/1984,5.59
1/13/1984,5.42
1/14/1984,5.41
1/15/1984,5.11
1/16/1984,4.95
1/17/1984,4.69
1/18/1984,4.64
1/19/1984,4.34
1/20/1984,4.29
1/21/1984,4.04
1/22/1984,3.98
1/23/1984,3.83
1/24/1984,3.79
1/25/1984,3.65
1/26/1984,3.64
1/27/1984,3.49
1/28/1984,3.48
1/29/1984,3.4
1/30/1984,3.39
1/31/1984,3.29
2/1/1984,3.26
2/2/1984,3.21
2/3/1984,3.21
2/4/1984,3.18
2/5/1984,3.17
2/6/1984,3.1
2/7/1984,3.07
2/8/1984,3.06
2/9/1984,3
2/10/1984,2.92
2/11/1984,2.84
2/12/1984,2.8
2/13/1984,2.78
2/14/1984,2.76
2/15/1984,2.75
2/16/1984,2.77
2/17/1984,2.77
2/18/1984,2.74
2/19/1984,2.7
2/20/1984,2.69
2/21/1984,2.72
2/22/1984,2.72
2/23/1984,2.72
2/24/1984,2.73
2/25/1984,2.72
2/26/1984,2.67
2/27/1984,2.68
2/28/1984,2.72
2/29/1984,2.78
3/1/1984,2.85
3/2/1984,2.96
3/3/1984,3.02
3/4/1984,3.09
3/5/1984,3.14
3/6/1984,3.22
3/7/1984,3.26
3/8/1984,3.32
3/9/1984,3.38
3/10/1984,3.43
3/11/1984,3.47
3/12/1984,3.5
3/13/1984,3.54
3/14/1984,3.62
3/15/1984,3.68
3/16/1984,3.76
3/17/1984,3.81
3/18/1984,3.89
3/19/1984,3.9
3/20/1984,3.98
3/21/1984,3.99
3/22/1984,4.05
3/23/1984,4.08
3/24/1984,4.17
3/25/1984,4.24
3/26/1984,4.39
3/27/1984,4.48
3/28/1984,4.61
3/29/1984,4.67
3/30/1984,4.97
3/31/1984,5.02
4/1/1984,5.13
4/2/1984,5.24
4/3/1984,5.35
4/4/1984,5.46
4/5/1984,5.5
4/6/1984,5.64
4/7/1984,5.86
4/8/1984,5.81
4/9/1984,5.84
4/10/1984,6.05
4/11/1984,6.12
4/12/1984,6.25
4/13/1984,6.34
4/14/1984,6.46
4/15/1984,6.55
4/16/1984,6.71
4/17/1984,6.81
4/18/1984,6.96
4/19/1984,7.06
4/20/1984,7.14
4/21/1984,7.2
4/22/1984,7.42
4/23/1984,7.47
4/24/1984,7.65
4/25/1984,7.79
4/26/1984,7.88
4/27/1984,7.93
4/28/1984,8.12
4/29/1984,8.23
4/30/1984,8.31
5/1/1984,8.3
5/2/1984,8.46
5/3/1984,8.49
5/4/1984,8.7
5/5/1984,8.76
5/6/1984,8.92
5/7/1984,9
5/8/1984,9.11
5/9/1984,9.15
5/10/1984,9.43
5/11/1984,9.5
5/12/1984,9.68
5/13/1984,9.72
5/14/1984,9.79
5/15/1984,9.83
5/16/1984,10.01
5/17/1984,10.1
5/18/1984,10.28
5/19/1984,10.3
5/20/1984,10.43
5/21/1984,10.47
5/22/1984,10.65
5/23/1984,10.76
5/24/1984,10.83
5/25/1984,10.88
5/26/1984,10.97
5/27/1984,11.02
5/28/1984,11.23
5/29/1984,11.26
5/30/1984,11.46
5/31/1984,11.52
6/1/1984,11.68
6/2/1984,11.72
6/3/1984,11.94
6/4/1984,12
6/5/1984,12.07
6/6/1984,12.14
6/7/1984,12.35
6/8/1984,12.45
6/9/1984,12.66
6/10/1984,12.73
6/11/1984,12.83
6/12/1984,12.92
6/13/1984,13.16
6/14/1984,13.26
6/15/1984,13.41
6/16/1984,13.43
6/17/1984,13.53
6/18/1984,13.54
6/19/1984,13.83
6/20/1984,13.97
6/21/1984,14.09
6/22/1984,14.12
6/23/1984,14.38
6/24/1984,14.43
6/25/1984,14.54
6/26/1984,14.61
6/27/1984,14.81
6/28/1984,14.92
6/29/1984,15.18
6/30/1984,15.35
7/1/1984,15.53
7/2/1984,15.65
7/3/1984,15.82
7/4/1984,15.88
7/5/1984,16.11
7/6/1984,16.22
7/7/1984,16.27
7/8/1984,16.23
7/9/1984,16.33
7/10/1984,16.34
7/11/1984,16.5
7/12/1984,16.57
7/13/1984,16.64
7/14/1984,16.57
7/15/1984,16.64
7/16/1984,16.62
7/17/1984,16.67
7/18/1984,16.66
7/19/1984,16.74
7/20/1984,16.77
7/21/1984,16.94
7/22/1984,17.01
7/23/1984,17.11
7/24/1984,17.16
7/25/1984,17.22
7/26/1984,17.31
7/27/1984,17.37
7/28/1984,17.42
7/29/1984,17.48
7/30/1984,17.48
7/31/1984,17.68
8/1/1984,17.77
8/2/1984,17.9
8/3/1984,17.9
8/4/1984,17.99
8/5/1984,17.98
8/6/1984,18.12
8/7/1984,18.04
8/8/1984,18.12
8/9/1984,18.11
8/10/1984,18.04
8/11/1984,17.95
8/12/1984,0
8/13/1984,0
8/14/1984,0
8/15/1984,0
8/16/1984,0
8/17/1984,0
8/18/1984,0
8/19/1984,0
8/20/1984,0
8/21/1984,0
8/22/1984,0
8/23/1984,0
8/24/1984,0
8/25/1984,15.59
8/26/1984,15.53
8/27/1984,18.54
8/28/1984,18.52
8/29/1984,18.53
8/30/1984,18.48
8/31/1984,18.46
9/1/1984,18.42
9/2/1984,18.43
9/3/1984,18.35
9/4/1984,18.34
9/5/1984,18.36
9/6/1984,18.42
9/7/1984,18.45
9/8/1984,18.43
9/9/1984,18.44
9/10/1984,18.44
9/11/1984,18.45
9/12/1984,18.54
9/13/1984,18.9
9/14/1984,18.47
9/15/1984,18.93
9/16/1984,18.59
9/17/1984,18.57
9/18/1984,18.6
9/19/1984,18.6
9/20/1984,18.6
9/21/1984,18.64
9/22/1984,18.73
9/23/1984,18.62
9/24/1984,18.58
9/25/1984,18.46
9/26/1984,18.4
9/27/1984,18.39
9/28/1984,18.34
9/29/1984,18.26
9/30/1984,18.25
10/1/1984,18.24
10/2/1984,18.36
10/3/1984,18.27
10/4/1984,18.23
10/5/1984,18.25
10/6/1984,18.35
10/7/1984,18.17
10/8/1984,18.1
10/9/1984,18.02
10/10/1984,17.98
10/11/1984,18.05
10/12/1984,18.09
10/13/1984,18
10/14/1984,17.95
10/15/1984,17.85
10/16/1984,17.82
10/17/1984,17.73
10/18/1984,17.72
10/19/1984,17.64
10/20/1984,17.69
10/21/1984,17.69
10/22/1984,17.76
10/23/1984,17.7
10/24/1984,17.76
10/25/1984,17.67
10/26/1984,17.68
10/27/1984,17.66
10/28/1984,17.71
10/29/1984,17.63
10/30/1984,17.66
10/31/1984,17.59
11/1/1984,17.58
11/2/1984,17.6
11/3/1984,17.59
11/4/1984,17.52
11/5/1984,17.55
11/6/1984,17.4
11/7/1984,17.39
11/8/1984,17.24
11/9/1984,17.23
11/10/1984,17.12
11/11/1984,17.05
11/12/1984,16.94
11/13/1984,16.9
11/14/1984,16.75
11/15/1984,16.65
11/16/1984,16.57
11/17/1984,16.54
11/18/1984,16.37
11/19/1984,16.31
11/20/1984,16.1
11/21/1984,16.04
11/22/1984,15.82
11/23/1984,15.8
11/24/1984,15.6
11/25/1984,15.58
11/26/1984,15.33
11/27/1984,15.23
11/28/1984,14.97
11/29/1984,14.83
11/30/1984,14.57
12/1/1984,14.41
12/2/1984,14.12
12/3/1984,13.98
12/4/1984,13.71
12/5/1984,13.66
12/6/1984,13.27
12/7/1984,13.11
12/8/1984,12.76
12/9/1984,12.71
12/10/1984,12.3
12/11/1984,12.08
12/12/1984,11.8
12/13/1984,11.72
12/14/1984,11.41
12/15/1984,11.31
12/16/1984,11
12/17/1984,10.87
12/18/1984,10.54
12/19/1984,10.35
12/20/1984,9.98
12/21/1984,9.8
12/22/1984,9.44
12/23/1984,9.3
12/24/1984,9
12/25/1984,8.97
12/26/1984,8.61
12/27/1984,8.56
12/28/1984,8.26
12/29/1984,8.22
12/30/1984,7.81
12/31/1984,7.71
1/1/1985,7.2
1/2/1985,7.04
1/3/1985,6.63
1/4/1985,6.53
1/5/1985,6.23
1/6/1985,6.15
1/7/1985,5.89
1/8/1985,5.82
1/9/1985,5.48
1/10/1985,5.38
1/11/1985,5.13
1/12/1985,5.12
1/13/1985,4.89
1/14/1985,4.83
1/15/1985,4.6
1/16/1985,4.55
1/17/1985,4.37
1/18/1985,4.34
1/19/1985,4.17
1/20/1985,4.13
1/21/1985,4
1/22/1985,3.98
1/23/1985,3.85
1/24/1985,3.77
1/25/1985,3.69
1/26/1985,3.6
1/27/1985,3.59
1/28/1985,3.59
1/29/1985,3.49
1/30/1985,3.38
1/31/1985,3.34
2/1/1985,3.33
2/2/1985,3.29
2/3/1985,3.3
2/4/1985,3.2
2/5/1985,3.13
2/6/1985,3.07
2/7/1985,3.01
2/8/1985,2.98
2/9/1985,2.95
2/10/1985,2.91
2/11/1985,2.89
2/12/1985,2.85
2/13/1985,2.87
2/14/1985,2.82
2/15/1985,2.81
2/16/1985,2.81
2/17/1985,2.82
2/18/1985,2.8
2/19/1985,2.74
2/20/1985,2.77
2/21/1985,2.81
2/22/1985,2.77
2/23/1985,2.79
2/24/1985,2.84
2/25/1985,2.89
2/26/1985,3
2/27/1985,3.06
2/28/1985,3.1
3/1/1985,3.15
3/2/1985,3.18
3/3/1985,3.17
3/4/1985,3.27
3/5/1985,3.3
3/6/1985,3.32
3/7/1985,3.28
3/8/1985,3.41
3/9/1985,3.42
3/10/1985,3.49
3/11/1985,3.49
3/12/1985,3.48
3/13/1985,3.49
3/14/1985,3.6
3/15/1985,3.64
3/16/1985,3.72
3/17/1985,3.78
3/18/1985,3.86
3/19/1985,3.93
3/20/1985,3.98
3/21/1985,4.01
3/22/1985,4.05
3/23/1985,4.09
3/24/1985,4.23
3/25/1985,4.2
3/26/1985,4.38
3/27/1985,4.44
3/28/1985,4.57
3/29/1985,4.63
3/30/1985,4.77
3/31/1985,4.82
4/1/1985,5.03
4/2/1985,5.13
4/3/1985,5.24
4/4/1985,5.26
4/5/1985,5.48
4/6/1985,5.59
4/7/1985,5.8
4/8/1985,5.91
4/9/1985,5.98
4/10/1985,5.92
4/11/1985,6.15
4/12/1985,6.17
4/13/1985,6.36
4/14/1985,6.39
4/15/1985,6.58
4/16/1985,6.5
4/17/1985,6.75
4/18/1985,6.83
4/19/1985,7.1
4/20/1985,7.21
4/21/1985,7.4
4/22/1985,7.48
4/23/1985,7.55
4/24/1985,7.57
4/25/1985,7.65
4/26/1985,7.54
4/27/1985,7.9
4/28/1985,8.01
4/29/1985,8.17
4/30/1985,8.3
5/1/1985,8.45
5/2/1985,8.51
5/3/1985,8.67
5/4/1985,8.71
5/5/1985,8.91
5/6/1985,8.99
5/7/1985,9.2
5/8/1985,9.27
5/9/1985,9.47
5/10/1985,9.53
5/11/1985,9.74
5/12/1985,9.83
5/13/1985,9.96
5/14/1985,10.03
5/15/1985,10.34
5/16/1985,10.45
5/17/1985,10.55
5/18/1985,10.55
5/19/1985,10.71
5/20/1985,10.78
5/21/1985,10.88
5/22/1985,10.9
5/23/1985,11.21
5/24/1985,11.28
5/25/1985,11.5
5/26/1985,11.55
5/27/1985,11.63
5/28/1985,11.61
5/29/1985,11.69
5/30/1985,11.65
5/31/1985,11.81
6/1/1985,11.79
6/2/1985,12.14
6/3/1985,12.23
6/4/1985,12.48
6/5/1985,12.48
6/6/1985,12.78
6/7/1985,12.87
6/8/1985,13.11
6/9/1985,13.09
6/10/1985,13.22
6/11/1985,13.21
6/12/1985,13.4
6/13/1985,13.45
6/14/1985,13.58
6/15/1985,13.62
6/16/1985,13.89
6/17/1985,13.91
6/18/1985,14.08
6/19/1985,14.11
6/20/1985,14.25
6/21/1985,14.22
6/22/1985,14.39
6/23/1985,14.42
6/24/1985,14.48
6/25/1985,14.47
6/26/1985,14.68
6/27/1985,14.67
6/28/1985,14.92
6/29/1985,15.02
6/30/1985,15.08
7/1/1985,15.1
7/2/1985,15.24
7/3/1985,15.27
7/4/1985,15.41
7/5/1985,15.49
7/6/1985,15.52
7/7/1985,15.53
7/8/1985,15.59
7/9/1985,15.65
7/10/1985,15.81
7/11/1985,15.87
7/12/1985,15.99
7/13/1985,16.02
7/14/1985,16.13
7/15/1985,16.07
7/16/1985,16
7/17/1985,16.02
7/18/1985,16.02
7/19/1985,16.12
7/20/1985,16.23
7/21/1985,16.32
7/22/1985,16.4
7/23/1985,16.43
7/24/1985,16.48
7/25/1985,16.5
7/26/1985,16.58
7/27/1985,16.51
7/28/1985,16.48
7/29/1985,16.41
7/30/1985,16.53
7/31/1985,16.54
8/1/1985,16.64
8/2/1985,16.65
8/3/1985,16.65
8/4/1985,15.93
8/5/1985,0
8/6/1985,0
8/7/1985,0
8/8/1985,0
8/9/1985,0
8/10/1985,17.06
8/11/1985,16.93
8/12/1985,17.68
8/13/1985,17.75
8/14/1985,17.84
8/15/1985,17.96
8/16/1985,17.97
8/17/1985,18.16
8/18/1985,18.15
8/19/1985,18.24
8/20/1985,18.29
8/21/1985,18.32
8/22/1985,18.32
8/23/1985,18.41
8/24/1985,18.44
8/25/1985,18.58
8/26/1985,18.62
8/27/1985,18.65
8/28/1985,18.53
8/29/1985,18.71
8/30/1985,18.87
8/31/1985,18.85
9/1/1985,18.81
9/2/1985,18.9
9/3/1985,18.98
9/4/1985,19
9/5/1985,19
9/6/1985,19.05
9/7/1985,19.09
9/8/1985,19.16
9/9/1985,19.2
9/10/1985,19.26
9/11/1985,19.22
9/12/1985,19.24
9/13/1985,19.26
9/14/1985,19.14
9/15/1985,19.03
9/16/1985,19.04
9/17/1985,18.98
9/18/1985,18.9
9/19/1985,18.88
9/20/1985,18.87
9/21/1985,18.83
9/22/1985,18.8
9/23/1985,18.84
9/24/1985,18.85
9/25/1985,18.82
9/26/1985,18.86
9/27/1985,18.89
9/28/1985,18.88
9/29/1985,18.85
9/30/1985,18.85
10/1/1985,18.88
10/2/1985,19.04
10/3/1985,19.12
10/4/1985,18.92
10/5/1985,18.83
10/6/1985,18.88
10/7/1985,18.92
10/8/1985,18.86
10/9/1985,18.78
10/10/1985,18.73
10/11/1985,18.79
10/12/1985,18.75
10/13/1985,18.68
10/14/1985,18.61
10/15/1985,18.56
10/16/1985,18.41
10/17/1985,18.37
10/18/1985,18.31
10/19/1985,18.31
10/20/1985,18.38
10/21/1985,18.37
10/22/1985,18.33
10/23/1985,18.2
10/24/1985,18.24
10/25/1985,18.28
10/26/1985,18.2
10/27/1985,18.16
10/28/1985,18.03
10/29/1985,17.96
10/30/1985,17.95
10/31/1985,18.01
11/1/1985,17.84
11/2/1985,17.7
11/3/1985,17.59
11/4/1985,17.55
11/5/1985,17.46
11/6/1985,17.44
11/7/1985,17.34
11/8/1985,17.33
11/9/1985,17.22
11/10/1985,17.18
11/11/1985,17.05
11/12/1985,16.96
11/13/1985,16.77
11/14/1985,16.7
11/15/1985,16.57
11/16/1985,16.57
11/17/1985,16.45
11/18/1985,16.47
11/19/1985,16.29
11/20/1985,16.24
11/21/1985,16.07
11/22/1985,16
11/23/1985,15.84
11/24/1985,15.85
11/25/1985,15.64
11/26/1985,15.56
11/27/1985,15.42
11/28/1985,15.38
11/29/1985,15.13
11/30/1985,15.04
12/1/1985,14.76
12/2/1985,14.68
12/3/1985,14.41
12/4/1985,14.24
12/5/1985,14.07
12/6/1985,14.02
12/7/1985,13.79
12/8/1985,13.68
12/9/1985,13.47
12/10/1985,13.37
12/11/1985,13.13
12/12/1985,13.07
12/13/1985,12.83
12/14/1985,12.79
12/15/1985,12.5
12/16/1985,12.41
12/17/1985,11.95
12/18/1985,11.71
12/19/1985,11.33
12/20/1985,11.07
12/21/1985,10.67
12/22/1985,10.55
12/23/1985,10.15
12/24/1985,10.1
12/25/1985,9.69
12/26/1985,9.57
12/27/1985,9.2
12/28/1985,9.17
12/29/1985,8.77
12/30/1985,8.65
12/31/1985,8.64
1/1/1986,8.23
1/2/1986,7.98
1/3/1986,7.96
1/4/1986,7.72
1/5/1986,7.67
1/6/1986,7.4
1/7/1986,7.25
1/8/1986,6.79
1/9/1986,6.67
1/10/1986,6.36
1/11/1986,6.39
1/12/1986,6.04
1/13/1986,5.99
1/14/1986,5.65
1/15/1986,5.6
1/16/1986,5.34
1/17/1986,5.29
1/18/1986,5.08
1/19/1986,5.06
1/20/1986,4.86
1/21/1986,4.81
1/22/1986,4.62
1/23/1986,4.61
1/24/1986,4.49
1/25/1986,4.48
1/26/1986,4.34
1/27/1986,4.33
1/28/1986,4.16
1/29/1986,4.12
1/30/1986,3.99
1/31/1986,3.96
2/1/1986,3.84
2/2/1986,3.82
2/3/1986,3.77
2/4/1986,3.76
2/5/1986,3.71
2/6/1986,3.68
2/7/1986,3.63
2/8/1986,3.61
2/9/1986,3.52
2/10/1986,3.49
2/11/1986,3.44
2/12/1986,3.41
2/13/1986,3.34
2/14/1986,3.28
2/15/1986,3.26
2/16/1986,3.27
2/17/1986,3.27
2/18/1986,3.28
2/19/1986,3.23
2/20/1986,3.2
2/21/1986,3.17
2/22/1986,3.15
2/23/1986,3.16
2/24/1986,3.17
2/25/1986,3.13
2/26/1986,3.14
2/27/1986,3.13
2/28/1986,3.17
3/1/1986,3.15
3/2/1986,3.1
3/3/1986,3.14
3/4/1986,3.15
3/5/1986,3.17
3/6/1986,3.13
3/7/1986,3.17
3/8/1986,3.2
3/9/1986,3.23
3/10/1986,3.27
3/11/1986,3.37
3/12/1986,3.41
3/13/1986,3.49
3/14/1986,3.59
3/15/1986,3.72
3/16/1986,3.73
3/17/1986,3.89
3/18/1986,3.92
3/19/1986,4.02
3/20/1986,4.02
3/21/1986,4.19
3/22/1986,4.26
3/23/1986,4.41
3/24/1986,4.46
3/25/1986,4.58
3/26/1986,4.57
3/27/1986,4.65
3/28/1986,4.68
3/29/1986,4.69
3/30/1986,4.91
3/31/1986,5.16
4/1/1986,5.14
4/2/1986,5.27
4/3/1986,4.47
4/4/1986,4.62
4/5/1986,5.59
4/6/1986,5.73
4/7/1986,5.85
4/8/1986,5.97
4/9/1986,5.99
4/10/1986,6.06
4/11/1986,6.06
4/12/1986,6.2
4/13/1986,6.29
4/14/1986,6.49
4/15/1986,6.49
4/16/1986,6.66
4/17/1986,6.66
4/18/1986,6.72
4/19/1986,6.75
4/20/1986,7.03
4/21/1986,7.09
4/22/1986,7.19
4/23/1986,7.18
4/24/1986,7.4
4/25/1986,7.42
4/26/1986,7.62
4/27/1986,7.65
4/28/1986,7.74
4/29/1986,7.78
4/30/1986,8.03
5/1/1986,8.07
5/2/1986,8.42
5/3/1986,8.49
5/4/1986,8.61
5/5/1986,8.51
5/6/1986,8.87
5/7/1986,8.88
5/8/1986,9.11
5/9/1986,9.04
5/10/1986,9.28
5/11/1986,9.38
5/12/1986,9.67
5/13/1986,9.75
5/14/1986,9.94
5/15/1986,9.8
5/16/1986,9.88
5/17/1986,9.99
5/18/1986,10.17
5/19/1986,10.25
5/20/1986,10.46
5/21/1986,10.66
5/22/1986,10.8
5/23/1986,10.77
5/24/1986,10.91
5/25/1986,10.93
5/26/1986,11.01
5/27/1986,11.05
5/28/1986,11.21
5/29/1986,11.21
5/30/1986,11.39
5/31/1986,11.32
6/1/1986,11.8
6/2/1986,11.77
6/3/1986,11.81
6/4/1986,11.8
6/5/1986,12.26
6/6/1986,12.27
6/7/1986,12.38
6/8/1986,12.12
6/9/1986,12.13
6/10/1986,12.48
6/11/1986,12.62
6/12/1986,12.5
6/13/1986,12.57
6/14/1986,12.65
6/15/1986,12.8
6/16/1986,12.96
6/17/1986,13.12
6/18/1986,12.93
6/19/1986,13.7
6/20/1986,13.78
6/21/1986,14.27
6/22/1986,14.13
6/23/1986,14.12
6/24/1986,13.6
6/25/1986,13.7
6/26/1986,13.69
6/27/1986,13.82
6/28/1986,13.8
6/29/1986,14.07
6/30/1986,14.1
7/1/1986,14.32
7/2/1986,14.37
7/3/1986,14.49
7/4/1986,14.42
7/5/1986,14.43
7/6/1986,14.4
7/7/1986,14.52
7/8/1986,14.57
7/9/1986,14.74
7/10/1986,14.76
7/11/1986,14.92
7/12/1986,14.86
7/13/1986,15.21
7/14/1986,15.33
7/15/1986,15.53
7/16/1986,15.67
7/17/1986,15.79
7/18/1986,15.89
7/19/1986,16.04
7/20/1986,16.09
7/21/1986,16.29
7/22/1986,16.26
7/23/1986,16.34
7/24/1986,16.29
7/25/1986,16.37
7/26/1986,16.39
7/27/1986,16.51
7/28/1986,16.41
7/29/1986,16.58
7/30/1986,16.51
7/31/1986,16.55
8/1/1986,16.43
8/2/1986,16.59
8/3/1986,16.66
8/4/1986,16.71
8/5/1986,16.54
8/6/1986,16.7
8/7/1986,16.65
8/8/1986,16.66
8/9/1986,16.56
8/10/1986,16.78
8/11/1986,16.85
8/12/1986,17.05
8/13/1986,17.06
8/14/1986,17.19
8/15/1986,17.25
8/16/1986,17.45
8/17/1986,17.53
8/18/1986,17.72
8/19/1986,17.71
8/20/1986,17.73
8/21/1986,17.68
8/22/1986,17.73
8/23/1986,17.66
8/24/1986,17.68
8/25/1986,17.61
8/26/1986,17.7
8/27/1986,17.7
8/28/1986,17.81
8/29/1986,17.84
8/30/1986,17.92
8/31/1986,17.61
9/1/1986,17.92
9/2/1986,17.82
9/3/1986,17.87
9/4/1986,17.84
9/5/1986,17.89
9/6/1986,17.82
9/7/1986,17.84
9/8/1986,17.82
9/9/1986,17.93
9/10/1986,17.89
9/11/1986,17.95
9/12/1986,17.89
9/13/1986,18
9/14/1986,18.02
9/15/1986,18.23
9/16/1986,18.21
9/17/1986,18.37
9/18/1986,18.39
9/19/1986,18.33
9/20/1986,18.29
9/21/1986,18.29
9/22/1986,18.18
9/23/1986,18.08
9/24/1986,17.98
9/25/1986,18.02
9/26/1986,17.96
9/27/1986,17.99
9/28/1986,17.92
9/29/1986,17.84
9/30/1986,17.72
10/1/1986,17.93
10/2/1986,17.96
10/3/1986,17.95
10/4/1986,17.98
10/5/1986,17.97
10/6/1986,17.97
10/7/1986,18.04
10/8/1986,18.03
10/9/1986,17.98
10/10/1986,17.88
10/11/1986,17.83
10/12/1986,17.74
10/13/1986,17.75
10/14/1986,17.67
10/15/1986,17.68
10/16/1986,17.6
10/17/1986,17.58
10/18/1986,17.52
10/19/1986,17.47
10/20/1986,17.39
10/21/1986,17.35
10/22/1986,17.29
10/23/1986,17.25
10/24/1986,17.22
10/25/1986,17.24
10/26/1986,17.28
10/27/1986,17.13
10/28/1986,16.98
10/29/1986,16.87
10/30/1986,16.8
10/31/1986,16.76
11/1/1986,16.74
11/2/1986,16.73
11/3/1986,16.76
11/4/1986,16.67
11/5/1986,16.63
11/6/1986,16.49
11/7/1986,16.47
11/8/1986,16.32
11/9/1986,16.29
11/10/1986,16.15
11/11/1986,16.15
11/12/1986,16.04
11/13/1986,16
11/14/1986,15.75
11/15/1986,15.65
11/16/1986,15.46
11/17/1986,15.41
11/18/1986,15.3
11/19/1986,15.31
11/20/1986,14.99
11/21/1986,14.79
11/22/1986,14.51
11/23/1986,14.43
11/24/1986,14.16
11/25/1986,14.08
11/26/1986,13.86
11/27/1986,13.81
11/28/1986,13.56
11/29/1986,13.48
11/30/1986,13.23
12/1/1986,13.15
12/2/1986,12.85
12/3/1986,12.81
12/4/1986,0
12/5/1986,0
12/6/1986,0
12/7/1986,0
12/8/1986,0
12/9/1986,0
12/10/1986,0
12/11/1986,11.05
12/12/1986,10.61
12/13/1986,10.59
12/14/1986,10.32
12/15/1986,10.28
12/16/1986,10.24
12/17/1986,9.78
12/18/1986,9.48
12/19/1986,9.43
12/20/1986,9.22
12/21/1986,9.16
12/22/1986,8.92
12/23/1986,8.88
12/24/1986,8.61
12/25/1986,8.5
12/26/1986,8.28
12/27/1986,8.24
12/28/1986,7.89
12/29/1986,7.73
12/30/1986,7.54
12/31/1986,7.5
1/1/1987,7.24
1/2/1987,7.21
1/3/1987,6.96
1/4/1987,6.94
1/5/1987,6.73
1/6/1987,6.74
1/7/1987,6.46
1/8/1987,6.43
1/9/1987,6.09
1/10/1987,5.98
1/11/1987,5.75
1/12/1987,5.76
1/13/1987,5.56
1/14/1987,5.57
1/15/1987,5.33
1/16/1987,5.25
1/17/1987,5.13
1/18/1987,5.13
1/19/1987,4.98
1/20/1987,4.92
1/21/1987,4.73
1/22/1987,4.67
1/23/1987,4.57
1/24/1987,4.56
1/25/1987,4.56
1/26/1987,4.41
1/27/1987,4.28
1/28/1987,4.26
1/29/1987,4.17
1/30/1987,4.1
1/31/1987,3.97
2/1/1987,3.97
2/2/1987,3.86
2/3/1987,3.81
2/4/1987,3.75
2/5/1987,3.73
2/6/1987,3.66
2/7/1987,3.64
2/8/1987,3.52
2/9/1987,3.51
2/10/1987,3.48
2/11/1987,3.51
2/12/1987,3.44
2/13/1987,3.4
2/14/1987,3.31
2/15/1987,3.28
2/16/1987,3.29
2/17/1987,3.33
2/18/1987,3.29
2/19/1987,3.27
2/20/1987,3.19
2/21/1987,3.23
2/22/1987,3.23
2/23/1987,3.32
2/24/1987,3.25
2/25/1987,3.28
2/26/1987,3.3
2/27/1987,3.37
2/28/1987,3.36
3/1/1987,3.41
3/2/1987,3.4
3/3/1987,3.43
3/4/1987,3.45
3/5/1987,3.49
3/6/1987,3.59
3/7/1987,3.68
3/8/1987,3.7
3/9/1987,3.71
3/10/1987,3.8
3/11/1987,3.85
3/12/1987,3.91
3/13/1987,4
3/14/1987,4.02
3/15/1987,4.05
3/16/1987,4.1
3/17/1987,4.14
3/18/1987,4.28
3/19/1987,4.39
3/20/1987,4.46
3/21/1987,4.53
3/22/1987,4.63
3/23/1987,4.66
3/24/1987,4.79
3/25/1987,4.87
3/26/1987,5.01
3/27/1987,5.02
3/28/1987,5.12
3/29/1987,5.09
3/30/1987,5.25
3/31/1987,5.3
4/1/1987,5.42
4/2/1987,5.49
4/3/1987,5.62
4/4/1987,5.69
4/5/1987,5.79
4/6/1987,5.83
4/7/1987,6.06
4/8/1987,6.11
4/9/1987,6.25
4/10/1987,6.36
4/11/1987,6.55
4/12/1987,6.65
4/13/1987,6.86
4/14/1987,6.92
4/15/1987,7.02
4/16/1987,7.05
4/17/1987,7.2
4/18/1987,7.22
4/19/1987,7.33
4/20/1987,7.38
4/21/1987,7.5
4/22/1987,7.56
4/23/1987,7.79
4/24/1987,7.76
4/25/1987,7.9
4/26/1987,7.96
4/27/1987,8.05
4/28/1987,8.11
4/29/1987,8.21
4/30/1987,8.19
5/1/1987,8.31
5/2/1987,8.38
5/3/1987,8.61
5/4/1987,8.73
5/5/1987,8.81
5/6/1987,8.91
5/7/1987,9.03
5/8/1987,9.09
5/9/1987,9.22
5/10/1987,9.31
5/11/1987,9.47
5/12/1987,9.56
5/13/1987,9.64
5/14/1987,9.68
5/15/1987,9.85
5/16/1987,9.93
5/17/1987,10.05
5/18/1987,10.15
5/19/1987,10.23
5/20/1987,10.29
5/21/1987,10.39
5/22/1987,10.43
5/23/1987,10.56
5/24/1987,10.66
5/25/1987,10.78
5/26/1987,10.89
5/27/1987,11.03
5/28/1987,11.06
5/29/1987,11.17
5/30/1987,11.24
5/31/1987,11.48
6/1/1987,11.62
6/2/1987,11.78
6/3/1987,11.77
6/4/1987,11.82
6/5/1987,11.8
6/6/1987,12.07
6/7/1987,12.16
6/8/1987,12.23
6/9/1987,12.27
6/10/1987,12.37
6/11/1987,12.44
6/12/1987,12.55
6/13/1987,12.61
6/14/1987,12.83
6/15/1987,12.93
6/16/1987,13.04
6/17/1987,13.04
6/18/1987,13.13
6/19/1987,13.17
6/20/1987,13.36
6/21/1987,13.46
6/22/1987,13.71
6/23/1987,13.75
6/24/1987,13.97
6/25/1987,14.01
6/26/1987,14.22
6/27/1987,14.3
6/28/1987,14.49
6/29/1987,14.64
6/30/1987,14.82
7/1/1987,14.9
7/2/1987,14.89
7/3/1987,14.95
7/4/1987,15.08
7/5/1987,15.11
7/6/1987,15.19
7/7/1987,15.27
7/8/1987,15.32
7/9/1987,15.33
7/10/1987,15.4
7/11/1987,15.59
7/12/1987,15.63
7/13/1987,15.64
7/14/1987,15.97
7/15/1987,16.05
7/16/1987,16.15
7/17/1987,16.2
7/18/1987,16.27
7/19/1987,16.3
7/20/1987,16.33
7/21/1987,16.43
7/22/1987,16.61
7/23/1987,16.76
7/24/1987,16.86
7/25/1987,17.02
7/26/1987,17.17
7/27/1987,17.32
7/28/1987,17.44
7/29/1987,17.49
7/30/1987,17.41
7/31/1987,17.5
8/1/1987,17.5
8/2/1987,17.59
8/3/1987,17.68
8/4/1987,17.84
8/5/1987,17.89
8/6/1987,17.94
8/7/1987,17.94
8/8/1987,18.03
8/9/1987,17.98
8/10/1987,17.94
8/11/1987,17.91
8/12/1987,17.94
8/13/1987,18
8/14/1987,18
8/15/1987,17.93
8/16/1987,17.97
8/17/1987,17.91
8/18/1987,17.81
8/19/1987,17.82
8/20/1987,18.01
8/21/1987,18.06
8/22/1987,18.1
8/23/1987,18.15
8/24/1987,18.24
8/25/1987,18.34
8/26/1987,18.4
8/27/1987,18.25
8/28/1987,18.37
8/29/1987,18.36
8/30/1987,18.34
8/31/1987,18.27
9/1/1987,18.34
9/2/1987,18.42
9/3/1987,18.38
9/4/1987,18.28
9/5/1987,18.35
9/6/1987,18.4
9/7/1987,18.39
9/8/1987,18.47
9/9/1987,18.6
9/10/1987,18.68
9/11/1987,18.7
9/12/1987,18.79
9/13/1987,18.93
9/14/1987,18.95
9/15/1987,19.01
9/16/1987,18.92
9/17/1987,18.97
9/18/1987,18.9
9/19/1987,18.92
9/20/1987,18.81
9/21/1987,18.82
9/22/1987,18.66
9/23/1987,18.61
9/24/1987,18.57
9/25/1987,18.65
9/26/1987,18.81
9/27/1987,18.81
9/28/1987,18.75
9/29/1987,18.74
9/30/1987,18.8
10/1/1987,18.84
10/2/1987,18.86
10/3/1987,18.72
10/4/1987,18.58
10/5/1987,18.49
10/6/1987,18.51
10/7/1987,18.26
10/8/1987,18.14
10/9/1987,18.09
10/10/1987,18.1
10/11/1987,18.1
10/12/1987,18.11
10/13/1987,18.09
10/14/1987,18.13
10/15/1987,18.09
10/16/1987,18.05
10/17/1987,18.01
10/18/1987,17.95
10/19/1987,17.88
10/20/1987,17.75
10/21/1987,17.79
10/22/1987,17.75
10/23/1987,17.69
10/24/1987,17.59
10/25/1987,17.54
10/26/1987,17.49
10/27/1987,17.41
10/28/1987,17.35
10/29/1987,17.36
10/30/1987,17.36
10/31/1987,17.24
11/1/1987,17.05
11/2/1987,17.05
11/3/1987,17.06
11/4/1987,17.06
11/5/1987,16.93
11/6/1987,16.82
11/7/1987,16.73
11/8/1987,16.65
11/9/1987,16.57
11/10/1987,16.45
11/11/1987,16.35
11/12/1987,16.29
11/13/1987,16.13
11/14/1987,16.08
11/15/1987,15.96
11/16/1987,15.9
11/17/1987,15.83
11/18/1987,15.73
11/19/1987,15.68
11/20/1987,15.71
11/21/1987,15.53
11/22/1987,15.38
11/23/1987,15.24
11/24/1987,15.08
11/25/1987,14.92
11/26/1987,14.79
11/27/1987,14.53
11/28/1987,14.31
11/29/1987,14.18
11/30/1987,14
12/1/1987,13.76
12/2/1987,13.61
12/3/1987,0
12/4/1987,0
12/5/1987,0
12/6/1987,0
12/7/1987,0
12/8/1987,0
12/9/1987,0
12/10/1987,0
12/11/1987,0
12/12/1987,0
12/13/1987,0
12/14/1987,0
12/15/1987,0
12/16/1987,0
12/17/1987,0
12/18/1987,0
12/19/1987,0
12/20/1987,0
12/21/1987,0
12/22/1987,0
12/23/1987,0
12/24/1987,0
12/25/1987,0
12/26/1987,0
12/27/1987,0
12/28/1987,0
12/29/1987,0
12/30/1987,0
12/31/1987,0
1/1/1988,0
1/2/1988,0
1/3/1988,0
1/4/1988,0
1/5/1988,0
1/6/1988,0
1/7/1988,0
1/8/1988,0
1/9/1988,0
1/10/1988,0
1/11/1988,0
1/12/1988,0
1/13/1988,0
1/14/1988,4.66
1/15/1988,4.58
1/16/1988,4.44
1/17/1988,4.34
1/18/1988,4.29
1/19/1988,4.22
1/20/1988,4.17
1/21/1988,4.03
1/22/1988,3.88
1/23/1988,3.79
1/24/1988,3.72
1/25/1988,3.67
1/26/1988,3.63
1/27/1988,3.54
1/28/1988,3.49
1/29/1988,3.43
1/30/1988,3.39
1/31/1988,3.34
2/1/1988,3.32
2/2/1988,3.26
2/3/1988,3.25
2/4/1988,3.17
2/5/1988,3.16
2/6/1988,3.2
2/7/1988,3.16
2/8/1988,3.11
2/9/1988,3.04
2/10/1988,3.05
2/11/1988,3.06
2/12/1988,3.02
2/13/1988,2.99
2/14/1988,3.01
2/15/1988,2.97
2/16/1988,2.95
2/17/1988,2.91
2/18/1988,2.95
2/19/1988,2.97
2/20/1988,2.95
2/21/1988,2.89
2/22/1988,2.91
2/23/1988,2.88
2/24/1988,2.72
2/25/1988,2.73
2/26/1988,2.76
2/27/1988,2.79
2/28/1988,2.86
2/29/1988,2.89
3/1/1988,3.01
3/2/1988,3.06
3/3/1988,3.18
3/4/1988,3.3
3/5/1988,3.36
3/6/1988,3.37
3/7/1988,3.43
3/8/1988,3.51
3/9/1988,3.68
3/10/1988,3.75
3/11/1988,3.84
3/12/1988,4.01
3/13/1988,4.15
3/14/1988,4.23
3/15/1988,4.27
3/16/1988,4.27
3/17/1988,4.31
3/18/1988,4.39
3/19/1988,4.47
3/20/1988,4.58
3/21/1988,4.59
3/22/1988,4.65
3/23/1988,4.69
3/24/1988,4.75
3/25/1988,4.83
3/26/1988,4.88
3/27/1988,5.01
3/28/1988,5.02
3/29/1988,5.09
3/30/1988,5.03
3/31/1988,5.06
4/1/1988,5.15
4/2/1988,5.22
4/3/1988,5.28
4/4/1988,5.3
4/5/1988,5.34
4/6/1988,5.47
4/7/1988,5.6
4/8/1988,5.72
4/9/1988,5.74
4/10/1988,5.83
4/11/1988,5.96
4/12/1988,6.03
4/13/1988,6.2
4/14/1988,6.36
4/15/1988,6.52
4/16/1988,6.68
4/17/1988,6.81
4/18/1988,6.9
4/19/1988,6.99
4/20/1988,7.07
4/21/1988,7.12
4/22/1988,7.22
4/23/1988,7.3
4/24/1988,7.44
4/25/1988,7.49
4/26/1988,7.61
4/27/1988,7.71
4/28/1988,7.86
4/29/1988,7.98
4/30/1988,8.09
5/1/1988,8.12
5/2/1988,8.29
5/3/1988,8.44
5/4/1988,8.56
5/5/1988,8.62
5/6/1988,8.65
5/7/1988,9
5/8/1988,9.13
5/9/1988,9.07
5/10/1988,9.08
5/11/1988,9.2
5/12/1988,9.35
5/13/1988,9.52
5/14/1988,9.72
5/15/1988,9.87
5/16/1988,9.99
5/17/1988,10.08
5/18/1988,10.26
5/19/1988,10.44
5/20/1988,10.56
5/21/1988,10.65
5/22/1988,10.73
5/23/1988,10.78
5/24/1988,10.87
5/25/1988,11.01
5/26/1988,11.18
5/27/1988,11.31
5/28/1988,11.42
5/29/1988,11.56
5/30/1988,11.73
5/31/1988,11.79
6/1/1988,11.91
6/2/1988,12.07
6/3/1988,12.28
6/4/1988,12.56
6/5/1988,12.62
6/6/1988,12.62
6/7/1988,12.65
6/8/1988,12.65
6/9/1988,12.76
6/10/1988,12.77
6/11/1988,12.88
6/12/1988,12.98
6/13/1988,13.04
6/14/1988,13.15
6/15/1988,13.37
6/16/1988,13.63
6/17/1988,13.83
6/18/1988,13.99
6/19/1988,14.03
6/20/1988,14.05
6/21/1988,14.01
6/22/1988,14.05
6/23/1988,14.19
6/24/1988,14.32
6/25/1988,14.46
6/26/1988,14.5
6/27/1988,14.55
6/28/1988,14.64
6/29/1988,14.69
6/30/1988,14.81
7/1/1988,14.87
7/2/1988,14.9
7/3/1988,14.98
7/4/1988,15.08
7/5/1988,15.13
7/6/1988,15.23
7/7/1988,15.32
7/8/1988,15.35
7/9/1988,15.45
7/10/1988,15.56
7/11/1988,15.8
7/12/1988,15.9
7/13/1988,16.07
7/14/1988,16.19
7/15/1988,16.25
7/16/1988,16.26
7/17/1988,16.25
7/18/1988,16.4
7/19/1988,16.39
7/20/1988,16.5
7/21/1988,16.56
7/22/1988,16.66
7/23/1988,16.63
7/24/1988,16.62
7/25/1988,16.7
7/26/1988,16.8
7/27/1988,16.93
7/28/1988,17.01
7/29/1988,17.1
7/30/1988,17.22
7/31/1988,17.36
8/1/1988,17.46
8/2/1988,17.54
8/3/1988,17.55
8/4/1988,17.69
8/5/1988,17.81
8/6/1988,17.85
8/7/1988,17.92
8/8/1988,17.85
8/9/1988,17.83
8/10/1988,17.86
8/11/1988,17.91
8/12/1988,17.95
8/13/1988,17.92
8/14/1988,17.95
8/15/1988,18
8/16/1988,18.01
8/17/1988,18.15
8/18/1988,18
8/19/1988,18
8/20/1988,18.05
8/21/1988,18.13
8/22/1988,18.22
8/23/1988,18.16
8/24/1988,18.19
8/25/1988,18.26
8/26/1988,18.34
8/27/1988,18.34
8/28/1988,18.36
8/29/1988,18.26
8/30/1988,18.23
8/31/1988,18.18
9/1/1988,18.17
9/2/1988,18.08
9/3/1988,18.21
9/4/1988,18.31
9/5/1988,18.35
9/6/1988,18.4
9/7/1988,18.49
9/8/1988,18.5
9/9/1988,18.68
9/10/1988,18.82
9/11/1988,18.87
9/12/1988,18.88
9/13/1988,18.82
9/14/1988,18.99
9/15/1988,19.06
9/16/1988,19.12
9/17/1988,19.07
9/18/1988,19.11
9/19/1988,19.04
9/20/1988,19.09
9/21/1988,19.01
9/22/1988,18.84
9/23/1988,18.81
9/24/1988,18.78
9/25/1988,18.84
9/26/1988,18.87
9/27/1988,18.85
9/28/1988,18.86
9/29/1988,18.89
9/30/1988,18.94
10/1/1988,19.08
10/2/1988,19.05
10/3/1988,19.13
10/4/1988,19.11
10/5/1988,19.09
10/6/1988,19.02
10/7/1988,18.99
10/8/1988,19
10/9/1988,19.01
10/10/1988,18.99
10/11/1988,19
10/12/1988,19.03
10/13/1988,18.86
10/14/1988,18.79
10/15/1988,18.77
10/16/1988,18.81
10/17/1988,18.81
10/18/1988,18.65
10/19/1988,18.56
10/20/1988,18.59
10/21/1988,18.59
10/22/1988,18.51
10/23/1988,18.49
10/24/1988,18.43
10/25/1988,18.36
10/26/1988,18.34
10/27/1988,18.32
10/28/1988,18.22
10/29/1988,18.09
10/30/1988,18.04
10/31/1988,17.98
11/1/1988,17.89
11/2/1988,17.82
11/3/1988,17.7
11/4/1988,17.6
11/5/1988,17.47
11/6/1988,17.35
11/7/1988,17.32
11/8/1988,17.28
11/9/1988,17.2
11/10/1988,17.15
11/11/1988,17.11
11/12/1988,17.01
11/13/1988,16.96
11/14/1988,16.86
11/15/1988,16.78
11/16/1988,16.59
11/17/1988,16.41
11/18/1988,16.29
11/19/1988,16.14
11/20/1988,16.01
11/21/1988,15.85
11/22/1988,15.72
11/23/1988,15.56
11/24/1988,15.47
11/25/1988,15.33
11/26/1988,15.17
11/27/1988,15.1
11/28/1988,14.94
11/29/1988,14.78
11/30/1988,14.64
12/1/1988,14.45
12/2/1988,14.28
12/3/1988,14.13
12/4/1988,13.89
12/5/1988,13.71
12/6/1988,13.59
12/7/1988,13.44
12/8/1988,13.25
12/9/1988,13.07
12/10/1988,12.96
12/11/1988,12.72
12/12/1988,12.5
12/13/1988,12.35
12/14/1988,12.12
12/15/1988,11.86
12/16/1988,11.75
12/17/1988,11.53
12/18/1988,11.32
12/19/1988,11.05
12/20/1988,10.8
12/21/1988,10.58
12/22/1988,10.27
12/23/1988,9.92
12/24/1988,9.63
12/25/1988,9.61
12/26/1988,9.38
12/27/1988,8.68
12/28/1988,8.25
12/29/1988,8.24
12/30/1988,8
12/31/1988,7.72
1/1/1989,7.43
1/2/1989,7.15
1/3/1989,6.93
1/4/1989,6.64
1/5/1989,6.43
1/6/1989,6.13
1/7/1989,5.91
1/8/1989,5.71
1/9/1989,5.55
1/10/1989,5.45
1/11/1989,5.32
1/12/1989,5.23
1/13/1989,5.2
1/14/1989,5.01
1/15/1989,4.85
1/16/1989,4.73
1/17/1989,4.63
1/18/1989,4.53
1/19/1989,4.42
1/20/1989,4.33
1/21/1989,4.22
1/22/1989,4.14
1/23/1989,4.01
1/24/1989,3.92
1/25/1989,3.85
1/26/1989,3.78
1/27/1989,3.74
1/28/1989,3.67
1/29/1989,3.64
1/30/1989,3.59
1/31/1989,3.56
2/1/1989,3.55
2/2/1989,3.48
2/3/1989,3.45
2/4/1989,3.41
2/5/1989,3.41
2/6/1989,3.35
2/7/1989,3.27
2/8/1989,3.19
2/9/1989,3.12
2/10/1989,3.06
2/11/1989,3
2/12/1989,2.98
2/13/1989,2.94
2/14/1989,2.89
2/15/1989,2.88
2/16/1989,2.85
2/17/1989,2.86
2/18/1989,2.85
2/19/1989,2.84
2/20/1989,2.84
2/21/1989,2.91
2/22/1989,2.96
2/23/1989,2.95
2/24/1989,2.96
2/25/1989,2.99
2/26/1989,2.99
2/27/1989,3.1
2/28/1989,3.14
3/1/1989,3.2
3/2/1989,3.27
3/3/1989,3.31
3/4/1989,3.42
3/5/1989,3.47
3/6/1989,3.46
3/7/1989,3.53
3/8/1989,3.55
3/9/1989,3.6
3/10/1989,3.55
3/11/1989,3.6
3/12/1989,3.69
3/13/1989,3.76
3/14/1989,3.92
3/15/1989,3.98
3/16/1989,4.03
3/17/1989,4.05
3/18/1989,4.11
3/19/1989,4.21
3/20/1989,4.26
3/21/1989,4.36
3/22/1989,4.43
3/23/1989,4.52
3/24/1989,4.62
3/25/1989,4.71
3/26/1989,4.83
3/27/1989,4.91
3/28/1989,4.91
3/29/1989,4.97
3/30/1989,4.98
3/31/1989,5.02
4/1/1989,5.11
4/2/1989,5.18
4/3/1989,5.26
4/4/1989,5.35
4/5/1989,5.48
4/6/1989,5.56
4/7/1989,5.6
4/8/1989,5.69
4/9/1989,5.74
4/10/1989,5.82
4/11/1989,5.9
4/12/1989,6.03
4/13/1989,6.12
4/14/1989,6.18
4/15/1989,6.31
4/16/1989,6.46
4/17/1989,6.58
4/18/1989,6.68
4/19/1989,6.87
4/20/1989,7.02
4/21/1989,7.15
4/22/1989,7.24
4/23/1989,7.34
4/24/1989,7.42
4/25/1989,7.59
4/26/1989,7.72
4/27/1989,7.82
4/28/1989,8
4/29/1989,8.1
4/30/1989,8.32
5/1/1989,8.52
5/2/1989,8.7
5/3/1989,8.79
5/4/1989,8.92
5/5/1989,9.07
5/6/1989,9.19
5/7/1989,9.31
5/8/1989,9.48
5/9/1989,9.66
5/10/1989,9.77
5/11/1989,9.92
5/12/1989,10.04
5/13/1989,10.18
5/14/1989,10.3
5/15/1989,10.45
5/16/1989,10.64
5/17/1989,10.73
5/18/1989,10.84
5/19/1989,10.99
5/20/1989,11.11
5/21/1989,11.21
5/22/1989,11.35
5/23/1989,11.55
5/24/1989,11.59
5/25/1989,11.68
5/26/1989,11.86
5/27/1989,12.01
5/28/1989,12.11
5/29/1989,12.35
5/30/1989,12.34
5/31/1989,12.3
6/1/1989,12.41
6/2/1989,12.47
6/3/1989,12.62
6/4/1989,12.72
6/5/1989,12.78
6/6/1989,12.77
6/7/1989,12.89
6/8/1989,12.96
6/9/1989,13.03
6/10/1989,13.24
6/11/1989,13.42
6/12/1989,13.53
6/13/1989,13.57
6/14/1989,13.68
6/15/1989,13.85
6/16/1989,14.07
6/17/1989,14.12
6/18/1989,14.23
6/19/1989,14.44
6/20/1989,14.53
6/21/1989,14.59
6/22/1989,14.67
6/23/1989,14.61
6/24/1989,14.7
6/25/1989,14.79
6/26/1989,14.89
6/27/1989,14.98
6/28/1989,15.01
6/29/1989,15.09
6/30/1989,15.19
7/1/1989,15.26
7/2/1989,15.25
7/3/1989,15.24
7/4/1989,15.33
7/5/1989,15.34
7/6/1989,15.37
7/7/1989,15.4
7/8/1989,15.38
7/9/1989,15.37
7/10/1989,15.45
7/11/1989,15.53
7/12/1989,15.59
7/13/1989,15.69
7/14/1989,15.74
7/15/1989,15.79
7/16/1989,15.88
7/17/1989,16.01
7/18/1989,16.02
7/19/1989,16.12
7/20/1989,16.23
7/21/1989,16.27
7/22/1989,16.26
7/23/1989,16.4
7/24/1989,16.51
7/25/1989,16.59
7/26/1989,16.59
7/27/1989,16.71
7/28/1989,16.83
7/29/1989,17
7/30/1989,17.01
7/31/1989,17.02
8/1/1989,17.14
8/2/1989,17.2
8/3/1989,17.18
8/4/1989,17.2
8/5/1989,17.22
8/6/1989,17.3
8/7/1989,17.41
8/8/1989,17.46
8/9/1989,17.51
8/10/1989,17.54
8/11/1989,17.58
8/12/1989,17.65
8/13/1989,17.69
8/14/1989,17.75
8/15/1989,17.82
8/16/1989,17.91
8/17/1989,18.06
8/18/1989,18.02
8/19/1989,18
8/20/1989,18.01
8/21/1989,17.95
8/22/1989,17.96
8/23/1989,18
8/24/1989,18.11
8/25/1989,18.08
8/26/1989,18.12
8/27/1989,18.2
8/28/1989,18.3
8/29/1989,18.33
8/30/1989,18.39
8/31/1989,18.36
9/1/1989,18.37
9/2/1989,18.28
9/3/1989,18.31
9/4/1989,18.43
9/5/1989,18.39
9/6/1989,18.42
9/7/1989,18.42
9/8/1989,18.41
9/9/1989,18.42
9/10/1989,18.36
9/11/1989,18.37
9/12/1989,18.41
9/13/1989,18.42
9/14/1989,18.44
9/15/1989,18.37
9/16/1989,18.38
9/17/1989,18.35
9/18/1989,18.34
9/19/1989,18.38
9/20/1989,18.42
9/21/1989,18.41
9/22/1989,18.48
9/23/1989,18.44
9/24/1989,18.4
9/25/1989,18.41
9/26/1989,18.27
9/27/1989,18.24
9/28/1989,18.18
9/29/1989,18.15
9/30/1989,18.16
10/1/1989,18.15
10/2/1989,18.17
10/3/1989,18.2
10/4/1989,18.21
10/5/1989,18.22
10/6/1989,18.24
10/7/1989,18.27
10/8/1989,18.23
10/9/1989,18.25
10/10/1989,18.28
10/11/1989,18.29
10/12/1989,18.26
10/13/1989,18.27
10/14/1989,18.27
10/15/1989,18.27
10/16/1989,18.33
10/17/1989,18.32
10/18/1989,18.2
10/19/1989,18.16
10/20/1989,18.11
10/21/1989,18.13
10/22/1989,18.07
10/23/1989,18.08
10/24/1989,17.99
10/25/1989,17.95
10/26/1989,17.93
10/27/1989,17.75
10/28/1989,17.61
10/29/1989,17.46
10/30/1989,17.37
10/31/1989,17.25
11/1/1989,17.16
11/2/1989,17.17
11/3/1989,17.12
11/4/1989,17.04
11/5/1989,16.99
11/6/1989,16.97
11/7/1989,16.92
11/8/1989,16.85
11/9/1989,16.77
11/10/1989,16.68
11/11/1989,16.56
11/12/1989,16.47
11/13/1989,16.4
11/14/1989,16.34
11/15/1989,16.19
11/16/1989,16.09
11/17/1989,15.98
11/18/1989,15.88
11/19/1989,15.72
11/20/1989,15.53
11/21/1989,15.44
11/22/1989,15.34
11/23/1989,15.16
11/24/1989,15.03
11/25/1989,14.96
11/26/1989,14.77
11/27/1989,14.66
11/28/1989,14.45
11/29/1989,14.18
11/30/1989,13.93
12/1/1989,13.81
12/2/1989,13.61
12/3/1989,13.46
12/4/1989,13.21
12/5/1989,13.02
12/6/1989,12.76
12/7/1989,12.52
12/8/1989,12.23
12/9/1989,12.03
12/10/1989,11.75
12/11/1989,11.5
12/12/1989,11.24
12/13/1989,10.93
12/14/1989,10.64
12/15/1989,10.36
12/16/1989,9.97
12/17/1989,9.6
12/18/1989,9.31
12/19/1989,9.09
12/20/1989,8.84
12/21/1989,8.65
12/22/1989,8.52
12/23/1989,8.31
12/24/1989,8.17
12/25/1989,7.99
12/26/1989,7.78
12/27/1989,7.58
12/28/1989,7.43
12/29/1989,7.34
12/30/1989,7.26
12/31/1989,7.11
1/1/1990,6.96
1/2/1990,6.82
1/3/1990,6.68
1/4/1990,6.56
1/5/1990,6.44
1/6/1990,6.3
1/7/1990,6.17
1/8/1990,6.02
1/9/1990,5.86
1/10/1990,5.72
1/11/1990,5.63
1/12/1990,5.51
1/13/1990,5.4
1/14/1990,5.25
1/15/1990,5.1
1/16/1990,4.93
1/17/1990,4.71
1/18/1990,4.5
1/19/1990,4.39
1/20/1990,4.32
1/21/1990,4.23
1/22/1990,4.12
1/23/1990,4.08
1/24/1990,4.01
1/25/1990,3.93
1/26/1990,3.87
1/27/1990,3.84
1/28/1990,3.79
1/29/1990,3.7
1/30/1990,3.63
1/31/1990,3.53
2/1/1990,3.52
2/2/1990,3.49
2/3/1990,3.47
2/4/1990,3.42
2/5/1990,3.36
2/6/1990,3.29
2/7/1990,3.24
2/8/1990,3.23
2/9/1990,3.21
2/10/1990,3.2
2/11/1990,3.16
2/12/1990,3.12
2/13/1990,3.04
2/14/1990,3.03
2/15/1990,3.01
2/16/1990,2.99
2/17/1990,2.95
2/18/1990,2.93
2/19/1990,2.91
2/20/1990,2.88
2/21/1990,2.83
2/22/1990,2.83
2/23/1990,2.85
2/24/1990,2.88
2/25/1990,2.87
2/26/1990,2.93
2/27/1990,2.94
2/28/1990,3.02
3/1/1990,2.99
3/2/1990,3.03
3/3/1990,3.08
3/4/1990,3.12
3/5/1990,3.22
3/6/1990,3.26
3/7/1990,3.29
3/8/1990,3.32
3/9/1990,3.34
3/10/1990,3.46
3/11/1990,3.66
3/12/1990,3.75
3/13/1990,3.76
3/14/1990,3.83
3/15/1990,3.96
3/16/1990,4.05
3/17/1990,4.12
3/18/1990,4.17
3/19/1990,4.24
3/20/1990,4.42
3/21/1990,4.51
3/22/1990,4.63
3/23/1990,4.78
3/24/1990,4.87
3/25/1990,4.91
3/26/1990,5
3/27/1990,5.12
3/28/1990,5.24
3/29/1990,5.4
3/30/1990,5.47
3/31/1990,5.62
4/1/1990,5.76
4/2/1990,5.86
4/3/1990,6.02
4/4/1990,6.11
4/5/1990,6.22
4/6/1990,6.32
4/7/1990,6.4
4/8/1990,6.45
4/9/1990,6.51
4/10/1990,6.6
4/11/1990,6.73
4/12/1990,6.84
4/13/1990,6.94
4/14/1990,7.07
4/15/1990,7.14
4/16/1990,7.21
4/17/1990,7.34
4/18/1990,7.41
4/19/1990,7.55
4/20/1990,7.61
4/21/1990,7.65
4/22/1990,7.68
4/23/1990,7.95
4/24/1990,8.08
4/25/1990,8.23
4/26/1990,8.34
4/27/1990,8.44
4/28/1990,8.45
4/29/1990,8.56
4/30/1990,8.6
5/1/1990,8.61
5/2/1990,8.63
5/3/1990,8.71
5/4/1990,8.79
5/5/1990,8.89
5/6/1990,9.01
5/7/1990,9.14
5/8/1990,9.22
5/9/1990,9.26
5/10/1990,9.28
5/11/1990,9.34
5/12/1990,9.41
5/13/1990,9.57
5/14/1990,9.71
5/15/1990,9.82
5/16/1990,9.92
5/17/1990,10
5/18/1990,10.07
5/19/1990,10.27
5/20/1990,10.43
5/21/1990,10.56
5/22/1990,10.71
5/23/1990,10.79
5/24/1990,10.83
5/25/1990,10.97
5/26/1990,11.09
5/27/1990,11.29
5/28/1990,11.4
5/29/1990,11.4
5/30/1990,11.53
5/31/1990,11.63
6/1/1990,11.77
6/2/1990,11.96
6/3/1990,12.05
6/4/1990,12.1
6/5/1990,12.25
6/6/1990,12.35
6/7/1990,12.42
6/8/1990,12.5
6/9/1990,12.5
6/10/1990,12.64
6/11/1990,12.74
6/12/1990,12.92
6/13/1990,13.08
6/14/1990,13.21
6/15/1990,13.42
6/16/1990,13.56
6/17/1990,13.66
6/18/1990,13.82
6/19/1990,13.94
6/20/1990,14.08
6/21/1990,14.16
6/22/1990,14.23
6/23/1990,14.24
6/24/1990,14.34
6/25/1990,14.36
6/26/1990,14.43
6/27/1990,14.46
6/28/1990,14.51
6/29/1990,14.52
6/30/1990,14.62
7/1/1990,14.73
7/2/1990,14.8
7/3/1990,14.86
7/4/1990,15.07
7/5/1990,15.07
7/6/1990,15.06
7/7/1990,15.12
7/8/1990,15.21
7/9/1990,15.26
7/10/1990,15.38
7/11/1990,15.52
7/12/1990,15.66
7/13/1990,15.69
7/14/1990,15.74
7/15/1990,15.8
7/16/1990,15.8
7/17/1990,15.93
7/18/1990,15.99
7/19/1990,16.09
7/20/1990,16.27
7/21/1990,16.34
7/22/1990,16.42
7/23/1990,16.44
7/24/1990,16.52
7/25/1990,16.6
7/26/1990,16.64
7/27/1990,16.77
7/28/1990,16.82
7/29/1990,16.88
7/30/1990,17.03
7/31/1990,17.08
8/1/1990,17.14
8/2/1990,17.22
8/3/1990,17.3
8/4/1990,17.33
8/5/1990,17.4
8/6/1990,17.52
8/7/1990,17.62
8/8/1990,17.58
8/9/1990,17.64
8/10/1990,17.65
8/11/1990,17.55
8/12/1990,17.6
8/13/1990,17.72
8/14/1990,17.82
8/15/1990,17.89
8/16/1990,17.92
8/17/1990,17.95
8/18/1990,18.12
8/19/1990,18.04
8/20/1990,17.98
8/21/1990,18.07
8/22/1990,18.08
8/23/1990,18.01
8/24/1990,18.05
8/25/1990,18.08
8/26/1990,18.25
8/27/1990,18.33
8/28/1990,18.39
8/29/1990,18.44
8/30/1990,18.42
8/31/1990,18.41
9/1/1990,18.5
9/2/1990,18.5
9/3/1990,18.5
9/4/1990,18.5
9/5/1990,18.49
9/6/1990,18.45
9/7/1990,18.39
9/8/1990,18.42
9/9/1990,18.38
9/10/1990,18.33
9/11/1990,18.23
9/12/1990,18.21
9/13/1990,18.28
9/14/1990,18.34
9/15/1990,18.36
9/16/1990,18.45
9/17/1990,18.47
9/18/1990,18.58
9/19/1990,18.5
9/20/1990,18.47
9/21/1990,18.47
9/22/1990,18.48
9/23/1990,18.46
9/24/1990,18.49
9/25/1990,18.52
9/26/1990,18.53
9/27/1990,18.58
9/28/1990,18.64
9/29/1990,18.63
9/30/1990,18.6
10/1/1990,18.6
10/2/1990,18.57
10/3/1990,18.59
10/4/1990,18.51
10/5/1990,18.49
10/6/1990,18.47
10/7/1990,18.44
10/8/1990,18.47
10/9/1990,18.46
10/10/1990,18.44
10/11/1990,18.39
10/12/1990,18.43
10/13/1990,18.44
10/14/1990,18.39
10/15/1990,18.3
10/16/1990,18.28
10/17/1990,18.35
10/18/1990,18.4
10/19/1990,18.26
10/20/1990,18.2
10/21/1990,18.16
10/22/1990,18.03
10/23/1990,17.86
10/24/1990,17.85
10/25/1990,17.81
10/26/1990,17.86
10/27/1990,17.8
10/28/1990,17.51
10/29/1990,17.48
10/30/1990,17.46
10/31/1990,17.41
11/1/1990,17.3
11/2/1990,17.24
11/3/1990,17.06
11/4/1990,16.97
11/5/1990,16.88
11/6/1990,16.9
11/7/1990,16.85
11/8/1990,16.75
11/9/1990,16.67
11/10/1990,16.56
11/11/1990,16.47
11/12/1990,16.42
11/13/1990,16.26
11/14/1990,16.12
11/15/1990,16.07
11/16/1990,15.93
11/17/1990,15.86
11/18/1990,15.67
11/19/1990,15.46
11/20/1990,15.31
11/21/1990,15.11
11/22/1990,14.93
11/23/1990,14.72
11/24/1990,14.6
11/25/1990,14.42
11/26/1990,14.24
11/27/1990,14.02
11/28/1990,13.83
11/29/1990,13.61
11/30/1990,13.48
12/1/1990,13.27
12/2/1990,12.94
12/3/1990,12.79
12/4/1990,12.65
12/5/1990,12.36
12/6/1990,12.17
12/7/1990,12.08
12/8/1990,11.91
12/9/1990,11.76
12/10/1990,11.61
12/11/1990,11.36
12/12/1990,11.05
12/13/1990,10.91
12/14/1990,10.63
12/15/1990,10.4
12/16/1990,10.21
12/17/1990,9.96
12/18/1990,9.7
12/19/1990,9.55
12/20/1990,9.38
12/21/1990,9.24
12/22/1990,9.21
12/23/1990,9.03
12/24/1990,8.74
12/25/1990,8.33
12/26/1990,7.54
12/27/1990,7.69
12/28/1990,8.07
12/29/1990,7.84
12/30/1990,7.67
12/31/1990,7.5
1/1/1991,7.35
1/2/1991,7.15
1/3/1991,6.99
1/4/1991,6.85
1/5/1991,6.69
1/6/1991,6.55
1/7/1991,6.47
1/8/1991,6.34
1/9/1991,6.25
1/10/1991,6.14
1/11/1991,6.01
1/12/1991,5.84
1/13/1991,5.73
1/14/1991,5.61
1/15/1991,5.47
1/16/1991,5.42
1/17/1991,5.34
1/18/1991,5.26
1/19/1991,5.12
1/20/1991,5.07
1/21/1991,4.94
1/22/1991,4.83
1/23/1991,4.82
1/24/1991,4.79
1/25/1991,4.7
1/26/1991,4.59
1/27/1991,4.46
1/28/1991,4.41
1/29/1991,4.3
1/30/1991,4.15
1/31/1991,4.1
2/1/1991,3.99
2/2/1991,3.88
2/3/1991,3.78
2/4/1991,3.76
2/5/1991,3.7
2/6/1991,3.62
2/7/1991,3.54
2/8/1991,3.53
2/9/1991,3.47
2/10/1991,3.44
2/11/1991,3.4
2/12/1991,3.38
2/13/1991,3.36
2/14/1991,3.34
2/15/1991,3.16
2/16/1991,3.12
2/17/1991,3.16
2/18/1991,3.2
2/19/1991,3.17
2/20/1991,3.07
2/21/1991,2.92
2/22/1991,2.88
2/23/1991,2.79
2/24/1991,2.76
2/25/1991,2.74
2/26/1991,2.7
2/27/1991,2.68
2/28/1991,2.65
3/1/1991,2.69
3/2/1991,2.69
3/3/1991,2.67
3/4/1991,2.66
3/5/1991,2.77
3/6/1991,2.89
3/7/1991,2.94
3/8/1991,2.97
3/9/1991,3.02
3/10/1991,3.1
3/11/1991,3.27
3/12/1991,3.51
3/13/1991,3.56
3/14/1991,3.62
3/15/1991,3.75
3/16/1991,3.83
3/17/1991,3.93
3/18/1991,4.07
3/19/1991,4.19
3/20/1991,4.37
3/21/1991,4.51
3/22/1991,4.62
3/23/1991,4.73
3/24/1991,4.93
3/25/1991,5.08
3/26/1991,5.29
3/27/1991,5.29
3/28/1991,5.41
3/29/1991,5.53
3/30/1991,5.62
3/31/1991,5.67
4/1/1991,5.73
4/2/1991,5.82
4/3/1991,5.94
4/4/1991,6.09
4/5/1991,6.18
4/6/1991,6.36
4/7/1991,6.41
4/8/1991,6.54
4/9/1991,6.72
4/10/1991,6.74
4/11/1991,6.82
4/12/1991,6.89
4/13/1991,7.03
4/14/1991,7.13
4/15/1991,7.24
4/16/1991,7.26
4/17/1991,7.34
4/18/1991,7.49
4/19/1991,7.62
4/20/1991,7.74
4/21/1991,7.75
4/22/1991,7.84
4/23/1991,7.89
4/24/1991,8.06
4/25/1991,8.19
4/26/1991,8.24
4/27/1991,8.39
4/28/1991,8.52
4/29/1991,8.66
4/30/1991,8.84
5/1/1991,8.96
5/2/1991,9.09
5/3/1991,9.16
5/4/1991,9.25
5/5/1991,9.38
5/6/1991,9.44
5/7/1991,9.53
5/8/1991,9.68
5/9/1991,9.86
5/10/1991,9.96
5/11/1991,10.04
5/12/1991,10.23
5/13/1991,10.27
5/14/1991,10.42
5/15/1991,10.57
5/16/1991,10.67
5/17/1991,10.81
5/18/1991,10.89
5/19/1991,11
5/20/1991,10.97
5/21/1991,11.07
5/22/1991,11.16
5/23/1991,11.21
5/24/1991,11.33
5/25/1991,11.42
5/26/1991,11.47
5/27/1991,11.58
5/28/1991,11.69
5/29/1991,11.8
5/30/1991,11.95
5/31/1991,12.03
6/1/1991,12.1
6/2/1991,12.13
6/3/1991,12.23
6/4/1991,12.27
6/5/1991,12.33
6/6/1991,12.42
6/7/1991,12.57
6/8/1991,12.76
6/9/1991,13
6/10/1991,13.06
6/11/1991,13.17
6/12/1991,13.25
6/13/1991,13.31
6/14/1991,13.38
6/15/1991,13.45
6/16/1991,13.61
6/17/1991,13.7
6/18/1991,13.7
6/19/1991,13.77
6/20/1991,13.86
6/21/1991,13.97
6/22/1991,14.1
6/23/1991,14.16
6/24/1991,14.25
6/25/1991,14.35
6/26/1991,14.38
6/27/1991,14.42
6/28/1991,14.39
6/29/1991,14.55
6/30/1991,14.56
7/1/1991,14.68
7/2/1991,14.62
7/3/1991,14.71
7/4/1991,14.73
7/5/1991,14.94
7/6/1991,14.92
7/7/1991,15.03
7/8/1991,15.14
7/9/1991,15.21
7/10/1991,15.31
7/11/1991,15.28
7/12/1991,15.36
7/13/1991,15.43
7/14/1991,15.59
7/15/1991,15.72
7/16/1991,15.92
7/17/1991,15.9
7/18/1991,16.07
7/19/1991,16.22
7/20/1991,16.36
7/21/1991,16.62
7/22/1991,16.75
7/23/1991,16.78
7/24/1991,16.74
7/25/1991,16.77
7/26/1991,16.84
7/27/1991,16.87
7/28/1991,16.9
7/29/1991,16.98
7/30/1991,17.03
7/31/1991,17.13
8/1/1991,17.25
8/2/1991,17.33
8/3/1991,17.32
8/4/1991,17.43
8/5/1991,17.51
8/6/1991,17.64
8/7/1991,17.88
8/8/1991,18.01
8/9/1991,18.11
8/10/1991,18.14
8/11/1991,18.2
8/12/1991,18.22
8/13/1991,18.25
8/14/1991,18.25
8/15/1991,18.37
8/16/1991,18.36
8/17/1991,18.36
8/18/1991,18.23
8/19/1991,18.11
8/20/1991,18.05
8/21/1991,18.14
8/22/1991,18.26
8/23/1991,18.18
8/24/1991,18.12
8/25/1991,18.23
8/26/1991,18.21
8/27/1991,18.33
8/28/1991,18.38
8/29/1991,18.51
8/30/1991,18.4
8/31/1991,18.29
9/1/1991,18.22
9/2/1991,18.18
9/3/1991,18.21
9/4/1991,18.28
9/5/1991,18.25
9/6/1991,18.35
9/7/1991,18.51
9/8/1991,18.54
9/9/1991,18.56
9/10/1991,18.63
9/11/1991,18.6
9/12/1991,18.63
9/13/1991,18.59
9/14/1991,18.61
9/15/1991,18.58
9/16/1991,18.64
9/17/1991,18.6
9/18/1991,18.64
9/19/1991,18.71
9/20/1991,18.85
9/21/1991,18.78
9/22/1991,18.87
9/23/1991,18.85
9/24/1991,18.92
9/25/1991,18.88
9/26/1991,18.95
9/27/1991,19.05
9/28/1991,18.96
9/29/1991,18.98
9/30/1991,19.01
10/1/1991,18.95
10/2/1991,18.86
10/3/1991,18.82
10/4/1991,18.75
10/5/1991,18.7
10/6/1991,18.76
10/7/1991,18.82
10/8/1991,18.82
10/9/1991,18.8
10/10/1991,18.71
10/11/1991,18.62
10/12/1991,18.59
10/13/1991,18.53
10/14/1991,18.45
10/15/1991,18.42
10/16/1991,18.4
10/17/1991,18.3
10/18/1991,18.14
10/19/1991,18
10/20/1991,17.9
10/21/1991,17.88
10/22/1991,17.86
10/23/1991,17.75
10/24/1991,17.71
10/25/1991,17.7
10/26/1991,17.56
10/27/1991,17.49
10/28/1991,17.43
10/29/1991,17.37
10/30/1991,17.3
10/31/1991,17.3
11/1/1991,17.23
11/2/1991,17.17
11/3/1991,17.11
11/4/1991,17.12
11/5/1991,17.08
11/6/1991,16.99
11/7/1991,16.9
11/8/1991,16.77
11/9/1991,16.69
11/10/1991,16.6
11/11/1991,16.59
11/12/1991,16.47
11/13/1991,16.35
11/14/1991,16.26
11/15/1991,16.19
11/16/1991,16.04
11/17/1991,15.88
11/18/1991,15.7
11/19/1991,15.52
11/20/1991,15.33
11/21/1991,15.16
11/22/1991,14.96
11/23/1991,14.83
11/24/1991,14.69
11/25/1991,14.54
11/26/1991,14.39
11/27/1991,14.2
11/28/1991,14.13
11/29/1991,14.02
11/30/1991,13.8
12/1/1991,13.63
12/2/1991,13.51
12/3/1991,13.27
12/4/1991,13.15
12/5/1991,12.91
12/6/1991,12.75
12/7/1991,12.6
12/8/1991,12.34
12/9/1991,12
12/10/1991,11.92
12/11/1991,11.72
12/12/1991,11.55
12/13/1991,11.35
12/14/1991,11.12
12/15/1991,10.92
12/16/1991,10.74
12/17/1991,10.32
12/18/1991,9.83
12/19/1991,9.64
12/20/1991,9.4
12/21/1991,9.14
12/22/1991,8.94
12/23/1991,8.78
12/24/1991,8.49
12/25/1991,8.28
12/26/1991,8.21
12/27/1991,8.11
12/28/1991,7.86
12/29/1991,7.6
12/30/1991,7.26
12/31/1991,7.04
1/1/1992,6.88
1/2/1992,6.69
1/3/1992,6.52
1/4/1992,6.36
1/5/1992,6.12
1/6/1992,5.79
1/7/1992,5.71
1/8/1992,5.67
1/9/1992,5.51
1/10/1992,5.33
1/11/1992,5.19
1/12/1992,5.08
1/13/1992,4.93
1/14/1992,4.85
1/15/1992,4.79
1/16/1992,4.69
1/17/1992,4.52
1/18/1992,4.44
1/19/1992,4.38
1/20/1992,4.35
1/21/1992,4.26
1/22/1992,4.11
1/23/1992,4.04
1/24/1992,3.97
1/25/1992,3.89
1/26/1992,3.81
1/27/1992,3.75
1/28/1992,3.71
1/29/1992,3.68
1/30/1992,3.59
1/31/1992,3.55
2/1/1992,3.46
2/2/1992,3.42
2/3/1992,3.33
2/4/1992,3.24
2/5/1992,3.2
2/6/1992,3.21
2/7/1992,3.15
2/8/1992,3.13
2/9/1992,3.05
2/10/1992,3.01
2/11/1992,2.94
2/12/1992,2.9
2/13/1992,2.86
2/14/1992,2.83
2/15/1992,2.75
2/16/1992,2.72
2/17/1992,2.71
2/18/1992,2.63
2/19/1992,2.59
2/20/1992,2.57
2/21/1992,2.54
2/22/1992,2.56
2/23/1992,2.55
2/24/1992,2.62
2/25/1992,2.62
2/26/1992,2.59
2/27/1992,2.63
2/28/1992,2.62
2/29/1992,2.7
3/1/1992,2.77
3/2/1992,2.87
3/3/1992,2.9
3/4/1992,2.89
3/5/1992,2.89
3/6/1992,2.91
3/7/1992,2.99
3/8/1992,3.01
3/9/1992,3.07
3/10/1992,3.15
3/11/1992,3.23
3/12/1992,3.32
3/13/1992,3.38
3/14/1992,3.43
3/15/1992,3.58
3/16/1992,3.56
3/17/1992,3.65
3/18/1992,3.79
3/19/1992,3.86
3/20/1992,3.94
3/21/1992,4.02
3/22/1992,4.12
3/23/1992,4.26
3/24/1992,4.41
3/25/1992,4.5
3/26/1992,4.57
3/27/1992,4.64
3/28/1992,4.76
3/29/1992,4.81
3/30/1992,4.94
3/31/1992,5.1
4/1/1992,5.27
4/2/1992,5.37
4/3/1992,5.5
4/4/1992,5.69
4/5/1992,5.86
4/6/1992,6.01
4/7/1992,6.1
4/8/1992,6.26
4/9/1992,6.37
4/10/1992,6.46
4/11/1992,6.57
4/12/1992,6.7
4/13/1992,6.83
4/14/1992,6.94
4/15/1992,7.01
4/16/1992,7.11
4/17/1992,7.23
4/18/1992,7.32
4/19/1992,7.36
4/20/1992,7.43
4/21/1992,7.55
4/22/1992,7.67
4/23/1992,7.81
4/24/1992,7.93
4/25/1992,8.05
4/26/1992,8.11
4/27/1992,8.29
4/28/1992,8.42
4/29/1992,8.54
4/30/1992,8.63
5/1/1992,8.76
5/2/1992,8.83
5/3/1992,8.9
5/4/1992,9.02
5/5/1992,9.15
5/6/1992,9.19
5/7/1992,9.29
5/8/1992,9.31
5/9/1992,9.41
5/10/1992,9.55
5/11/1992,9.67
5/12/1992,9.8
5/13/1992,9.96
5/14/1992,10.11
5/15/1992,10.2
5/16/1992,10.3
5/17/1992,10.42
5/18/1992,10.52
5/19/1992,10.67
5/20/1992,10.78
5/21/1992,10.85
5/22/1992,10.89
5/23/1992,10.87
5/24/1992,10.94
5/25/1992,11.07
5/26/1992,11.14
5/27/1992,11.23
5/28/1992,11.37
5/29/1992,11.42
5/30/1992,11.47
5/31/1992,11.65
6/1/1992,11.78
6/2/1992,11.91
6/3/1992,11.94
6/4/1992,12
6/5/1992,12.07
6/6/1992,12.22
6/7/1992,12.28
6/8/1992,12.35
6/9/1992,12.51
6/10/1992,12.57
6/11/1992,12.61
6/12/1992,12.85
6/13/1992,12.98
6/14/1992,13.07
6/15/1992,13.17
6/16/1992,13.28
6/17/1992,13.27
6/18/1992,13.54
6/19/1992,13.62
6/20/1992,13.67
6/21/1992,13.58
6/22/1992,13.69
6/23/1992,13.93
6/24/1992,14.1
6/25/1992,14.18
6/26/1992,14.32
6/27/1992,14.48
6/28/1992,14.68
6/29/1992,14.72
6/30/1992,14.81
7/1/1992,14.94
7/2/1992,14.89
7/3/1992,14.94
7/4/1992,15.1
7/5/1992,15.19
7/6/1992,15.26
7/7/1992,15.44
7/8/1992,15.65
7/9/1992,15.8
7/10/1992,15.8
7/11/1992,16.03
7/12/1992,16.11
7/13/1992,16.18
7/14/1992,16.21
7/15/1992,16.3
7/16/1992,16.37
7/17/1992,16.37
7/18/1992,16.5
7/19/1992,16.6
7/20/1992,16.69
7/21/1992,16.77
7/22/1992,16.82
7/23/1992,16.89
7/24/1992,16.95
7/25/1992,16.94
7/26/1992,17.13
7/27/1992,17.25
7/28/1992,17.39
7/29/1992,17.41
7/30/1992,17.31
7/31/1992,17.31
8/1/1992,17.34
8/2/1992,17.44
8/3/1992,17.53
8/4/1992,17.63
8/5/1992,17.7
8/6/1992,17.83
8/7/1992,17.84
8/8/1992,18.01
8/9/1992,18.02
8/10/1992,17.96
8/11/1992,17.94
8/12/1992,17.98
8/13/1992,18.05
8/14/1992,18.07
8/15/1992,18.18
8/16/1992,18.27
8/17/1992,18.2
8/18/1992,18.13
8/19/1992,18.22
8/20/1992,18.3
8/21/1992,18.36
8/22/1992,18.39
8/23/1992,18.43
8/24/1992,18.38
8/25/1992,18.43
8/26/1992,18.46
8/27/1992,18.29
8/28/1992,18.27
8/29/1992,18.2
8/30/1992,18.22
8/31/1992,18.32
9/1/1992,18.34
9/2/1992,18.4
9/3/1992,18.4
9/4/1992,18.44
9/5/1992,18.44
9/6/1992,18.62
9/7/1992,18.64
9/8/1992,18.67
9/9/1992,18.72
9/10/1992,18.79
9/11/1992,18.84
9/12/1992,18.75
9/13/1992,18.63
9/14/1992,18.69
9/15/1992,18.56
9/16/1992,18.46
9/17/1992,18.38
9/18/1992,18.27
9/19/1992,18.12
9/20/1992,18.2
9/21/1992,18.3
9/22/1992,18.32
9/23/1992,18.26
9/24/1992,18.29
9/25/1992,18.28
9/26/1992,18.27
9/27/1992,18.28
9/28/1992,18.27
9/29/1992,18.28
9/30/1992,18.32
10/1/1992,18.25
10/2/1992,18.39
10/3/1992,18.42
10/4/1992,18.35
10/5/1992,18.4
10/6/1992,18.46
10/7/1992,18.53
10/8/1992,18.53
10/9/1992,18.49
10/10/1992,18.45
10/11/1992,18.41
10/12/1992,18.49
10/13/1992,18.5
10/14/1992,18.46
10/15/1992,18.5
10/16/1992,18.42
10/17/1992,18.37
10/18/1992,18.29
10/19/1992,18.22
10/20/1992,18.17
10/21/1992,18.11
10/22/1992,18.08
10/23/1992,18.05
10/24/1992,17.98
10/25/1992,17.93
10/26/1992,17.9
10/27/1992,17.86
10/28/1992,17.75
10/29/1992,17.68
10/30/1992,17.59
10/31/1992,17.5
11/1/1992,17.44
11/2/1992,17.39
11/3/1992,17.35
11/4/1992,17.31
11/5/1992,17.25
11/6/1992,17.18
11/7/1992,17.15
11/8/1992,17.02
11/9/1992,16.98
11/10/1992,16.86
11/11/1992,16.71
11/12/1992,16.66
11/13/1992,16.55
11/14/1992,16.49
11/15/1992,16.46
11/16/1992,16.36
11/17/1992,16.12
11/18/1992,16.11
11/19/1992,15.99
11/20/1992,15.82
11/21/1992,15.62
11/22/1992,15.58
11/23/1992,15.44
11/24/1992,15.24
11/25/1992,15.13
11/26/1992,14.97
11/27/1992,14.75
11/28/1992,14.59
11/29/1992,14.35
11/30/1992,14.19
12/1/1992,14.07
12/2/1992,13.92
12/3/1992,13.7
12/4/1992,13.54
12/5/1992,13.35
12/6/1992,13.2
12/7/1992,12.92
12/8/1992,12.73
12/9/1992,12.56
12/10/1992,12.35
12/11/1992,12.12
12/12/1992,11.84
12/13/1992,11.56
12/14/1992,11.21
12/15/1992,10.95
12/16/1992,10.73
12/17/1992,10.46
12/18/1992,10.17
12/19/1992,9.89
12/20/1992,9.62
12/21/1992,9.34
12/22/1992,9.08
12/23/1992,8.92
12/24/1992,8.57
12/25/1992,8.31
12/26/1992,7.97
12/27/1992,7.65
12/28/1992,7.4
12/29/1992,7.15
12/30/1992,6.9
12/31/1992,6.68
1/1/1993,6.57
1/2/1993,6.35
1/3/1993,6.13
1/4/1993,5.95
1/5/1993,5.86
1/6/1993,5.78
1/7/1993,5.67
1/8/1993,5.51
1/9/1993,5.37
1/10/1993,5.24
1/11/1993,5.17
1/12/1993,5.04
1/13/1993,4.91
1/14/1993,4.77
1/15/1993,4.62
1/16/1993,4.53
1/17/1993,4.4
1/18/1993,4.24
1/19/1993,4.15
1/20/1993,4.08
1/21/1993,4.01
1/22/1993,3.88
1/23/1993,3.81
1/24/1993,3.71
1/25/1993,3.64
1/26/1993,3.54
1/27/1993,3.4
1/28/1993,3.32
1/29/1993,3.25
1/30/1993,3.19
1/31/1993,3.03
2/1/1993,2.92
2/2/1993,2.94
2/3/1993,2.9
2/4/1993,2.85
2/5/1993,2.83
2/6/1993,2.74
2/7/1993,2.66
2/8/1993,2.62
2/9/1993,2.6
2/10/1993,2.58
2/11/1993,2.53
2/12/1993,2.49
2/13/1993,2.45
2/14/1993,2.4
2/15/1993,2.44
2/16/1993,2.4
2/17/1993,2.42
2/18/1993,2.43
2/19/1993,2.44
2/20/1993,2.44
2/21/1993,2.51
2/22/1993,2.54
2/23/1993,2.55
2/24/1993,2.51
2/25/1993,2.55
2/26/1993,2.53
2/27/1993,2.57
2/28/1993,2.6
3/1/1993,2.54
3/2/1993,2.51
3/3/1993,2.5
3/4/1993,2.61
3/5/1993,2.62
3/6/1993,2.78
3/7/1993,2.93
3/8/1993,2.93
3/9/1993,2.96
3/10/1993,3.11
3/11/1993,3.31
3/12/1993,3.44
3/13/1993,3.54
3/14/1993,3.68
3/15/1993,3.81
3/16/1993,3.96
3/17/1993,4.11
3/18/1993,4.22
3/19/1993,4.39
3/20/1993,4.43
3/21/1993,4.48
3/22/1993,4.6
3/23/1993,4.69
3/24/1993,4.78
3/25/1993,4.91
3/26/1993,5.07
3/27/1993,5.08
3/28/1993,5.06
3/29/1993,5.13
3/30/1993,5.22
3/31/1993,5.33
4/1/1993,5.38
4/2/1993,5.48
4/3/1993,5.61
4/4/1993,5.67
4/5/1993,5.79
4/6/1993,5.87
4/7/1993,5.95
4/8/1993,6.04
4/9/1993,6.14
4/10/1993,6.28
4/11/1993,6.39
4/12/1993,6.52
4/13/1993,6.66
4/14/1993,6.75
4/15/1993,6.84
4/16/1993,6.92
4/17/1993,7.01
4/18/1993,7.04
4/19/1993,7.08
4/20/1993,7.16
4/21/1993,7.27
4/22/1993,7.4
4/23/1993,7.56
4/24/1993,7.74
4/25/1993,7.85
4/26/1993,7.99
4/27/1993,8.13
4/28/1993,8.32
4/29/1993,8.44
4/30/1993,8.55
5/1/1993,8.75
5/2/1993,8.87
5/3/1993,9
5/4/1993,9.15
5/5/1993,9.27
5/6/1993,9.37
5/7/1993,9.52
5/8/1993,9.54
5/9/1993,9.53
5/10/1993,9.59
5/11/1993,9.73
5/12/1993,9.9
5/13/1993,10
5/14/1993,10.15
5/15/1993,10.29
5/16/1993,10.44
5/17/1993,10.5
5/18/1993,10.61
5/19/1993,10.64
5/20/1993,10.74
5/21/1993,10.89
5/22/1993,11
5/23/1993,11.13
5/24/1993,11.2
5/25/1993,11.34
5/26/1993,11.47
5/27/1993,11.49
5/28/1993,11.59
5/29/1993,11.67
5/30/1993,11.76
5/31/1993,11.92
6/1/1993,12.05
6/2/1993,12.22
6/3/1993,12.36
6/4/1993,12.43
6/5/1993,12.57
6/6/1993,12.82
6/7/1993,12.89
6/8/1993,12.92
6/9/1993,12.95
6/10/1993,13.07
6/11/1993,13.17
6/12/1993,13.26
6/13/1993,13.24
6/14/1993,13.28
6/15/1993,13.31
6/16/1993,13.42
6/17/1993,13.44
6/18/1993,13.63
6/19/1993,13.79
6/20/1993,13.83
6/21/1993,13.89
6/22/1993,14.02
6/23/1993,14.07
6/24/1993,14.2
6/25/1993,14.32
6/26/1993,14.38
6/27/1993,14.54
6/28/1993,14.63
6/29/1993,14.81
6/30/1993,14.94
7/1/1993,15.02
7/2/1993,15.09
7/3/1993,15.23
7/4/1993,15.38
7/5/1993,15.31
7/6/1993,15.4
7/7/1993,15.51
7/8/1993,15.55
7/9/1993,15.78
7/10/1993,15.93
7/11/1993,16.04
7/12/1993,16.16
7/13/1993,16.24
7/14/1993,16.19
7/15/1993,16.14
7/16/1993,16.24
7/17/1993,16.25
7/18/1993,16.25
7/19/1993,16.48
7/20/1993,16.53
7/21/1993,16.51
7/22/1993,16.63
7/23/1993,16.75
7/24/1993,16.86
7/25/1993,16.89
7/26/1993,16.97
7/27/1993,17.06
7/28/1993,17.06
7/29/1993,17.04
7/30/1993,17.08
7/31/1993,17.13
8/1/1993,17.08
8/2/1993,17.01
8/3/1993,17.03
8/4/1993,17.06
8/5/1993,17.07
8/6/1993,17.07
8/7/1993,17.16
8/8/1993,17.32
8/9/1993,17.42
8/10/1993,17.55
8/11/1993,17.54
8/12/1993,17.53
8/13/1993,17.56
8/14/1993,17.66
8/15/1993,17.74
8/16/1993,17.83
8/17/1993,17.9
8/18/1993,17.96
8/19/1993,18.06
8/20/1993,18.16
8/21/1993,18.2
8/22/1993,18.28
8/23/1993,18.26
8/24/1993,18.31
8/25/1993,18.33
8/26/1993,18.45
8/27/1993,18.49
8/28/1993,18.57
8/29/1993,18.68
8/30/1993,18.72
8/31/1993,18.78
9/1/1993,18.8
9/2/1993,18.84
9/3/1993,18.87
9/4/1993,18.81
9/5/1993,18.81
9/6/1993,18.74
9/7/1993,18.74
9/8/1993,18.69
9/9/1993,18.64
9/10/1993,18.66
9/11/1993,18.71
9/12/1993,18.76
9/13/1993,18.78
9/14/1993,18.85
9/15/1993,18.91
9/16/1993,18.94
9/17/1993,18.92
9/18/1993,18.94
9/19/1993,18.97
9/20/1993,18.94
9/21/1993,18.85
9/22/1993,18.83
9/23/1993,18.82
9/24/1993,18.72
9/25/1993,18.72
9/26/1993,18.8
9/27/1993,18.86
9/28/1993,18.89
9/29/1993,18.9
9/30/1993,18.84
10/1/1993,18.82
10/2/1993,18.81
10/3/1993,18.75
10/4/1993,18.73
10/5/1993,18.74
10/6/1993,18.81
10/7/1993,18.78
10/8/1993,18.8
10/9/1993,18.82
10/10/1993,18.77
10/11/1993,18.69
10/12/1993,18.62
10/13/1993,18.55
10/14/1993,18.5
10/15/1993,18.49
10/16/1993,18.47
10/17/1993,18.46
10/18/1993,18.37
10/19/1993,18.31
10/20/1993,18.26
10/21/1993,18.15
10/22/1993,18.08
10/23/1993,18.05
10/24/1993,17.95
10/25/1993,17.84
10/26/1993,17.79
10/27/1993,17.74
10/28/1993,17.73
10/29/1993,17.74
10/30/1993,17.72
10/31/1993,17.71
11/1/1993,17.67
11/2/1993,17.65
11/3/1993,17.61
11/4/1993,17.54
11/5/1993,17.48
11/6/1993,17.44
11/7/1993,17.33
11/8/1993,17.23
11/9/1993,17.14
11/10/1993,17.07
11/11/1993,16.94
11/12/1993,16.87
11/13/1993,16.78
11/14/1993,16.67
11/15/1993,16.58
11/16/1993,16.5
11/17/1993,16.33
11/18/1993,16.14
11/19/1993,16.06
11/20/1993,15.9
11/21/1993,15.78
11/22/1993,15.69
11/23/1993,15.48
11/24/1993,15.3
11/25/1993,15.18
11/26/1993,15.01
11/27/1993,14.86
11/28/1993,14.69
11/29/1993,14.48
11/30/1993,14.31
12/1/1993,14.08
12/2/1993,13.8
12/3/1993,13.59
12/4/1993,13.42
12/5/1993,13.18
12/6/1993,12.71
12/7/1993,12.45
12/8/1993,12.26
12/9/1993,11.92
12/10/1993,11.82
12/11/1993,11.53
12/12/1993,11.37
12/13/1993,11.11
12/14/1993,10.86
12/15/1993,10.59
12/16/1993,10.38
12/17/1993,10
12/18/1993,9.81
12/19/1993,9.44
12/20/1993,9.01
12/21/1993,8.73
12/22/1993,8.49
12/23/1993,8.22
12/24/1993,7.99
12/25/1993,7.8
12/26/1993,7.63
12/27/1993,7.51
12/28/1993,7.33
12/29/1993,7.26
12/30/1993,7.15
12/31/1993,7.06
1/1/1994,6.86
1/2/1994,6.75
1/3/1994,6.63
1/4/1994,6.5
1/5/1994,6.29
1/6/1994,6.21
1/7/1994,6.09
1/8/1994,6.01
1/9/1994,5.89
1/10/1994,5.78
1/11/1994,5.63
1/12/1994,5.49
1/13/1994,5.37
1/14/1994,5.32
1/15/1994,5.24
1/16/1994,5.13
1/17/1994,5.03
1/18/1994,4.91
1/19/1994,4.74
1/20/1994,4.59
1/21/1994,4.5
1/22/1994,4.43
1/23/1994,4.35
1/24/1994,4.27
1/25/1994,4.17
1/26/1994,4.07
1/27/1994,4.03
1/28/1994,4
1/29/1994,3.91
1/30/1994,3.85
1/31/1994,3.77
2/1/1994,3.68
2/2/1994,3.66
2/3/1994,3.52
2/4/1994,3.49
2/5/1994,3.47
2/6/1994,3.47
2/7/1994,3.41
2/8/1994,3.34
2/9/1994,3.33
2/10/1994,3.27
2/11/1994,3.2
2/12/1994,3.19
2/13/1994,3.2
2/14/1994,3.21
2/15/1994,3.22
2/16/1994,3.22
2/17/1994,3.2
2/18/1994,3.2
2/19/1994,3.22
2/20/1994,3.23
2/21/1994,3.25
2/22/1994,3.24
2/23/1994,3.25
2/24/1994,3.24
2/25/1994,3.25
2/26/1994,3.31
2/27/1994,3.36
2/28/1994,3.46
3/1/1994,3.55
3/2/1994,3.65
3/3/1994,3.68
3/4/1994,3.75
3/5/1994,3.73
3/6/1994,3.74
3/7/1994,3.82
3/8/1994,3.96
3/9/1994,4
3/10/1994,4.08
3/11/1994,4.21
3/12/1994,4.31
3/13/1994,4.45
3/14/1994,4.51
3/15/1994,4.63
3/16/1994,4.74
3/17/1994,4.8
3/18/1994,4.89
3/19/1994,4.95
3/20/1994,5.07
3/21/1994,5.13
3/22/1994,5.22
3/23/1994,5.35
3/24/1994,5.44
3/25/1994,5.55
3/26/1994,5.65
3/27/1994,5.8
3/28/1994,5.88
3/29/1994,6.01
3/30/1994,6.01
3/31/1994,6.07
4/1/1994,6.13
4/2/1994,6.23
4/3/1994,6.3
4/4/1994,6.33
4/5/1994,6.38
4/6/1994,6.48
4/7/1994,6.58
4/8/1994,6.65
4/9/1994,6.75
4/10/1994,6.85
4/11/1994,7
4/12/1994,7.06
4/13/1994,7.22
4/14/1994,7.3
4/15/1994,7.29
4/16/1994,7.38
4/17/1994,7.55
4/18/1994,7.68
4/19/1994,7.78
4/20/1994,7.88
4/21/1994,7.91
4/22/1994,8
4/23/1994,8.09
4/24/1994,8.21
4/25/1994,8.3
4/26/1994,8.4
4/27/1994,8.53
4/28/1994,8.62
4/29/1994,8.7
4/30/1994,8.8
5/1/1994,8.93
5/2/1994,9.08
5/3/1994,9.17
5/4/1994,9.23
5/5/1994,9.41
5/6/1994,9.56
5/7/1994,9.68
5/8/1994,9.8
5/9/1994,9.91
5/10/1994,10.05
5/11/1994,10.17
5/12/1994,10.27
5/13/1994,10.33
5/14/1994,10.46
5/15/1994,10.6
5/16/1994,10.71
5/17/1994,10.8
5/18/1994,10.99
5/19/1994,11.14
5/20/1994,11.3
5/21/1994,11.36
5/22/1994,11.37
5/23/1994,11.42
5/24/1994,11.47
5/25/1994,11.58
5/26/1994,11.65
5/27/1994,11.73
5/28/1994,11.85
5/29/1994,12
5/30/1994,12.28
5/31/1994,12.31
6/1/1994,12.47
6/2/1994,12.5
6/3/1994,12.56
6/4/1994,12.63
6/5/1994,12.76
6/6/1994,12.92
6/7/1994,13.08
6/8/1994,13.24
6/9/1994,13.27
6/10/1994,13.28
6/11/1994,13.39
6/12/1994,13.47
6/13/1994,13.62
6/14/1994,13.65
6/15/1994,13.73
6/16/1994,13.88
6/17/1994,14.02
6/18/1994,14.25
6/19/1994,14.37
6/20/1994,14.57
6/21/1994,14.68
6/22/1994,14.8
6/23/1994,14.84
6/24/1994,14.95
6/25/1994,14.92
6/26/1994,14.98
6/27/1994,15.01
6/28/1994,15.05
6/29/1994,15.09
6/30/1994,15.21
7/1/1994,15.29
7/2/1994,15.35
7/3/1994,15.43
7/4/1994,15.63
7/5/1994,15.87
7/6/1994,15.93
7/7/1994,15.96
7/8/1994,15.92
7/9/1994,15.92
7/10/1994,15.98
7/11/1994,16.13
7/12/1994,16.24
7/13/1994,16.32
7/14/1994,16.44
7/15/1994,16.64
7/16/1994,16.75
7/17/1994,16.84
7/18/1994,16.95
7/19/1994,17.05
7/20/1994,17.1
7/21/1994,17.26
7/22/1994,17.39
7/23/1994,17.48
7/24/1994,17.53
7/25/1994,17.52
7/26/1994,17.48
7/27/1994,17.48
7/28/1994,17.53
7/29/1994,17.57
7/30/1994,17.58
7/31/1994,17.56
8/1/1994,17.56
8/2/1994,17.5
8/3/1994,17.55
8/4/1994,17.61
8/5/1994,17.62
8/6/1994,17.71
8/7/1994,17.76
8/8/1994,17.84
8/9/1994,17.83
8/10/1994,17.83
8/11/1994,17.8
8/12/1994,17.84
8/13/1994,17.92
8/14/1994,18.01
8/15/1994,18.02
8/16/1994,18.07
8/17/1994,18.06
8/18/1994,17.99
8/19/1994,18.05
8/20/1994,18.17
8/21/1994,18.28
8/22/1994,18.31
8/23/1994,18.4
8/24/1994,18.54
8/25/1994,18.7
8/26/1994,18.79
8/27/1994,18.84
8/28/1994,18.92
8/29/1994,19.03
8/30/1994,19.09
8/31/1994,19.1
9/1/1994,18.96
9/2/1994,18.97
9/3/1994,18.95
9/4/1994,19.06
9/5/1994,19.05
9/6/1994,19
9/7/1994,18.94
9/8/1994,18.84
9/9/1994,18.79
9/10/1994,18.79
9/11/1994,18.81
9/12/1994,18.79
9/13/1994,18.8
9/14/1994,18.81
9/15/1994,18.87
9/16/1994,18.79
9/17/1994,18.76
9/18/1994,18.75
9/19/1994,18.81
9/20/1994,18.82
9/21/1994,18.81
9/22/1994,18.8
9/23/1994,18.77
9/24/1994,18.82
9/25/1994,18.93
9/26/1994,18.91
9/27/1994,18.94
9/28/1994,18.97
9/29/1994,18.93
9/30/1994,18.99
10/1/1994,18.93
10/2/1994,18.91
10/3/1994,18.84
10/4/1994,18.73
10/5/1994,18.64
10/6/1994,18.61
10/7/1994,18.51
10/8/1994,18.44
10/9/1994,18.4
10/10/1994,18.37
10/11/1994,18.4
10/12/1994,18.32
10/13/1994,18.31
10/14/1994,18.28
10/15/1994,18.24
10/16/1994,18.22
10/17/1994,18.21
10/18/1994,18.21
10/19/1994,18.25
10/20/1994,18.24
10/21/1994,18.19
10/22/1994,18.16
10/23/1994,18.1
10/24/1994,18.08
10/25/1994,18.02
10/26/1994,18.03
10/27/1994,18.01
10/28/1994,17.99
10/29/1994,17.99
10/30/1994,17.93
10/31/1994,17.91
11/1/1994,17.87
11/2/1994,17.84
11/3/1994,17.78
11/4/1994,17.75
11/5/1994,17.65
11/6/1994,17.54
11/7/1994,17.57
11/8/1994,17.44
11/9/1994,17.35
11/10/1994,17.18
11/11/1994,17.02
11/12/1994,16.94
11/13/1994,16.76
11/14/1994,16.63
11/15/1994,16.55
11/16/1994,16.34
11/17/1994,16.19
11/18/1994,15.97
11/19/1994,15.75
11/20/1994,15.61
11/21/1994,15.26
11/22/1994,15.13
11/23/1994,15.11
11/24/1994,15.01
11/25/1994,14.82
11/26/1994,14.63
11/27/1994,14.48
11/28/1994,14.21
11/29/1994,13.97
11/30/1994,13.8
12/1/1994,13.61
12/2/1994,13.45
12/3/1994,13.13
12/4/1994,12.87
12/5/1994,12.62
12/6/1994,12.29
12/7/1994,12.02
12/8/1994,11.88
12/9/1994,11.7
12/10/1994,11.45
12/11/1994,11.26
12/12/1994,11.1
12/13/1994,10.88
12/14/1994,10.75
12/15/1994,10.65
12/16/1994,10.43
12/17/1994,10.2
12/18/1994,10.04
12/19/1994,9.84
12/20/1994,9.69
12/21/1994,9.47
12/22/1994,9.28
12/23/1994,9.01
12/24/1994,8.8
12/25/1994,8.57
12/26/1994,8.46
12/27/1994,8.23
12/28/1994,8.1
12/29/1994,7.94
12/30/1994,7.82
12/31/1994,7.72
1/1/1995,7.57
1/2/1995,7.41
1/3/1995,7.26
1/4/1995,7.14
1/5/1995,7.06
1/6/1995,6.94
1/7/1995,6.76
1/8/1995,6.6
1/9/1995,6.48
1/10/1995,6.33
1/11/1995,6.2
1/12/1995,6.15
1/13/1995,6.08
1/14/1995,5.99
1/15/1995,5.83
1/16/1995,5.74
1/17/1995,5.63
1/18/1995,5.56
1/19/1995,5.4
1/20/1995,5.31
1/21/1995,5.23
1/22/1995,5.11
1/23/1995,5.06
1/24/1995,5
1/25/1995,4.87
1/26/1995,4.78
1/27/1995,4.77
1/28/1995,4.74
1/29/1995,4.64
1/30/1995,4.52
1/31/1995,4.33
2/1/1995,4.3
2/2/1995,4.16
2/3/1995,4.12
2/4/1995,4
2/5/1995,3.95
2/6/1995,3.87
2/7/1995,3.8
2/8/1995,3.77
2/9/1995,3.7
2/10/1995,3.66
2/11/1995,3.63
2/12/1995,3.58
2/13/1995,3.51
2/14/1995,3.5
2/15/1995,3.49
2/16/1995,3.52
2/17/1995,3.51
2/18/1995,3.5
2/19/1995,3.58
2/20/1995,3.56
2/21/1995,3.56
2/22/1995,3.52
2/23/1995,3.54
2/24/1995,3.52
2/25/1995,3.52
2/26/1995,3.6
2/27/1995,3.69
2/28/1995,3.74
3/1/1995,3.82
3/2/1995,3.86
3/3/1995,3.89
3/4/1995,3.95
3/5/1995,4.03
3/6/1995,4.11
3/7/1995,4.12
3/8/1995,4.16
3/9/1995,4.2
3/10/1995,4.33
3/11/1995,4.41
3/12/1995,4.47
3/13/1995,4.52
3/14/1995,4.59
3/15/1995,4.71
3/16/1995,4.8
3/17/1995,4.92
3/18/1995,4.97
3/19/1995,4.97
3/20/1995,5.02
3/21/1995,5.14
3/22/1995,5.28
3/23/1995,5.38
3/24/1995,5.49
3/25/1995,5.6
3/26/1995,5.65
3/27/1995,5.7
3/28/1995,5.79
3/29/1995,5.79
3/30/1995,5.84
3/31/1995,5.93
4/1/1995,6.04
4/2/1995,6.18
4/3/1995,6.28
4/4/1995,6.35
4/5/1995,6.45
4/6/1995,6.56
4/7/1995,6.66
4/8/1995,6.87
4/9/1995,6.99
4/10/1995,6.95
4/11/1995,7.04
4/12/1995,7.13
4/13/1995,7.19
4/14/1995,7.29
4/15/1995,7.39
4/16/1995,7.48
4/17/1995,7.58
4/18/1995,7.67
4/19/1995,7.81
4/20/1995,7.88
4/21/1995,8.01
4/22/1995,8.14
4/23/1995,8.23
4/24/1995,8.29
4/25/1995,8.4
4/26/1995,8.51
4/27/1995,8.65
4/28/1995,8.67
4/29/1995,8.77
4/30/1995,8.82
5/1/1995,8.83
5/2/1995,8.88
5/3/1995,9.06
5/4/1995,9.19
5/5/1995,9.37
5/6/1995,9.45
5/7/1995,9.63
5/8/1995,9.83
5/9/1995,10
5/10/1995,10.16
5/11/1995,10.28
5/12/1995,10.33
5/13/1995,10.45
5/14/1995,10.52
5/15/1995,10.64
5/16/1995,10.71
5/17/1995,10.79
5/18/1995,10.9
5/19/1995,10.99
5/20/1995,11.07
5/21/1995,11.27
5/22/1995,11.34
5/23/1995,11.42
5/24/1995,11.62
5/25/1995,11.74
5/26/1995,11.82
5/27/1995,11.91
5/28/1995,11.92
5/29/1995,12.07
5/30/1995,12.17
5/31/1995,12.24
6/1/1995,12.35
6/2/1995,12.46
6/3/1995,12.57
6/4/1995,12.75
6/5/1995,12.83
6/6/1995,12.93
6/7/1995,12.95
6/8/1995,12.97
6/9/1995,13.07
6/10/1995,13.14
6/11/1995,13.19
6/12/1995,13.17
6/13/1995,13.36
6/14/1995,13.4
6/15/1995,13.44
6/16/1995,13.46
6/17/1995,13.52
6/18/1995,13.66
6/19/1995,13.77
6/20/1995,14
6/21/1995,14.1
6/22/1995,14.28
6/23/1995,14.32
6/24/1995,14.39
6/25/1995,14.5
6/26/1995,14.66
6/27/1995,14.72
6/28/1995,14.75
6/29/1995,14.85
6/30/1995,14.96
7/1/1995,15.12
7/2/1995,15.25
7/3/1995,15.32
7/4/1995,15.31
7/5/1995,15.43
7/6/1995,15.45
7/7/1995,15.51
7/8/1995,15.57
7/9/1995,15.57
7/10/1995,15.71
7/11/1995,15.81
7/12/1995,15.87
7/13/1995,16
7/14/1995,16.1
7/15/1995,16.03
7/16/1995,16
7/17/1995,15.99
7/18/1995,16.01
7/19/1995,16.13
7/20/1995,16.35
7/21/1995,16.46
7/22/1995,16.62
7/23/1995,16.62
7/24/1995,16.8
7/25/1995,16.82
7/26/1995,16.83
7/27/1995,16.85
7/28/1995,16.96
7/29/1995,17.12
7/30/1995,17.18
7/31/1995,17.28
8/1/1995,17.38
8/2/1995,17.41
8/3/1995,17.43
8/4/1995,17.5
8/5/1995,17.57
8/6/1995,17.77
8/7/1995,17.79
8/8/1995,17.91
8/9/1995,18.04
8/10/1995,18.15
8/11/1995,18.16
8/12/1995,18.28
8/13/1995,18.27
8/14/1995,18.21
8/15/1995,18.21
8/16/1995,18.26
8/17/1995,18.27
8/18/1995,18.27
8/19/1995,18.33
8/20/1995,18.43
8/21/1995,18.4
8/22/1995,18.44
8/23/1995,18.45
8/24/1995,18.7
8/25/1995,18.48
8/26/1995,18.29
8/27/1995,18.28
8/28/1995,18.21
8/29/1995,18.22
8/30/1995,18.2
8/31/1995,18.3
9/1/1995,18.26
9/2/1995,18.32
9/3/1995,18.31
9/4/1995,18.41
9/5/1995,18.38
9/6/1995,18.42
9/7/1995,18.44
9/8/1995,18.41
9/9/1995,18.47
9/10/1995,18.58
9/11/1995,18.63
9/12/1995,18.66
9/13/1995,18.68
9/14/1995,18.7
9/15/1995,18.67
9/16/1995,18.67
9/17/1995,18.74
9/18/1995,18.77
9/19/1995,18.95
9/20/1995,18.82
9/21/1995,18.83
9/22/1995,18.82
9/23/1995,18.79
9/24/1995,18.86
9/25/1995,18.84
9/26/1995,19
9/27/1995,18.8
9/28/1995,18.69
9/29/1995,18.64
9/30/1995,18.7
10/1/1995,18.81
10/2/1995,18.79
10/3/1995,18.77
10/4/1995,18.72
10/5/1995,18.68
10/6/1995,18.69
10/7/1995,18.7
10/8/1995,18.68
10/9/1995,18.69
10/10/1995,18.68
10/11/1995,18.74
10/12/1995,18.74
10/13/1995,18.69
10/14/1995,18.61
10/15/1995,18.54
10/16/1995,18.47
10/17/1995,18.38
10/18/1995,18.23
10/19/1995,18.18
10/20/1995,18.19
10/21/1995,18.1
10/22/1995,18.01
10/23/1995,17.94
10/24/1995,17.8
10/25/1995,17.78
10/26/1995,17.78
10/27/1995,17.59
10/28/1995,17.52
10/29/1995,17.44
10/30/1995,17.4
10/31/1995,17.36
11/1/1995,17.29
11/2/1995,17.21
11/3/1995,17.14
11/4/1995,17.04
11/5/1995,17.01
11/6/1995,16.9
11/7/1995,16.74
11/8/1995,16.7
11/9/1995,16.72
11/10/1995,16.61
11/11/1995,16.5
11/12/1995,16.37
11/13/1995,16.3
11/14/1995,16.25
11/15/1995,16.18
11/16/1995,16.08
11/17/1995,15.94
11/18/1995,15.8
11/19/1995,15.69
11/20/1995,15.55
11/21/1995,15.36
11/22/1995,15.3
11/23/1995,15.21
11/24/1995,15.03
11/25/1995,14.89
11/26/1995,14.78
11/27/1995,14.55
11/28/1995,14.3
11/29/1995,14.11
11/30/1995,13.97
12/1/1995,13.78
12/2/1995,13.63
12/3/1995,13.39
12/4/1995,13.26
12/5/1995,13.11
12/6/1995,12.98
12/7/1995,12.81
12/8/1995,12.62
12/9/1995,12.44
12/10/1995,12.35
12/11/1995,12.11
12/12/1995,11.86
12/13/1995,11.67
12/14/1995,11.46
12/15/1995,11.25
12/16/1995,10.93
12/17/1995,10.75
12/18/1995,10.38
12/19/1995,10.05
12/20/1995,9.88
12/21/1995,9.76
12/22/1995,9.59
12/23/1995,9.37
12/24/1995,9.25
12/25/1995,9.03
12/26/1995,8.83
12/27/1995,8.71
12/28/1995,8.56
12/29/1995,8.45
12/30/1995,8.28
12/31/1995,8.11
1/1/1996,7.97
1/2/1996,7.8
1/3/1996,7.72
1/4/1996,7.62
1/5/1996,7.5
1/6/1996,7.39
1/7/1996,7.3
1/8/1996,7.19
1/9/1996,7.1
1/10/1996,6.93
1/11/1996,6.77
1/12/1996,6.57
1/13/1996,6.44
1/14/1996,6.33
1/15/1996,6.18
1/16/1996,6.06
1/17/1996,5.95
1/18/1996,5.8
1/19/1996,5.69
1/20/1996,5.54
1/21/1996,5.44
1/22/1996,5.3
1/23/1996,5.16
1/24/1996,5
1/25/1996,4.92
1/26/1996,4.78
1/27/1996,4.65
1/28/1996,4.54
1/29/1996,4.43
1/30/1996,4.26
1/31/1996,4.06
2/1/1996,3.88
2/2/1996,3.82
2/3/1996,3.72
2/4/1996,3.63
2/5/1996,3.54
2/6/1996,3.4
2/7/1996,3.39
2/8/1996,3.39
2/9/1996,3.37
2/10/1996,3.31
2/11/1996,3.23
2/12/1996,3.14
2/13/1996,3.14
2/14/1996,3.09
2/15/1996,3.03
2/16/1996,3.05
2/17/1996,3
2/18/1996,2.88
2/19/1996,2.84
2/20/1996,2.77
2/21/1996,2.8
2/22/1996,2.77
2/23/1996,2.74
2/24/1996,2.75
2/25/1996,2.74
2/26/1996,2.75
2/27/1996,2.87
2/28/1996,3.01
2/29/1996,3.01
3/1/1996,3.02
3/2/1996,3.16
3/3/1996,3.26
3/4/1996,3.24
3/5/1996,3.32
3/6/1996,3.42
3/7/1996,3.56
3/8/1996,3.7
3/9/1996,3.78
3/10/1996,3.81
3/11/1996,3.89
3/12/1996,3.98
3/13/1996,4.11
3/14/1996,4.17
3/15/1996,4.29
3/16/1996,4.41
3/17/1996,4.39
3/18/1996,4.46
3/19/1996,4.6
3/20/1996,4.71
3/21/1996,4.74
3/22/1996,4.8
3/23/1996,4.9
3/24/1996,4.99
3/25/1996,5.09
3/26/1996,5.22
3/27/1996,5.36
3/28/1996,5.48
3/29/1996,5.62
3/30/1996,5.74
3/31/1996,5.79
4/1/1996,5.84
4/2/1996,5.96
4/3/1996,6.07
4/4/1996,6.16
4/5/1996,6.23
4/6/1996,6.34
4/7/1996,6.39
4/8/1996,6.53
4/9/1996,6.65
4/10/1996,6.81
4/11/1996,6.92
4/12/1996,7.09
4/13/1996,7.19
4/14/1996,7.23
4/15/1996,7.36
4/16/1996,7.47
4/17/1996,7.65
4/18/1996,7.83
4/19/1996,7.93
4/20/1996,8.11
4/21/1996,8.19
4/22/1996,8.26
4/23/1996,8.36
4/24/1996,8.55
4/25/1996,8.7
4/26/1996,8.75
4/27/1996,8.91
4/28/1996,9.03
4/29/1996,9.14
4/30/1996,9.29
5/1/1996,9.42
5/2/1996,9.61
5/3/1996,9.72
5/4/1996,9.86
5/5/1996,10.02
5/6/1996,10.12
5/7/1996,10.26
5/8/1996,10.38
5/9/1996,10.45
5/10/1996,10.5
5/11/1996,10.53
5/12/1996,10.6
5/13/1996,10.7
5/14/1996,10.76
5/15/1996,10.98
5/16/1996,11.09
5/17/1996,11.22
5/18/1996,11.34
5/19/1996,11.46
5/20/1996,11.63
5/21/1996,11.73
5/22/1996,11.84
5/23/1996,11.95
5/24/1996,12.13
5/25/1996,12.27
5/26/1996,12.42
5/27/1996,12.42
5/28/1996,12.52
5/29/1996,12.64
5/30/1996,12.76
5/31/1996,12.91
6/1/1996,13
6/2/1996,13.07
6/3/1996,13.1
6/4/1996,13.11
6/5/1996,13.17
6/6/1996,13.24
6/7/1996,13.3
6/8/1996,13.35
6/9/1996,13.47
6/10/1996,13.56
6/11/1996,13.67
6/12/1996,13.88
6/13/1996,14.06
6/14/1996,14.14
6/15/1996,14.24
6/16/1996,14.31
6/17/1996,14.42
6/18/1996,14.46
6/19/1996,14.51
6/20/1996,14.69
6/21/1996,14.85
6/22/1996,14.8
6/23/1996,14.92
6/24/1996,15.01
6/25/1996,15.01
6/26/1996,15.05
6/27/1996,15.15
6/28/1996,15.11
6/29/1996,15.14
6/30/1996,15.2
7/1/1996,15.31
7/2/1996,15.39
7/3/1996,15.44
7/4/1996,15.49
7/5/1996,15.52
7/6/1996,15.58
7/7/1996,15.66
7/8/1996,15.71
7/9/1996,15.7
7/10/1996,15.82
7/11/1996,15.96
7/12/1996,16.06
7/13/1996,16.12
7/14/1996,16.21
7/15/1996,16.37
7/16/1996,16.55
7/17/1996,16.63
7/18/1996,16.78
7/19/1996,16.91
7/20/1996,16.96
7/21/1996,17.04
7/22/1996,17.1
7/23/1996,17.05
7/24/1996,16.99
7/25/1996,17.08
7/26/1996,17.21
7/27/1996,17.28
7/28/1996,17.32
7/29/1996,17.3
7/30/1996,17.37
7/31/1996,17.4
8/1/1996,17.41
8/2/1996,17.52
8/3/1996,17.61
8/4/1996,17.63
8/5/1996,17.64
8/6/1996,17.67
8/7/1996,17.71
8/8/1996,17.68
8/9/1996,17.61
8/10/1996,17.72
8/11/1996,17.84
8/12/1996,17.83
8/13/1996,17.87
8/14/1996,17.95
8/15/1996,18.06
8/16/1996,18.09
8/17/1996,18.12
8/18/1996,18.13
8/19/1996,18.04
8/20/1996,18.05
8/21/1996,18.03
8/22/1996,18.07
8/23/1996,18.15
8/24/1996,18.29
8/25/1996,18.51
8/26/1996,18.57
8/27/1996,18.59
8/28/1996,18.55
8/29/1996,18.62
8/30/1996,18.74
8/31/1996,18.76
9/1/1996,18.79
9/2/1996,18.81
9/3/1996,18.83
9/4/1996,18.8
9/5/1996,18.88
9/6/1996,18.94
9/7/1996,18.97
9/8/1996,19.07
9/9/1996,19.14
9/10/1996,19.12
9/11/1996,19.11
9/12/1996,19.03
9/13/1996,18.91
9/14/1996,18.83
9/15/1996,18.87
9/16/1996,18.95
9/17/1996,19
9/18/1996,19.07
9/19/1996,19.06
9/20/1996,19.07
9/21/1996,19.14
9/22/1996,19.1
9/23/1996,19.06
9/24/1996,18.97
9/25/1996,18.85
9/26/1996,18.77
9/27/1996,18.7
9/28/1996,18.65
9/29/1996,18.58
9/30/1996,18.59
10/1/1996,18.57
10/2/1996,18.59
10/3/1996,18.52
10/4/1996,18.63
10/5/1996,18.61
10/6/1996,18.58
10/7/1996,18.57
10/8/1996,18.45
10/9/1996,18.42
10/10/1996,18.36
10/11/1996,18.34
10/12/1996,18.3
10/13/1996,18.34
10/14/1996,18.31
10/15/1996,18.35
10/16/1996,18.26
10/17/1996,18.29
10/18/1996,18.28
10/19/1996,18.3
10/20/1996,18.15
10/21/1996,18.06
10/22/1996,17.93
10/23/1996,17.83
10/24/1996,17.72
10/25/1996,17.7
10/26/1996,17.68
10/27/1996,17.57
10/28/1996,17.51
10/29/1996,17.48
10/30/1996,17.48
10/31/1996,17.46
11/1/1996,17.38
11/2/1996,17.34
11/3/1996,17.33
11/4/1996,17.26
11/5/1996,17.21
11/6/1996,17.14
11/7/1996,17.04
11/8/1996,16.99
11/9/1996,16.93
11/10/1996,16.85
11/11/1996,16.76
11/12/1996,16.71
11/13/1996,16.62
11/14/1996,16.54
11/15/1996,16.41
11/16/1996,16.31
11/17/1996,16.12
11/18/1996,15.92
11/19/1996,15.78
11/20/1996,15.63
11/21/1996,15.45
11/22/1996,15.23
11/23/1996,15.01
11/24/1996,14.8
11/25/1996,14.59
11/26/1996,14.37
11/27/1996,14.21
11/28/1996,14.04
11/29/1996,13.85
11/30/1996,13.63
12/1/1996,13.39
12/2/1996,13.29
12/3/1996,13.13
12/4/1996,12.94
12/5/1996,12.72
12/6/1996,12.53
12/7/1996,12.29
12/8/1996,12.1
12/9/1996,11.86
12/10/1996,11.59
12/11/1996,11.32
12/12/1996,11.02
12/13/1996,10.72
12/14/1996,10.35
12/15/1996,10.02
12/16/1996,9.75
12/17/1996,9.51
12/18/1996,9.25
12/19/1996,9.09
12/20/1996,8.81
12/21/1996,8.62
12/22/1996,8.45
12/23/1996,8.18
12/24/1996,7.94
12/25/1996,7.75
12/26/1996,7.45
12/27/1996,7.25
12/28/1996,7.02
12/29/1996,6.9
12/30/1996,6.7
12/31/1996,6.55
1/1/1997,6.26
1/2/1997,6.13
1/3/1997,5.95
1/4/1997,5.75
1/5/1997,5.55
1/6/1997,5.39
1/7/1997,5.26
1/8/1997,5.05
1/9/1997,4.89
1/10/1997,4.77
1/11/1997,4.63
1/12/1997,4.51
1/13/1997,4.41
1/14/1997,4.31
1/15/1997,4.19
1/16/1997,4.06
1/17/1997,4.01
1/18/1997,3.97
1/19/1997,3.9
1/20/1997,3.79
1/21/1997,3.7
1/22/1997,3.64
1/23/1997,3.56
1/24/1997,3.47
1/25/1997,3.39
1/26/1997,3.34
1/27/1997,3.25
1/28/1997,3.2
1/29/1997,3.11
1/30/1997,3.08
1/31/1997,3.08
2/1/1997,3.03
2/2/1997,3
2/3/1997,2.93
2/4/1997,2.83
2/5/1997,2.78
2/6/1997,2.73
2/7/1997,2.63
2/8/1997,2.52
2/9/1997,2.5
2/10/1997,2.45
2/11/1997,2.45
2/12/1997,2.47
2/13/1997,2.44
2/14/1997,2.33
2/15/1997,2.37
2/16/1997,2.38
2/17/1997,2.32
2/18/1997,2.29
2/19/1997,2.22
2/20/1997,2.27
2/21/1997,2.34
2/22/1997,2.32
2/23/1997,2.33
2/24/1997,2.28
2/25/1997,2.3
2/26/1997,2.3
2/27/1997,2.32
2/28/1997,2.34
3/1/1997,2.45
3/2/1997,2.58
3/3/1997,2.63
3/4/1997,2.71
3/5/1997,2.76
3/6/1997,2.79
3/7/1997,2.85
3/8/1997,2.92
3/9/1997,3.04
3/10/1997,3.01
3/11/1997,3.09
3/12/1997,3.25
3/13/1997,3.33
3/14/1997,3.38
3/15/1997,3.41
3/16/1997,3.47
3/17/1997,3.51
3/18/1997,3.58
3/19/1997,3.75
3/20/1997,3.95
3/21/1997,4.1
3/22/1997,4.22
3/23/1997,4.28
3/24/1997,4.33
3/25/1997,4.41
3/26/1997,4.43
3/27/1997,4.51
3/28/1997,4.59
3/29/1997,4.71
3/30/1997,4.78
3/31/1997,4.9
4/1/1997,5.05
4/2/1997,5.14
4/3/1997,5.25
4/4/1997,5.36
4/5/1997,5.5
4/6/1997,5.64
4/7/1997,5.74
4/8/1997,5.8
4/9/1997,5.9
4/10/1997,6
4/11/1997,6.11
4/12/1997,6.27
4/13/1997,6.4
4/14/1997,6.56
4/15/1997,6.67
4/16/1997,6.8
4/17/1997,6.92
4/18/1997,7.05
4/19/1997,7.16
4/20/1997,7.23
4/21/1997,7.33
4/22/1997,7.46
4/23/1997,7.54
4/24/1997,7.6
4/25/1997,7.74
4/26/1997,7.9
4/27/1997,8.02
4/28/1997,8.16
4/29/1997,8.28
4/30/1997,8.46
5/1/1997,8.58
5/2/1997,8.76
5/3/1997,8.94
5/4/1997,9.08
5/5/1997,9.13
5/6/1997,9.25
5/7/1997,9.38
5/8/1997,9.52
5/9/1997,9.66
5/10/1997,9.78
5/11/1997,9.91
5/12/1997,10.02
5/13/1997,10.06
5/14/1997,10.17
5/15/1997,10.29
5/16/1997,10.41
5/17/1997,10.57
5/18/1997,10.66
5/19/1997,10.81
5/20/1997,10.92
5/21/1997,11.1
5/22/1997,11.15
5/23/1997,11.2
5/24/1997,11.32
5/25/1997,11.46
5/26/1997,11.43
5/27/1997,11.51
5/28/1997,11.55
5/29/1997,11.69
5/30/1997,11.88
5/31/1997,11.89
6/1/1997,11.99
6/2/1997,12.2
6/3/1997,12.36
6/4/1997,12.39
6/5/1997,12.45
6/6/1997,12.56
6/7/1997,12.75
6/8/1997,12.84
6/9/1997,12.95
6/10/1997,13.1
6/11/1997,13.22
6/12/1997,13.28
6/13/1997,13.27
6/14/1997,13.19
6/15/1997,13.33
6/16/1997,13.41
6/17/1997,13.59
6/18/1997,13.72
6/19/1997,13.77
6/20/1997,13.93
6/21/1997,14.06
6/22/1997,14.15
6/23/1997,14.23
6/24/1997,14.34
6/25/1997,14.46
6/26/1997,14.6
6/27/1997,14.68
6/28/1997,14.77
6/29/1997,14.83
6/30/1997,14.84
7/1/1997,14.89
7/2/1997,15.07
7/3/1997,15.25
7/4/1997,15.35
7/5/1997,15.39
7/6/1997,15.46
7/7/1997,15.52
7/8/1997,15.66
7/9/1997,15.69
7/10/1997,15.73
7/11/1997,15.85
7/12/1997,15.93
7/13/1997,16.08
7/14/1997,16.21
7/15/1997,16.23
7/16/1997,16.26
7/17/1997,16.32
7/18/1997,16.4
7/19/1997,16.45
7/20/1997,16.58
7/21/1997,16.75
7/22/1997,16.78
7/23/1997,16.89
7/24/1997,17.03
7/25/1997,17.08
7/26/1997,17.18
7/27/1997,17.21
7/28/1997,17.21
7/29/1997,17.24
7/30/1997,17.29
7/31/1997,17.35
8/1/1997,17.35
8/2/1997,17.42
8/3/1997,17.44
8/4/1997,17.43
8/5/1997,17.37
8/6/1997,17.33
8/7/1997,17.33
8/8/1997,17.46
8/9/1997,17.63
8/10/1997,17.69
8/11/1997,17.72
8/12/1997,17.81
8/13/1997,17.91
8/14/1997,17.99
8/15/1997,18.03
8/16/1997,18.16
8/17/1997,18.23
8/18/1997,18.29
8/19/1997,18.34
8/20/1997,18.33
8/21/1997,18.34
8/22/1997,18.29
8/23/1997,18.27
8/24/1997,18.36
8/25/1997,18.37
8/26/1997,18.39
8/27/1997,18.4
8/28/1997,18.41
8/29/1997,18.42
8/30/1997,18.51
8/31/1997,18.57
9/1/1997,18.7
9/2/1997,18.81
9/3/1997,18.85
9/4/1997,18.87
9/5/1997,18.96
9/6/1997,18.94
9/7/1997,18.94
9/8/1997,19
9/9/1997,18.99
9/10/1997,18.96
9/11/1997,18.93
9/12/1997,18.86
9/13/1997,18.84
9/14/1997,18.84
9/15/1997,18.82
9/16/1997,18.8
9/17/1997,18.8
9/18/1997,18.91
9/19/1997,18.97
9/20/1997,19.06
9/21/1997,19.09
9/22/1997,19.08
9/23/1997,19.06
9/24/1997,19.01
9/25/1997,18.97
9/26/1997,19
9/27/1997,18.97
9/28/1997,18.86
9/29/1997,18.73
9/30/1997,18.75
10/1/1997,18.75
10/2/1997,18.71
10/3/1997,18.79
10/4/1997,18.83
10/5/1997,18.8
10/6/1997,18.88
10/7/1997,18.91
10/8/1997,18.82
10/9/1997,18.73
10/10/1997,18.68
10/11/1997,18.59
10/12/1997,18.53
10/13/1997,18.51
10/14/1997,18.49
10/15/1997,18.47
10/16/1997,18.42
10/17/1997,18.26
10/18/1997,18.22
10/19/1997,18.2
10/20/1997,18.08
10/21/1997,18.03
10/22/1997,17.96
10/23/1997,17.94
10/24/1997,17.91
10/25/1997,17.92
10/26/1997,17.83
10/27/1997,17.74
10/28/1997,17.65
10/29/1997,17.56
10/30/1997,17.5
10/31/1997,17.44
11/1/1997,17.39
11/2/1997,17.39
11/3/1997,17.34
11/4/1997,17.3
11/5/1997,17.3
11/6/1997,17.2
11/7/1997,17.13
11/8/1997,17.07
11/9/1997,17.01
11/10/1997,16.86
11/11/1997,16.79
11/12/1997,16.66
11/13/1997,16.54
11/14/1997,16.41
11/15/1997,16.31
11/16/1997,16.25
11/17/1997,16.14
11/18/1997,15.98
11/19/1997,15.79
11/20/1997,15.66
11/21/1997,15.48
11/22/1997,15.32
11/23/1997,15.11
11/24/1997,14.91
11/25/1997,14.75
11/26/1997,14.51
11/27/1997,14.33
11/28/1997,14.15
11/29/1997,13.97
11/30/1997,13.83
12/1/1997,13.69
12/2/1997,13.58
12/3/1997,13.4
12/4/1997,13.26
12/5/1997,13.1
12/6/1997,12.95
12/7/1997,12.79
12/8/1997,12.59
12/9/1997,12.48
12/10/1997,12.34
12/11/1997,12.16
12/12/1997,11.91
12/13/1997,11.76
12/14/1997,11.55
12/15/1997,11.3
12/16/1997,11.02
12/17/1997,10.76
12/18/1997,10.44
12/19/1997,10.13
12/20/1997,9.81
12/21/1997,9.61
12/22/1997,9.31
12/23/1997,8.91
12/24/1997,8.6
12/25/1997,8.39
12/26/1997,7.99
12/27/1997,7.68
12/28/1997,7.4
12/29/1997,7.14
12/30/1997,6.94
12/31/1997,6.7
1/1/1998,6.55
1/2/1998,6.29
1/3/1998,6.09
1/4/1998,5.87
1/5/1998,5.71
1/6/1998,5.59
1/7/1998,5.39
1/8/1998,5.19
1/9/1998,5.06
1/10/1998,4.94
1/11/1998,4.82
1/12/1998,4.77
1/13/1998,4.63
1/14/1998,4.53
1/15/1998,4.45
1/16/1998,4.35
1/17/1998,4.29
1/18/1998,4.21
1/19/1998,4.15
1/20/1998,4.06
1/21/1998,3.97
1/22/1998,3.95
1/23/1998,3.88
1/24/1998,3.81
1/25/1998,3.83
1/26/1998,3.71
1/27/1998,3.66
1/28/1998,3.61
1/29/1998,3.57
1/30/1998,3.48
1/31/1998,3.42
2/1/1998,3.37
2/2/1998,3.3
2/3/1998,3.29
2/4/1998,3.26
2/5/1998,3.2
2/6/1998,3.19
2/7/1998,3.19
2/8/1998,3.16
2/9/1998,3.1
2/10/1998,3.04
2/11/1998,3.03
2/12/1998,3.02
2/13/1998,2.98
2/14/1998,2.94
2/15/1998,2.9
2/16/1998,2.85
2/17/1998,2.83
2/18/1998,2.81
2/19/1998,2.85
2/20/1998,2.88
2/21/1998,2.85
2/22/1998,2.8
2/23/1998,2.82
2/24/1998,2.82
2/25/1998,2.82
2/26/1998,2.85
2/27/1998,2.86
2/28/1998,2.84
3/1/1998,2.89
3/2/1998,2.92
3/3/1998,2.99
3/4/1998,3.1
3/5/1998,3.17
3/6/1998,3.24
3/7/1998,3.31
3/8/1998,3.49
3/9/1998,3.74
3/10/1998,3.85
3/11/1998,4.02
3/12/1998,4.08
3/13/1998,4.09
3/14/1998,4.14
3/15/1998,4.24
3/16/1998,4.32
3/17/1998,4.33
3/18/1998,4.46
3/19/1998,4.55
3/20/1998,4.6
3/21/1998,4.69
3/22/1998,4.84
3/23/1998,4.89
3/24/1998,4.93
3/25/1998,4.99
3/26/1998,5.14
3/27/1998,5.28
3/28/1998,5.36
3/29/1998,5.45
3/30/1998,5.56
3/31/1998,5.58
4/1/1998,5.7
4/2/1998,5.63
4/3/1998,5.67
4/4/1998,5.74
4/5/1998,5.81
4/6/1998,5.86
4/7/1998,5.95
4/8/1998,6.05
4/9/1998,6.17
4/10/1998,6.3
4/11/1998,6.37
4/12/1998,6.44
4/13/1998,6.55
4/14/1998,6.73
4/15/1998,6.93
4/16/1998,7.08
4/17/1998,7.18
4/18/1998,7.33
4/19/1998,7.42
4/20/1998,7.53
4/21/1998,7.69
4/22/1998,7.93
4/23/1998,8.22
4/24/1998,8.21
4/25/1998,8.27
4/26/1998,8.36
4/27/1998,8.51
4/28/1998,8.62
4/29/1998,8.74
4/30/1998,8.84
5/1/1998,8.93
5/2/1998,9.01
5/3/1998,9.22
5/4/1998,9.36
5/5/1998,9.47
5/6/1998,9.61
5/7/1998,9.66
5/8/1998,9.81
5/9/1998,9.94
5/10/1998,10.03
5/11/1998,10.1
5/12/1998,10.2
5/13/1998,10.26
5/14/1998,10.44
5/15/1998,10.63
5/16/1998,10.73
5/17/1998,10.86
5/18/1998,11.03
5/19/1998,11.15
5/20/1998,11.19
5/21/1998,11.2
5/22/1998,11.22
5/23/1998,11.26
5/24/1998,11.33
5/25/1998,11.44
5/26/1998,11.58
5/27/1998,11.66
5/28/1998,11.78
5/29/1998,11.92
5/30/1998,11.98
5/31/1998,12.09
6/1/1998,12.09
6/2/1998,12.24
6/3/1998,12.36
6/4/1998,12.6
6/5/1998,12.76
6/6/1998,12.93
6/7/1998,12.97
6/8/1998,13.02
6/9/1998,12.98
6/10/1998,13.08
6/11/1998,13.13
6/12/1998,13.15
6/13/1998,13.26
6/14/1998,13.32
6/15/1998,13.48
6/16/1998,13.69
6/17/1998,13.85
6/18/1998,13.95
6/19/1998,14.05
6/20/1998,14.16
6/21/1998,14.27
6/22/1998,14.48
6/23/1998,14.52
6/24/1998,14.59
6/25/1998,14.66
6/26/1998,14.77
6/27/1998,14.83
6/28/1998,14.9
6/29/1998,14.94
6/30/1998,15
7/1/1998,15.08
7/2/1998,15.11
7/3/1998,15.31
7/4/1998,15.39
7/5/1998,15.4
7/6/1998,15.5
7/7/1998,15.65
7/8/1998,15.65
7/9/1998,15.69
7/10/1998,15.66
7/11/1998,15.74
7/12/1998,15.76
7/13/1998,15.92
7/14/1998,16.04
7/15/1998,16.22
7/16/1998,16.32
7/17/1998,16.4
7/18/1998,16.45
7/19/1998,16.54
7/20/1998,16.63
7/21/1998,16.69
7/22/1998,16.7
7/23/1998,16.7
7/24/1998,16.83
7/25/1998,16.98
7/26/1998,17.11
7/27/1998,17.2
7/28/1998,17.34
7/29/1998,17.35
7/30/1998,17.36
7/31/1998,17.44
8/1/1998,17.47
8/2/1998,17.5
8/3/1998,17.53
8/4/1998,17.67
8/5/1998,17.76
8/6/1998,17.91
8/7/1998,18.03
8/8/1998,17.96
8/9/1998,17.92
8/10/1998,17.85
8/11/1998,18
8/12/1998,18.11
8/13/1998,18.16
8/14/1998,18.13
8/15/1998,18.18
8/16/1998,18.21
8/17/1998,18.23
8/18/1998,18.28
8/19/1998,18.33
8/20/1998,18.32
8/21/1998,18.4
8/22/1998,18.49
8/23/1998,18.56
8/24/1998,18.58
8/25/1998,18.64
8/26/1998,18.62
8/27/1998,18.65
8/28/1998,18.72
8/29/1998,18.8
8/30/1998,18.77
8/31/1998,18.73
9/1/1998,18.7
9/2/1998,18.66
9/3/1998,18.74
9/4/1998,18.78
9/5/1998,18.81
9/6/1998,18.87
9/7/1998,18.85
9/8/1998,18.87
9/9/1998,19.01
9/10/1998,19.05
9/11/1998,19.13
9/12/1998,19.24
9/13/1998,19.33
9/14/1998,19.45
9/15/1998,19.53
9/16/1998,19.56
9/17/1998,19.49
9/18/1998,19.47
9/19/1998,19.4
9/20/1998,19.38
9/21/1998,19.34
9/22/1998,19.35
9/23/1998,19.33
9/24/1998,19.29
9/25/1998,19.33
9/26/1998,19.29
9/27/1998,19.23
9/28/1998,19.2
9/29/1998,19.14
9/30/1998,19.17
10/1/1998,19.25
10/2/1998,19.3
10/3/1998,19.34
10/4/1998,19.34
10/5/1998,19.34
10/6/1998,19.34
10/7/1998,19.33
10/8/1998,19.24
10/9/1998,19.19
10/10/1998,19.11
10/11/1998,19.04
10/12/1998,19.06
10/13/1998,19.11
10/14/1998,19.06
10/15/1998,19.05
10/16/1998,18.98
10/17/1998,18.95
10/18/1998,18.92
10/19/1998,18.88
10/20/1998,18.77
10/21/1998,18.69
10/22/1998,18.67
10/23/1998,18.69
10/24/1998,18.63
10/25/1998,18.57
10/26/1998,18.56
10/27/1998,18.56
10/28/1998,18.46
10/29/1998,18.31
10/30/1998,18.24
10/31/1998,18.15
11/1/1998,18.05
11/2/1998,17.89
11/3/1998,17.8
11/4/1998,17.8
11/5/1998,17.68
11/6/1998,17.57
11/7/1998,17.49
11/8/1998,17.42
11/9/1998,17.26
11/10/1998,17.2
11/11/1998,17.16
11/12/1998,17.04
11/13/1998,16.91
11/14/1998,16.8
11/15/1998,16.71
11/16/1998,16.63
11/17/1998,16.53
11/18/1998,16.46
11/19/1998,16.28
11/20/1998,16.17
11/21/1998,16.04
11/22/1998,15.99
11/23/1998,15.81
11/24/1998,15.71
11/25/1998,15.61
11/26/1998,15.49
11/27/1998,15.34
11/28/1998,15.14
11/29/1998,14.97
11/30/1998,14.74
12/1/1998,14.53
12/2/1998,14.26
12/3/1998,13.99
12/4/1998,13.78
12/5/1998,13.53
12/6/1998,13.25
12/7/1998,13
12/8/1998,12.76
12/9/1998,12.59
12/10/1998,12.38
12/11/1998,12.21
12/12/1998,11.98
12/13/1998,11.8
12/14/1998,11.59
12/15/1998,11.39
12/16/1998,11.14
12/17/1998,10.85
12/18/1998,10.53
12/19/1998,10.19
12/20/1998,9.95
12/21/1998,9.69
12/22/1998,9.41
12/23/1998,9.1
12/24/1998,8.86
12/25/1998,8.61
12/26/1998,8.36
12/27/1998,8.13
12/28/1998,7.87
12/29/1998,7.58
12/30/1998,7.28
12/31/1998,7.03
1/1/1999,6.8
1/2/1999,6.57
1/3/1999,6.49
1/4/1999,6.4
1/5/1999,6.3
1/6/1999,6.19
1/7/1999,6.07
1/8/1999,5.89
1/9/1999,5.73
1/10/1999,5.61
1/11/1999,5.4
1/12/1999,5.25
1/13/1999,5.1
1/14/1999,4.93
1/15/1999,4.8
1/16/1999,4.74
1/17/1999,4.62
1/18/1999,4.51
1/19/1999,4.43
1/20/1999,4.39
1/21/1999,4.3
1/22/1999,4.15
1/23/1999,4.11
1/24/1999,4.1
1/25/1999,4.04
1/26/1999,3.99
1/27/1999,3.96
1/28/1999,3.92
1/29/1999,3.83
1/30/1999,3.75
1/31/1999,3.69
2/1/1999,3.67
2/2/1999,3.61
2/3/1999,3.6
2/4/1999,3.52
2/5/1999,3.47
2/6/1999,3.38
2/7/1999,3.25
2/8/1999,3.3
2/9/1999,3.16
2/10/1999,3.13
2/11/1999,3.04
2/12/1999,3.04
2/13/1999,3.02
2/14/1999,2.99
2/15/1999,2.95
2/16/1999,2.93
2/17/1999,2.91
2/18/1999,2.9
2/19/1999,2.91
2/20/1999,2.89
2/21/1999,2.85
2/22/1999,2.83
2/23/1999,2.81
2/24/1999,2.84
2/25/1999,2.81
2/26/1999,2.85
2/27/1999,2.86
2/28/1999,2.87
3/1/1999,2.92
3/2/1999,2.96
3/3/1999,2.96
3/4/1999,2.99
3/5/1999,3.06
3/6/1999,3.08
3/7/1999,3.11
3/8/1999,3.18
3/9/1999,3.39
3/10/1999,3.54
3/11/1999,3.62
3/12/1999,3.82
3/13/1999,3.95
3/14/1999,4.08
3/15/1999,4.24
3/16/1999,4.31
3/17/1999,4.38
3/18/1999,4.46
3/19/1999,4.47
3/20/1999,4.53
3/21/1999,4.64
3/22/1999,4.73
3/23/1999,4.82
3/24/1999,4.91
3/25/1999,4.97
3/26/1999,5.11
3/27/1999,5.21
3/28/1999,5.28
3/29/1999,5.39
3/30/1999,5.45
3/31/1999,5.53
4/1/1999,5.64
4/2/1999,5.75
4/3/1999,5.8
4/4/1999,5.96
4/5/1999,6.04
4/6/1999,6.19
4/7/1999,6.3
4/8/1999,6.4
4/9/1999,6.48
4/10/1999,6.56
4/11/1999,6.7
4/12/1999,6.79
4/13/1999,6.86
4/14/1999,6.96
4/15/1999,7.09
4/16/1999,7.18
4/17/1999,7.36
4/18/1999,7.37
4/19/1999,7.42
4/20/1999,7.49
4/21/1999,7.58
4/22/1999,7.65
4/23/1999,7.78
4/24/1999,7.89
4/25/1999,8
4/26/1999,8.1
4/27/1999,8.21
4/28/1999,8.34
4/29/1999,8.53
4/30/1999,8.7
5/1/1999,8.85
5/2/1999,8.91
5/3/1999,9.01
5/4/1999,9.14
5/5/1999,9.26
5/6/1999,9.37
5/7/1999,9.47
5/8/1999,9.62
5/9/1999,9.77
5/10/1999,9.91
5/11/1999,10.08
5/12/1999,10.17
5/13/1999,10.24
5/14/1999,10.32
5/15/1999,10.29
5/16/1999,10.4
5/17/1999,10.49
5/18/1999,10.63
5/19/1999,10.76
5/20/1999,10.91
5/21/1999,11.12
5/22/1999,11.27
5/23/1999,11.36
5/24/1999,11.47
5/25/1999,11.58
5/26/1999,11.7
5/27/1999,11.83
5/28/1999,11.98
5/29/1999,12.14
5/30/1999,12.27
5/31/1999,12.44
6/1/1999,12.55
6/2/1999,12.64
6/3/1999,12.78
6/4/1999,12.85
6/5/1999,12.94
6/6/1999,13
6/7/1999,13.08
6/8/1999,13.26
6/9/1999,13.46
6/10/1999,13.65
6/11/1999,13.67
6/12/1999,13.66
6/13/1999,13.72
6/14/1999,13.76
6/15/1999,13.88
6/16/1999,13.97
6/17/1999,14.05
6/18/1999,14.1
6/19/1999,14.19
6/20/1999,14.23
6/21/1999,14.38
6/22/1999,14.51
6/23/1999,14.6
6/24/1999,14.77
6/25/1999,14.89
6/26/1999,15.02
6/27/1999,15.13
6/28/1999,15.35
6/29/1999,15.49
6/30/1999,15.53
7/1/1999,15.64
7/2/1999,15.67
7/3/1999,15.7
7/4/1999,15.73
7/5/1999,15.75
7/6/1999,15.83
7/7/1999,15.95
7/8/1999,16.13
7/9/1999,16.19
7/10/1999,16.28
7/11/1999,16.31
7/12/1999,16.43
7/13/1999,16.55
7/14/1999,16.56
7/15/1999,16.56
7/16/1999,16.61
7/17/1999,16.64
7/18/1999,16.74
7/19/1999,16.78
7/20/1999,16.81
7/21/1999,16.93
7/22/1999,17.08
7/23/1999,17.28
7/24/1999,17.39
7/25/1999,17.34
7/26/1999,17.37
7/27/1999,17.29
7/28/1999,17.29
7/29/1999,17.36
7/30/1999,17.49
7/31/1999,17.51
8/1/1999,17.56
8/2/1999,17.62
8/3/1999,17.67
8/4/1999,17.74
8/5/1999,17.78
8/6/1999,17.82
8/7/1999,17.96
8/8/1999,18.07
8/9/1999,18.12
8/10/1999,18.23
8/11/1999,18.31
8/12/1999,18.35
8/13/1999,18.36
8/14/1999,18.41
8/15/1999,18.37
8/16/1999,18.33
8/17/1999,18.33
8/18/1999,18.33
8/19/1999,18.44
8/20/1999,18.49
8/21/1999,18.53
8/22/1999,18.55
8/23/1999,18.58
8/24/1999,18.6
8/25/1999,18.66
8/26/1999,18.72
8/27/1999,18.71
8/28/1999,18.72
8/29/1999,18.66
8/30/1999,18.65
8/31/1999,18.68
9/1/1999,18.71
9/2/1999,18.78
9/3/1999,18.91
9/4/1999,18.95
9/5/1999,18.91
9/6/1999,18.93
9/7/1999,18.93
9/8/1999,19.01
9/9/1999,18.98
9/10/1999,18.94
9/11/1999,18.99
9/12/1999,18.94
9/13/1999,18.93
9/14/1999,18.97
9/15/1999,19.01
9/16/1999,19.02
9/17/1999,18.95
9/18/1999,18.95
9/19/1999,18.95
9/20/1999,18.98
9/21/1999,19.06
9/22/1999,19.02
9/23/1999,19.11
9/24/1999,19.13
9/25/1999,19.17
9/26/1999,19.17
9/27/1999,19.18
9/28/1999,19.23
9/29/1999,19.24
9/30/1999,19.23
10/1/1999,19.14
10/2/1999,19.08
10/3/1999,19.04
10/4/1999,19.03
10/5/1999,18.99
10/6/1999,18.9
10/7/1999,18.83
10/8/1999,18.82
10/9/1999,18.76
10/10/1999,18.73
10/11/1999,18.72
10/12/1999,18.66
10/13/1999,18.67
10/14/1999,18.67
10/15/1999,18.7
10/16/1999,18.8
10/17/1999,18.79
10/18/1999,18.74
10/19/1999,18.64
10/20/1999,18.6
10/21/1999,18.52
10/22/1999,18.51
10/23/1999,18.39
10/24/1999,18.31
10/25/1999,18.25
10/26/1999,18.15
10/27/1999,18.02
10/28/1999,17.92
10/29/1999,17.78
10/30/1999,17.72
10/31/1999,17.67
11/1/1999,17.6
11/2/1999,17.53
11/3/1999,17.44
11/4/1999,17.32
11/5/1999,17.29
11/6/1999,17.22
11/7/1999,17.14
11/8/1999,17.02
11/9/1999,16.92
11/10/1999,16.83
11/11/1999,16.74
11/12/1999,16.7
11/13/1999,16.61
11/14/1999,16.55
11/15/1999,16.45
11/16/1999,16.29
11/17/1999,16.12
11/18/1999,16.05
11/19/1999,15.91
11/20/1999,15.84
11/21/1999,15.8
11/22/1999,15.7
11/23/1999,15.65
11/24/1999,15.57
11/25/1999,15.41
11/26/1999,15.23
11/27/1999,14.96
11/28/1999,14.82
11/29/1999,14.63
11/30/1999,14.49
12/1/1999,14.31
12/2/1999,14.15
12/3/1999,13.98
12/4/1999,13.81
12/5/1999,13.62
12/6/1999,13.44
12/7/1999,13.26
12/8/1999,13.09
12/9/1999,12.91
12/10/1999,12.76
12/11/1999,12.55
12/12/1999,12.32
12/13/1999,12.06
12/14/1999,11.88
12/15/1999,11.6
12/16/1999,11.22
12/17/1999,10.99
12/18/1999,10.74
12/19/1999,10.41
12/20/1999,10.03
12/21/1999,9.71
12/22/1999,9.45
12/23/1999,9.23
12/24/1999,9.1
12/25/1999,8.88
12/26/1999,8.7
12/27/1999,8.51
12/28/1999,8.25
12/29/1999,7.98
12/30/1999,7.77
12/31/1999,7.51
1/1/2000,7.31
1/2/2000,7
1/3/2000,6.71
1/4/2000,6.49
1/5/2000,6.25
1/6/2000,6.08
1/7/2000,5.92
1/8/2000,5.73
1/9/2000,5.53
1/10/2000,5.38
1/11/2000,5.25
1/12/2000,5.15
1/13/2000,5.05
1/14/2000,4.92
1/15/2000,4.83
1/16/2000,4.75
1/17/2000,4.62
1/18/2000,4.54
1/19/2000,4.44
1/20/2000,4.37
1/21/2000,4.29
1/22/2000,4.19
1/23/2000,4.08
1/24/2000,4
1/25/2000,3.88
1/26/2000,3.86
1/27/2000,3.79
1/28/2000,3.73
1/29/2000,3.67
1/30/2000,3.63
1/31/2000,3.59
2/1/2000,3.49
2/2/2000,3.38
2/3/2000,3.29
2/4/2000,3.22
2/5/2000,3.17
2/6/2000,3.12
2/7/2000,3.07
2/8/2000,3.03
2/9/2000,3
2/10/2000,2.99
2/11/2000,2.95
2/12/2000,2.91
2/13/2000,2.88
2/14/2000,2.86
2/15/2000,2.79
2/16/2000,2.78
2/17/2000,2.77
2/18/2000,2.75
2/19/2000,2.85
2/20/2000,2.85
2/21/2000,2.89
2/22/2000,3.01
2/23/2000,2.99
2/24/2000,2.97
2/25/2000,2.97
2/26/2000,3.08
2/27/2000,3.13
2/28/2000,3.14
2/29/2000,3.17
3/1/2000,3.24
3/2/2000,3.29
3/3/2000,3.43
3/4/2000,3.49
3/5/2000,3.49
3/6/2000,3.51
3/7/2000,3.64
3/8/2000,3.73
3/9/2000,3.79
3/10/2000,3.87
3/11/2000,3.93
3/12/2000,3.93
3/13/2000,3.96
3/14/2000,4.05
3/15/2000,4.12
3/16/2000,4.19
3/17/2000,4.32
3/18/2000,4.51
3/19/2000,4.51
3/20/2000,4.53
3/21/2000,4.62
3/22/2000,4.68
3/23/2000,4.74
3/24/2000,4.81
3/25/2000,4.86
3/26/2000,4.96
3/27/2000,5.09
3/28/2000,5.23
3/29/2000,5.35
3/30/2000,5.39
3/31/2000,5.47
4/1/2000,5.58
4/2/2000,5.7
4/3/2000,5.77
4/4/2000,5.88
4/5/2000,5.99
4/6/2000,6.04
4/7/2000,6.21
4/8/2000,6.4
4/9/2000,6.53
4/10/2000,6.71
4/11/2000,6.85
4/12/2000,6.98
4/13/2000,7.09
4/14/2000,7.21
4/15/2000,7.31
4/16/2000,7.52
4/17/2000,7.61
4/18/2000,7.74
4/19/2000,7.89
4/20/2000,8.05
4/21/2000,8.17
4/22/2000,8.28
4/23/2000,8.32
4/24/2000,8.45
4/25/2000,8.59
4/26/2000,8.7
4/27/2000,8.8
4/28/2000,8.92
4/29/2000,9.03
4/30/2000,9.13
5/1/2000,9.26
5/2/2000,9.4
5/3/2000,9.56
5/4/2000,9.7
5/5/2000,9.89
5/6/2000,10.01
5/7/2000,10.08
5/8/2000,10.26
5/9/2000,10.43
5/10/2000,10.58
5/11/2000,10.65
5/12/2000,10.8
5/13/2000,10.89
5/14/2000,11.02
5/15/2000,11.1
5/16/2000,11.22
5/17/2000,11.33
5/18/2000,11.46
5/19/2000,11.59
5/20/2000,11.73
5/21/2000,11.94
5/22/2000,12.11
5/23/2000,12.21
5/24/2000,12.25
5/25/2000,12.33
5/26/2000,12.44
5/27/2000,12.54
5/28/2000,12.6
5/29/2000,12.67
5/30/2000,12.72
5/31/2000,12.78
6/1/2000,12.8
6/2/2000,12.84
6/3/2000,12.91
6/4/2000,13.06
6/5/2000,13.32
6/6/2000,13.47
6/7/2000,13.62
6/8/2000,13.69
6/9/2000,13.72
6/10/2000,13.74
6/11/2000,13.88
6/12/2000,14
6/13/2000,14.13
6/14/2000,14.22
6/15/2000,14.23
6/16/2000,14.29
6/17/2000,14.37
6/18/2000,14.46
6/19/2000,14.55
6/20/2000,14.56
6/21/2000,14.65
6/22/2000,14.77
6/23/2000,14.87
6/24/2000,14.91
6/25/2000,14.93
6/26/2000,14.89
6/27/2000,14.95
6/28/2000,15.1
6/29/2000,15.22
6/30/2000,15.38
7/1/2000,15.52
7/2/2000,15.62
7/3/2000,15.63
7/4/2000,15.8
7/5/2000,15.84
7/6/2000,15.97
7/7/2000,16.1
7/8/2000,16.12
7/9/2000,16.19
7/10/2000,16.13
7/11/2000,16.08
7/12/2000,16.12
7/13/2000,16.19
7/14/2000,16.24
7/15/2000,16.33
7/16/2000,16.43
7/17/2000,16.47
7/18/2000,16.54
7/19/2000,16.61
7/20/2000,16.67
7/21/2000,16.7
7/22/2000,16.76
7/23/2000,16.85
7/24/2000,16.86
7/25/2000,16.91
7/26/2000,16.95
7/27/2000,17.01
7/28/2000,17.28
7/29/2000,17.59
7/30/2000,17.71
7/31/2000,17.68
8/1/2000,17.74
8/2/2000,17.96
8/3/2000,18.06
8/4/2000,18.19
8/5/2000,18.32
8/6/2000,18.41
8/7/2000,18.43
8/8/2000,18.49
8/9/2000,18.52
8/10/2000,18.55
8/11/2000,18.51
8/12/2000,18.52
8/13/2000,18.53
8/14/2000,18.54
8/15/2000,18.67
8/16/2000,18.8
8/17/2000,18.77
8/18/2000,18.78
8/19/2000,18.78
8/20/2000,18.75
8/21/2000,18.71
8/22/2000,18.65
8/23/2000,18.7
8/24/2000,18.71
8/25/2000,18.8
8/26/2000,18.8
8/27/2000,18.83
8/28/2000,18.79
8/29/2000,18.8
8/30/2000,18.79
8/31/2000,18.81
9/1/2000,18.88
9/2/2000,18.94
9/3/2000,18.94
9/4/2000,19
9/5/2000,19.02
9/6/2000,19.09
9/7/2000,19.3
9/8/2000,19.37
9/9/2000,19.37
9/10/2000,19.32
9/11/2000,19.26
9/12/2000,19.28
9/13/2000,19.3
9/14/2000,19.21
9/15/2000,19.19
9/16/2000,19.15
9/17/2000,19.09
9/18/2000,19.07
9/19/2000,19.19
9/20/2000,19.24
9/21/2000,19.26
9/22/2000,19.28
9/23/2000,19.29
9/24/2000,19.3
9/25/2000,19.31
9/26/2000,19.34
9/27/2000,19.38
9/28/2000,19.39
9/29/2000,19.36
9/30/2000,19.27
10/1/2000,19.17
10/2/2000,19.04
10/3/2000,18.99
10/4/2000,18.9
10/5/2000,18.93
10/6/2000,18.95
10/7/2000,18.95
10/8/2000,18.94
10/9/2000,18.88
10/10/2000,18.79
10/11/2000,18.8
10/12/2000,18.59
10/13/2000,18.5
10/14/2000,18.45
10/15/2000,18.37
10/16/2000,18.3
10/17/2000,18.29
10/18/2000,18.24
10/19/2000,18.15
10/20/2000,18.07
10/21/2000,18.04
10/22/2000,18
10/23/2000,17.99
10/24/2000,17.92
10/25/2000,17.87
10/26/2000,17.84
10/27/2000,17.81
10/28/2000,17.8
10/29/2000,17.66
10/30/2000,17.57
10/31/2000,17.44
11/1/2000,17.4
11/2/2000,17.36
11/3/2000,17.3
11/4/2000,17.24
11/5/2000,17.18
11/6/2000,17.07
11/7/2000,17
11/8/2000,16.88
11/9/2000,16.81
11/10/2000,16.76
11/11/2000,16.66
11/12/2000,16.62
11/13/2000,16.57
11/14/2000,16.5
11/15/2000,16.33
11/16/2000,16.16
11/17/2000,15.96
11/18/2000,15.87
11/19/2000,15.77
11/20/2000,15.71
11/21/2000,15.57
11/22/2000,15.4
11/23/2000,15.26
11/24/2000,15.11
11/25/2000,14.92
11/26/2000,14.75
11/27/2000,14.54
11/28/2000,14.33
11/29/2000,14.18
11/30/2000,13.99
12/1/2000,13.77
12/2/2000,13.35
12/3/2000,13.31
12/4/2000,13.08
12/5/2000,12.85
12/6/2000,12.65
12/7/2000,12.46
12/8/2000,12.26
12/9/2000,11.98
12/10/2000,11.71
12/11/2000,11.42
12/12/2000,11.14
12/13/2000,10.91
12/14/2000,10.63
12/15/2000,10.34
12/16/2000,10.09
12/17/2000,9.82
12/18/2000,9.58
12/19/2000,9.28
12/20/2000,9.09
12/21/2000,8.88
12/22/2000,8.67
12/23/2000,8.48
12/24/2000,8.32
12/25/2000,8.15
12/26/2000,8.01
12/27/2000,7.8
12/28/2000,7.63
12/29/2000,7.48
12/30/2000,7.27
12/31/2000,7.08
1/1/2001,6.9
1/2/2001,6.68
1/3/2001,6.53
1/4/2001,6.42
1/5/2001,6.32
1/6/2001,6.18
1/7/2001,6.1
1/8/2001,6.03
1/9/2001,5.92
1/10/2001,5.81
1/11/2001,5.73
1/12/2001,5.64
1/13/2001,5.56
1/14/2001,5.48
1/15/2001,5.39
1/16/2001,5.33
1/17/2001,5.26
1/18/2001,5.18
1/19/2001,5.14
1/20/2001,5.04
1/21/2001,4.94
1/22/2001,4.86
1/23/2001,4.78
1/24/2001,4.71
1/25/2001,4.68
1/26/2001,4.67
1/27/2001,4.59
1/28/2001,4.55
1/29/2001,4.45
1/30/2001,4.39
1/31/2001,4.31
2/1/2001,4.23
2/2/2001,4.12
2/3/2001,4.04
2/4/2001,3.98
2/5/2001,3.89
2/6/2001,3.79
2/7/2001,3.75
2/8/2001,3.71
2/9/2001,3.69
2/10/2001,3.65
2/11/2001,3.63
2/12/2001,3.62
2/13/2001,3.63
2/14/2001,3.58
2/15/2001,3.58
2/16/2001,3.6
2/17/2001,3.56
2/18/2001,3.52
2/19/2001,3.52
2/20/2001,3.57
2/21/2001,3.6
2/22/2001,3.59
2/23/2001,3.6
2/24/2001,3.64
2/25/2001,3.71
2/26/2001,3.74
2/27/2001,3.79
2/28/2001,3.86
3/1/2001,3.89
3/2/2001,3.99
3/3/2001,3.95
3/4/2001,4
3/5/2001,4.1
3/6/2001,4.18
3/7/2001,4.28
3/8/2001,4.33
3/9/2001,4.44
3/10/2001,4.54
3/11/2001,4.59
3/12/2001,4.64
3/13/2001,4.74
3/14/2001,4.75
3/15/2001,4.77
3/16/2001,4.84
3/17/2001,4.9
3/18/2001,4.95
3/19/2001,5.02
3/20/2001,5.13
3/21/2001,5.16
3/22/2001,5.22
3/23/2001,5.29
3/24/2001,5.34
3/25/2001,5.39
3/26/2001,5.49
3/27/2001,5.55
3/28/2001,5.59
3/29/2001,5.67
3/30/2001,5.73
3/31/2001,5.78
4/1/2001,5.85
4/2/2001,5.85
4/3/2001,5.95
4/4/2001,6.04
4/5/2001,6.09
4/6/2001,6.21
4/7/2001,6.33
4/8/2001,6.41
4/9/2001,6.54
4/10/2001,6.7
4/11/2001,6.75
4/12/2001,6.8
4/13/2001,6.96
4/14/2001,7.07
4/15/2001,7.21
4/16/2001,7.33
4/17/2001,7.43
4/18/2001,7.54
4/19/2001,7.62
4/20/2001,7.71
4/21/2001,7.83
4/22/2001,7.91
4/23/2001,8.01
4/24/2001,8.12
4/25/2001,8.26
4/26/2001,8.41
4/27/2001,8.46
4/28/2001,8.55
4/29/2001,8.7
4/30/2001,8.85
5/1/2001,9.02
5/2/2001,9.15
5/3/2001,9.25
5/4/2001,9.37
5/5/2001,9.47
5/6/2001,9.67
5/7/2001,9.72
5/8/2001,9.83
5/9/2001,9.92
5/10/2001,10.02
5/11/2001,10.06
5/12/2001,10.16
5/13/2001,10.26
5/14/2001,10.41
5/15/2001,10.51
5/16/2001,10.65
5/17/2001,10.76
5/18/2001,10.87
5/19/2001,10.97
5/20/2001,11.01
5/21/2001,11.13
5/22/2001,11.19
5/23/2001,11.33
5/24/2001,11.44
5/25/2001,11.51
5/26/2001,11.59
5/27/2001,11.62
5/28/2001,11.75
5/29/2001,11.9
5/30/2001,11.96
5/31/2001,12.04
6/1/2001,12.18
6/2/2001,12.3
6/3/2001,12.34
6/4/2001,12.36
6/5/2001,12.43
6/6/2001,12.65
6/7/2001,12.85
6/8/2001,12.95
6/9/2001,13.02
6/10/2001,13.13
6/11/2001,13.28
6/12/2001,13.48
6/13/2001,13.62
6/14/2001,13.76
6/15/2001,13.81
6/16/2001,13.88
6/17/2001,13.95
6/18/2001,14.05
6/19/2001,14.19
6/20/2001,14.3
6/21/2001,14.38
6/22/2001,14.49
6/23/2001,14.61
6/24/2001,14.64
6/25/2001,14.62
6/26/2001,14.66
6/27/2001,14.76
6/28/2001,14.87
6/29/2001,14.97
6/30/2001,15.04
7/1/2001,15.13
7/2/2001,15.27
7/3/2001,15.34
7/4/2001,15.33
7/5/2001,15.35
7/6/2001,15.43
7/7/2001,15.57
7/8/2001,15.67
7/9/2001,15.73
7/10/2001,15.84
7/11/2001,15.94
7/12/2001,15.91
7/13/2001,15.94
7/14/2001,16.07
7/15/2001,16.06
7/16/2001,16.08
7/17/2001,16.11
7/18/2001,16.22
7/19/2001,16.25
7/20/2001,16.33
7/21/2001,16.49
7/22/2001,16.57
7/23/2001,16.66
7/24/2001,16.79
7/25/2001,16.9
7/26/2001,17.01
7/27/2001,17.17
7/28/2001,17.32
7/29/2001,17.26
7/30/2001,17.26
7/31/2001,17.27
8/1/2001,17.31
8/2/2001,17.39
8/3/2001,17.48
8/4/2001,17.53
8/5/2001,17.5
8/6/2001,17.52
8/7/2001,17.58
8/8/2001,17.6
8/9/2001,17.63
8/10/2001,17.63
8/11/2001,17.63
8/12/2001,17.64
8/13/2001,17.7
8/14/2001,17.78
8/15/2001,17.89
8/16/2001,17.95
8/17/2001,17.96
8/18/2001,17.91
8/19/2001,17.9
8/20/2001,17.86
8/21/2001,17.81
8/22/2001,17.88
8/23/2001,17.89
8/24/2001,17.81
8/25/2001,17.77
8/26/2001,17.77
8/27/2001,17.82
8/28/2001,17.74
8/29/2001,17.85
8/30/2001,17.81
8/31/2001,17.81
9/1/2001,17.89
9/2/2001,17.88
9/3/2001,18
9/4/2001,18.1
9/5/2001,18.07
9/6/2001,18.08
9/7/2001,18.16
9/8/2001,18.26
9/9/2001,18.31
9/10/2001,18.45
9/11/2001,18.5
9/12/2001,18.52
9/13/2001,18.54
9/14/2001,18.56
9/15/2001,18.54
9/16/2001,18.51
9/17/2001,18.55
9/18/2001,18.6
9/19/2001,18.71
9/20/2001,18.71
9/21/2001,18.78
9/22/2001,18.76
9/23/2001,18.71
9/24/2001,18.69
9/25/2001,18.69
9/26/2001,18.65
9/27/2001,18.68
9/28/2001,18.67
9/29/2001,18.65
9/30/2001,18.6
10/1/2001,18.51
10/2/2001,18.51
10/3/2001,18.44
10/4/2001,18.29
10/5/2001,18.25
10/6/2001,18.21
10/7/2001,18.22
10/8/2001,18.19
10/9/2001,18.15
10/10/2001,18.13
10/11/2001,18.05
10/12/2001,18.02
10/13/2001,18.01
10/14/2001,18.02
10/15/2001,17.99
10/16/2001,17.99
10/17/2001,17.97
10/18/2001,17.99
10/19/2001,18
10/20/2001,17.93
10/21/2001,17.81
10/22/2001,17.74
10/23/2001,17.69
10/24/2001,17.65
10/25/2001,17.6
10/26/2001,17.57
10/27/2001,17.5
10/28/2001,17.47
10/29/2001,17.4
10/30/2001,17.38
10/31/2001,17.28
11/1/2001,17.19
11/2/2001,17.16
11/3/2001,17.07
11/4/2001,16.96
11/5/2001,16.91
11/6/2001,16.84
11/7/2001,16.74
11/8/2001,16.63
11/9/2001,16.55
11/10/2001,16.48
11/11/2001,16.39
11/12/2001,16.34
11/13/2001,16.3
11/14/2001,16.13
11/15/2001,16.14
11/16/2001,16.04
11/17/2001,15.82
11/18/2001,15.74
11/19/2001,15.72
11/20/2001,15.54
11/21/2001,15.43
11/22/2001,15.29
11/23/2001,15.11
11/24/2001,14.97
11/25/2001,14.82
11/26/2001,14.67
11/27/2001,14.59
11/28/2001,14.46
11/29/2001,14.36
11/30/2001,14.18
12/1/2001,14.05
12/2/2001,13.85
12/3/2001,13.66
12/4/2001,13.55
12/5/2001,13.31
12/6/2001,13
12/7/2001,12.86
12/8/2001,12.56
12/9/2001,12.27
12/10/2001,12.04
12/11/2001,11.86
12/12/2001,11.67
12/13/2001,11.45
12/14/2001,11.19
12/15/2001,10.91
12/16/2001,10.69
12/17/2001,10.53
12/18/2001,10.25
12/19/2001,10.04
12/20/2001,9.81
12/21/2001,9.61
12/22/2001,9.35
12/23/2001,9.17
12/24/2001,8.99
12/25/2001,8.82
12/26/2001,8.59
12/27/2001,8.36
12/28/2001,8.19
12/29/2001,8.03
12/30/2001,7.79
12/31/2001,7.51
1/1/2002,7.21
1/2/2002,7.01
1/3/2002,6.88
1/4/2002,6.62
1/5/2002,6.41
1/6/2002,6.21
1/7/2002,6.09
1/8/2002,5.89
1/9/2002,5.64
1/10/2002,5.48
1/11/2002,5.38
1/12/2002,5.22
1/13/2002,5.08
1/14/2002,5
1/15/2002,4.83
1/16/2002,4.68
1/17/2002,4.55
1/18/2002,4.44
1/19/2002,4.37
1/20/2002,4.34
1/21/2002,4.26
1/22/2002,4.16
1/23/2002,4.04
1/24/2002,3.96
1/25/2002,3.88
1/26/2002,3.86
1/27/2002,3.8
1/28/2002,3.76
1/29/2002,3.68
1/30/2002,3.61
1/31/2002,3.52
2/1/2002,3.51
2/2/2002,3.49
2/3/2002,3.42
2/4/2002,3.37
2/5/2002,3.33
2/6/2002,3.26
2/7/2002,3.16
2/8/2002,3.1
2/9/2002,3.06
2/10/2002,3.01
2/11/2002,3.05
2/12/2002,3
2/13/2002,2.89
2/14/2002,2.84
2/15/2002,2.85
2/16/2002,2.81
2/17/2002,2.86
2/18/2002,2.86
2/19/2002,2.85
2/20/2002,2.85
2/21/2002,2.84
2/22/2002,2.81
2/23/2002,2.83
2/24/2002,2.91
2/25/2002,2.95
2/26/2002,3.02
2/27/2002,3.05
2/28/2002,3.14
3/1/2002,3.2
3/2/2002,3.25
3/3/2002,3.29
3/4/2002,3.22
3/5/2002,3.28
3/6/2002,3.33
3/7/2002,3.39
3/8/2002,3.44
3/9/2002,3.52
3/10/2002,3.55
3/11/2002,3.66
3/12/2002,3.77
3/13/2002,3.78
3/14/2002,3.8
3/15/2002,3.79
3/16/2002,3.86
3/17/2002,3.95
3/18/2002,3.96
3/19/2002,4.07
3/20/2002,4.07
3/21/2002,4.15
3/22/2002,4.19
3/23/2002,4.26
3/24/2002,4.31
3/25/2002,4.38
3/26/2002,4.47
3/27/2002,4.49
3/28/2002,4.55
3/29/2002,4.62
3/30/2002,4.72
3/31/2002,4.73
4/1/2002,4.8
4/2/2002,4.89
4/3/2002,4.95
4/4/2002,5.05
4/5/2002,5.2
4/6/2002,5.43
4/7/2002,5.51
4/8/2002,5.64
4/9/2002,5.69
4/10/2002,5.82
4/11/2002,5.93
4/12/2002,6.04
4/13/2002,6.21
4/14/2002,6.33
4/15/2002,6.43
4/16/2002,6.59
4/17/2002,6.73
4/18/2002,6.94
4/19/2002,7.06
4/20/2002,7.19
4/21/2002,7.31
4/22/2002,7.43
4/23/2002,7.6
4/24/2002,7.7
4/25/2002,7.71
4/26/2002,7.9
4/27/2002,8.09
4/28/2002,8.27
4/29/2002,8.45
4/30/2002,8.55
5/1/2002,8.64
5/2/2002,8.69
5/3/2002,8.76
5/4/2002,8.87
5/5/2002,8.92
5/6/2002,9
5/7/2002,9.02
5/8/2002,9.15
5/9/2002,9.2
5/10/2002,9.23
5/11/2002,9.26
5/12/2002,9.34
5/13/2002,9.4
5/14/2002,9.45
5/15/2002,9.53
5/16/2002,9.66
5/17/2002,9.87
5/18/2002,9.94
5/19/2002,10.04
5/20/2002,10.19
5/21/2002,10.3
5/22/2002,10.44
5/23/2002,10.56
5/24/2002,10.58
5/25/2002,10.63
5/26/2002,10.65
5/27/2002,10.66
5/28/2002,10.77
5/29/2002,10.94
5/30/2002,10.98
5/31/2002,11.09
6/1/2002,11.25
6/2/2002,11.31
6/3/2002,11.46
6/4/2002,11.54
6/5/2002,11.66
6/6/2002,11.73
6/7/2002,11.77
6/8/2002,11.84
6/9/2002,11.9
6/10/2002,11.99
6/11/2002,12.12
6/12/2002,12.23
6/13/2002,12.34
6/14/2002,12.42
6/15/2002,12.64
6/16/2002,12.85
6/17/2002,13.04
6/18/2002,13.18
6/19/2002,13.28
6/20/2002,13.31
6/21/2002,13.39
6/22/2002,13.61
6/23/2002,13.71
6/24/2002,13.72
6/25/2002,13.76
6/26/2002,13.93
6/27/2002,14.01
6/28/2002,14.03
6/29/2002,14.17
6/30/2002,14.28
7/1/2002,14.32
7/2/2002,14.41
7/3/2002,14.49
7/4/2002,14.66
7/5/2002,14.78
7/6/2002,14.95
7/7/2002,15.04
7/8/2002,15.04
7/9/2002,15.11
7/10/2002,15.18
7/11/2002,15.28
7/12/2002,15.45
7/13/2002,15.57
7/14/2002,15.69
7/15/2002,15.77
7/16/2002,15.76
7/17/2002,15.8
7/18/2002,15.91
7/19/2002,16.03
7/20/2002,16.19
7/21/2002,16.27
7/22/2002,16.33
7/23/2002,16.41
7/24/2002,16.57
7/25/2002,16.58
7/26/2002,16.66
7/27/2002,16.67
7/28/2002,16.68
7/29/2002,16.7
7/30/2002,16.73
7/31/2002,16.78
8/1/2002,16.77
8/2/2002,16.88
8/3/2002,16.9
8/4/2002,16.86
8/5/2002,16.9
8/6/2002,16.87
8/7/2002,16.86
8/8/2002,16.92
8/9/2002,17.08
8/10/2002,17.16
8/11/2002,17.16
8/12/2002,17.22
8/13/2002,17.23
8/14/2002,17.26
8/15/2002,17.29
8/16/2002,17.3
8/17/2002,17.29
8/18/2002,17.32
8/19/2002,17.43
8/20/2002,17.57
8/21/2002,17.62
8/22/2002,17.74
8/23/2002,17.86
8/24/2002,17.95
8/25/2002,17.92
8/26/2002,17.97
8/27/2002,18.04
8/28/2002,18.12
8/29/2002,18.2
8/30/2002,18.16
8/31/2002,18.2
9/1/2002,18.36
9/2/2002,18.29
9/3/2002,18.16
9/4/2002,18.15
9/5/2002,18.23
9/6/2002,18.3
9/7/2002,18.35
9/8/2002,18.4
9/9/2002,18.41
9/10/2002,18.36
9/11/2002,18.3
9/12/2002,18.25
9/13/2002,18.27
9/14/2002,18.2
9/15/2002,18.18
9/16/2002,18.17
9/17/2002,18.18
9/18/2002,18.09
9/19/2002,18.04
9/20/2002,18.07
9/21/2002,18
9/22/2002,18.02
9/23/2002,18.07
9/24/2002,18.06
9/25/2002,18.05
9/26/2002,18.07
9/27/2002,18.12
9/28/2002,18.11
9/29/2002,18.15
9/30/2002,18.14
10/1/2002,18.14
10/2/2002,18.16
10/3/2002,18.19
10/4/2002,18.23
10/5/2002,18.26
10/6/2002,18.3
10/7/2002,18.29
10/8/2002,18.28
10/9/2002,18.29
10/10/2002,18.33
10/11/2002,18.31
10/12/2002,18.31
10/13/2002,18.25
10/14/2002,18.26
10/15/2002,18.25
10/16/2002,18.24
10/17/2002,18.15
10/18/2002,18.14
10/19/2002,18.14
10/20/2002,18.13
10/21/2002,18.16
10/22/2002,18.2
10/23/2002,18.16
10/24/2002,18.14
10/25/2002,17.99
10/26/2002,17.88
10/27/2002,17.81
10/28/2002,17.8
10/29/2002,17.74
10/30/2002,17.73
10/31/2002,17.67
11/1/2002,17.59
11/2/2002,17.45
11/3/2002,17.29
11/4/2002,17.12
11/5/2002,17.05
11/6/2002,17.04
11/7/2002,16.9
11/8/2002,16.83
11/9/2002,16.67
11/10/2002,16.61
11/11/2002,16.44
11/12/2002,16.34
11/13/2002,16.19
11/14/2002,16.04
11/15/2002,15.91
11/16/2002,15.76
11/17/2002,15.61
11/18/2002,15.42
11/19/2002,15.29
11/20/2002,15.15
11/21/2002,14.93
11/22/2002,14.81
11/23/2002,14.61
11/24/2002,14.4
11/25/2002,14.25
11/26/2002,14.17
11/27/2002,14
11/28/2002,13.88
11/29/2002,13.77
11/30/2002,13.66
12/1/2002,13.49
12/2/2002,13.37
12/3/2002,13.31
12/4/2002,13.19
12/5/2002,13.01
12/6/2002,12.89
12/7/2002,12.72
12/8/2002,12.64
12/9/2002,12.47
12/10/2002,12.25
12/11/2002,12.08
12/12/2002,11.94
12/13/2002,11.78
12/14/2002,11.56
12/15/2002,11.41
12/16/2002,11.25
12/17/2002,11.11
12/18/2002,10.93
12/19/2002,10.68
12/20/2002,10.46
12/21/2002,10.19
12/22/2002,9.94
12/23/2002,9.67
12/24/2002,9.4
12/25/2002,9.27
12/26/2002,9.1
12/27/2002,8.91
12/28/2002,8.71
12/29/2002,8.4
12/30/2002,8.15
12/31/2002,7.95
1/1/2003,7.76
1/2/2003,7.64
1/3/2003,7.5
1/4/2003,7.44
1/5/2003,7.25
1/6/2003,7.11
1/7/2003,6.94
1/8/2003,6.84
1/9/2003,6.73
1/10/2003,6.58
1/11/2003,6.45
1/12/2003,6.28
1/13/2003,6.13
1/14/2003,6.03
1/15/2003,5.9
1/16/2003,5.82
1/17/2003,5.72
1/18/2003,5.63
1/19/2003,5.48
1/20/2003,5.37
1/21/2003,5.28
1/22/2003,5.16
1/23/2003,5.03
1/24/2003,4.91
1/25/2003,4.84
1/26/2003,4.69
1/27/2003,4.65
1/28/2003,4.58
1/29/2003,4.54
1/30/2003,4.46
1/31/2003,4.38
2/1/2003,4.3
2/2/2003,4.23
2/3/2003,4.18
2/4/2003,4.12
2/5/2003,4.05
2/6/2003,4
2/7/2003,3.98
2/8/2003,3.93
2/9/2003,3.88
2/10/2003,3.86
2/11/2003,3.81
2/12/2003,3.78
2/13/2003,3.76
2/14/2003,3.71
2/15/2003,3.71
2/16/2003,3.7
2/17/2003,3.67
2/18/2003,3.67
2/19/2003,3.64
2/20/2003,3.68
2/21/2003,3.72
2/22/2003,3.73
2/23/2003,3.75
2/24/2003,3.74
2/25/2003,3.71
2/26/2003,3.71
2/27/2003,3.68
2/28/2003,3.69
3/1/2003,3.67
3/2/2003,3.71
3/3/2003,3.74
3/4/2003,3.74
3/5/2003,3.76
3/6/2003,3.86
3/7/2003,3.86
3/8/2003,3.92
3/9/2003,3.99
3/10/2003,4.08
3/11/2003,4.16
3/12/2003,4.25
3/13/2003,4.31
3/14/2003,4.37
3/15/2003,4.38
3/16/2003,4.47
3/17/2003,4.48
3/18/2003,4.58
3/19/2003,4.65
3/20/2003,4.76
3/21/2003,4.86
3/22/2003,5.04
3/23/2003,5.14
3/24/2003,5.18
3/25/2003,5.23
3/26/2003,5.29
3/27/2003,5.39
3/28/2003,5.46
3/29/2003,5.52
3/30/2003,5.64
3/31/2003,5.74
4/1/2003,5.78
4/2/2003,5.87
4/3/2003,5.97
4/4/2003,6.15
4/5/2003,6.26
4/6/2003,6.35
4/7/2003,6.45
4/8/2003,6.58
4/9/2003,6.72
4/10/2003,6.81
4/11/2003,6.94
4/12/2003,7
4/13/2003,7.1
4/14/2003,7.15
4/15/2003,7.21
4/16/2003,7.33
4/17/2003,7.42
4/18/2003,7.53
4/19/2003,7.67
4/20/2003,7.83
4/21/2003,8.05
4/22/2003,8.21
4/23/2003,8.28
4/24/2003,8.35
4/25/2003,8.52
4/26/2003,8.62
4/27/2003,8.76
4/28/2003,8.9
4/29/2003,9.01
4/30/2003,9.11
5/1/2003,9.27
5/2/2003,9.39
5/3/2003,9.5
5/4/2003,9.62
5/5/2003,9.73
5/6/2003,9.83
5/7/2003,9.88
5/8/2003,9.97
5/9/2003,10.06
5/10/2003,10.16
5/11/2003,10.31
5/12/2003,10.48
5/13/2003,10.58
5/14/2003,10.63
5/15/2003,10.76
5/16/2003,10.9
5/17/2003,11.03
5/18/2003,11.17
5/19/2003,11.35
5/20/2003,11.59
5/21/2003,11.85
5/22/2003,11.81
5/23/2003,11.86
5/24/2003,12.01
5/25/2003,12.12
5/26/2003,12.27
5/27/2003,12.39
5/28/2003,12.58
5/29/2003,12.75
5/30/2003,12.87
5/31/2003,13.01
6/1/2003,13.02
6/2/2003,13.08
6/3/2003,13.17
6/4/2003,13.26
6/5/2003,13.35
6/6/2003,13.45
6/7/2003,13.54
6/8/2003,13.63
6/9/2003,13.75
6/10/2003,13.87
6/11/2003,14
6/12/2003,14.03
6/13/2003,14.1
6/14/2003,14.22
6/15/2003,14.3
6/16/2003,14.39
6/17/2003,14.51
6/18/2003,14.59
6/19/2003,14.57
6/20/2003,14.64
6/21/2003,14.65
6/22/2003,14.75
6/23/2003,14.91
6/24/2003,15.06
6/25/2003,15.13
6/26/2003,15.23
6/27/2003,15.28
6/28/2003,15.39
6/29/2003,15.44
6/30/2003,15.58
7/1/2003,15.67
7/2/2003,15.77
7/3/2003,15.81
7/4/2003,15.87
7/5/2003,15.91
7/6/2003,16
7/7/2003,16.08
7/8/2003,16.16
7/9/2003,16.25
7/10/2003,16.28
7/11/2003,16.27
7/12/2003,16.33
7/13/2003,16.41
7/14/2003,16.45
7/15/2003,16.56
7/16/2003,16.65
7/17/2003,16.73
7/18/2003,16.86
7/19/2003,16.98
7/20/2003,17.1
7/21/2003,17.22
7/22/2003,17.28
7/23/2003,17.37
7/24/2003,17.42
7/25/2003,17.39
7/26/2003,17.42
7/27/2003,17.46
7/28/2003,17.5
7/29/2003,17.51
7/30/2003,17.58
7/31/2003,17.55
8/1/2003,17.6
8/2/2003,17.61
8/3/2003,17.64
8/4/2003,17.54
8/5/2003,17.55
8/6/2003,17.55
8/7/2003,17.55
8/8/2003,17.69
8/9/2003,17.78
8/10/2003,17.82
8/11/2003,17.79
8/12/2003,17.72
8/13/2003,17.75
8/14/2003,17.74
8/15/2003,17.74
8/16/2003,17.81
8/17/2003,17.88
8/18/2003,17.94
8/19/2003,17.92
8/20/2003,17.88
8/21/2003,17.9
8/22/2003,17.96
8/23/2003,18.01
8/24/2003,18.1
8/25/2003,18.14
8/26/2003,18.18
8/27/2003,18.22
8/28/2003,18.21
8/29/2003,18.23
8/30/2003,18.22
8/31/2003,18.25
9/1/2003,18.24
9/2/2003,18.21
9/3/2003,18.21
9/4/2003,18.18
9/5/2003,18.25
9/6/2003,18.32
9/7/2003,18.34
9/8/2003,18.37
9/9/2003,18.36
9/10/2003,18.35
9/11/2003,18.39
9/12/2003,18.53
9/13/2003,18.6
9/14/2003,18.57
9/15/2003,18.53
9/16/2003,18.57
9/17/2003,18.65
9/18/2003,18.65
9/19/2003,18.74
9/20/2003,18.83
9/21/2003,18.83
9/22/2003,18.79
9/23/2003,18.84
9/24/2003,18.96
9/25/2003,18.96
9/26/2003,18.9
9/27/2003,18.86
9/28/2003,18.9
9/29/2003,18.87
9/30/2003,18.88
10/1/2003,18.89
10/2/2003,18.91
10/3/2003,18.94
10/4/2003,18.85
10/5/2003,18.81
10/6/2003,18.71
10/7/2003,18.67
10/8/2003,18.64
10/9/2003,18.52
10/10/2003,18.45
10/11/2003,18.38
10/12/2003,18.34
10/13/2003,18.33
10/14/2003,18.31
10/15/2003,18.32
10/16/2003,18.35
10/17/2003,18.38
10/18/2003,18.43
10/19/2003,18.39
10/20/2003,18.44
10/21/2003,18.45
10/22/2003,18.34
10/23/2003,18.28
10/24/2003,18.28
10/25/2003,18.26
10/26/2003,18.28
10/27/2003,18.24
10/28/2003,18.16
10/29/2003,18.13
10/30/2003,18.07
10/31/2003,18.05
11/1/2003,17.96
11/2/2003,17.87
11/3/2003,17.76
11/4/2003,17.67
11/5/2003,17.53
11/6/2003,17.47
11/7/2003,17.35
11/8/2003,17.32
11/9/2003,17.25
11/10/2003,17.15
11/11/2003,17.04
11/12/2003,16.97
11/13/2003,16.89
11/14/2003,16.78
11/15/2003,16.64
11/16/2003,16.41
11/17/2003,16.25
11/18/2003,16.09
11/19/2003,16.01
11/20/2003,15.86
11/21/2003,15.76
11/22/2003,15.63
11/23/2003,15.48
11/24/2003,15.38
11/25/2003,15.21
11/26/2003,15.06
11/27/2003,14.93
11/28/2003,14.73
11/29/2003,14.62
11/30/2003,14.46
12/1/2003,14.29
12/2/2003,14.08
12/3/2003,13.9
12/4/2003,13.63
12/5/2003,13.38
12/6/2003,13.09
12/7/2003,12.86
12/8/2003,12.63
12/9/2003,12.4
12/10/2003,12.23
12/11/2003,12.12
12/12/2003,11.88
12/13/2003,11.62
12/14/2003,11.32
12/15/2003,11.08
12/16/2003,10.83
12/17/2003,10.59
12/18/2003,10.3
12/19/2003,10.03
12/20/2003,9.82
12/21/2003,9.61
12/22/2003,9.44
12/23/2003,9.23
12/24/2003,8.97
12/25/2003,8.74
12/26/2003,8.53
12/27/2003,8.31
12/28/2003,8.13
12/29/2003,8.01
12/30/2003,7.89
12/31/2003,7.68
1/1/2004,7.56
1/2/2004,7.39
1/3/2004,7.22
1/4/2004,7.05
1/5/2004,6.89
1/6/2004,6.79
1/7/2004,6.65
1/8/2004,6.53
1/9/2004,6.33
1/10/2004,6.19
1/11/2004,6.12
1/12/2004,6
1/13/2004,5.92
1/14/2004,5.88
1/15/2004,5.78
1/16/2004,5.68
1/17/2004,5.56
1/18/2004,5.48
1/19/2004,5.38
1/20/2004,5.21
1/21/2004,5.15
1/22/2004,5.03
1/23/2004,4.97
1/24/2004,4.9
1/25/2004,4.86
1/26/2004,4.8
1/27/2004,4.77
1/28/2004,4.67
1/29/2004,4.52
1/30/2004,4.39
1/31/2004,4.32
2/1/2004,4.18
2/2/2004,4.16
2/3/2004,4.14
2/4/2004,4.12
2/5/2004,4.07
2/6/2004,4
2/7/2004,3.88
2/8/2004,3.82
2/9/2004,3.72
2/10/2004,3.68
2/11/2004,3.6
2/12/2004,3.6
2/13/2004,3.57
2/14/2004,3.54
2/15/2004,3.54
2/16/2004,3.43
2/17/2004,3.42
2/18/2004,3.47
2/19/2004,3.39
2/20/2004,3.35
2/21/2004,3.41
2/22/2004,3.39
2/23/2004,3.47
2/24/2004,3.48
2/25/2004,3.49
2/26/2004,3.56
2/27/2004,3.57
2/28/2004,3.6
2/29/2004,3.61
3/1/2004,3.67
3/2/2004,3.75
3/3/2004,3.82
3/4/2004,3.85
3/5/2004,3.93
3/6/2004,3.95
3/7/2004,3.97
3/8/2004,4.04
3/9/2004,4.07
3/10/2004,4.19
3/11/2004,4.26
3/12/2004,4.34
3/13/2004,4.38
3/14/2004,4.46
3/15/2004,4.55
3/16/2004,4.7
3/17/2004,4.8
3/18/2004,4.86
3/19/2004,4.95
3/20/2004,4.98
3/21/2004,5.01
3/22/2004,5.06
3/23/2004,5.19
3/24/2004,5.28
3/25/2004,5.36
3/26/2004,5.33
3/27/2004,5.4
3/28/2004,5.44
3/29/2004,5.57
3/30/2004,5.7
3/31/2004,5.83
4/1/2004,5.96
4/2/2004,6.12
4/3/2004,6.21
4/4/2004,6.33
4/5/2004,6.42
4/6/2004,6.52
4/7/2004,6.65
4/8/2004,6.73
4/9/2004,6.81
4/10/2004,6.91
4/11/2004,7.07
4/12/2004,7.2
4/13/2004,7.27
4/14/2004,7.33
4/15/2004,7.47
4/16/2004,7.61
4/17/2004,7.75
4/18/2004,7.77
4/19/2004,7.83
4/20/2004,7.92
4/21/2004,8.02
4/22/2004,8.17
4/23/2004,8.23
4/24/2004,8.32
4/25/2004,8.46
4/26/2004,8.57
4/27/2004,8.71
4/28/2004,8.9
4/29/2004,8.99
4/30/2004,9.07
5/1/2004,9.15
5/2/2004,9.28
5/3/2004,9.38
5/4/2004,9.49
5/5/2004,9.64
5/6/2004,9.61
5/7/2004,9.72
5/8/2004,9.81
5/9/2004,9.9
5/10/2004,10.05
5/11/2004,10.2
5/12/2004,10.31
5/13/2004,10.4
5/14/2004,10.53
5/15/2004,10.66
5/16/2004,10.7
5/17/2004,10.69
5/18/2004,10.8
5/19/2004,11.02
5/20/2004,11.23
5/21/2004,11.26
5/22/2004,11.3
5/23/2004,11.49
5/24/2004,11.65
5/25/2004,11.81
5/26/2004,12
5/27/2004,12.19
5/28/2004,12.33
5/29/2004,12.4
5/30/2004,12.38
5/31/2004,12.41
6/1/2004,12.51
6/2/2004,12.64
6/3/2004,12.82
6/4/2004,12.85
6/5/2004,12.9
6/6/2004,12.97
6/7/2004,13.07
6/8/2004,13.21
6/9/2004,13.34
6/10/2004,13.49
6/11/2004,13.62
6/12/2004,13.72
6/13/2004,13.89
6/14/2004,14.03
6/15/2004,14.15
6/16/2004,14.3
6/17/2004,14.36
6/18/2004,14.43
6/19/2004,14.46
6/20/2004,14.65
6/21/2004,14.79
6/22/2004,14.92
6/23/2004,15.09
6/24/2004,15.09
6/25/2004,15.1
6/26/2004,15.1
6/27/2004,15.16
6/28/2004,15.27
6/29/2004,15.41
6/30/2004,15.42
7/1/2004,15.47
7/2/2004,15.59
7/3/2004,15.68
7/4/2004,15.68
7/5/2004,15.72
7/6/2004,15.79
7/7/2004,15.88
7/8/2004,15.96
7/9/2004,16.19
7/10/2004,16.29
7/11/2004,16.49
7/12/2004,16.54
7/13/2004,16.57
7/14/2004,16.62
7/15/2004,16.62
7/16/2004,16.66
7/17/2004,16.72
7/18/2004,16.83
7/19/2004,16.9
7/20/2004,16.97
7/21/2004,17.01
7/22/2004,17.07
7/23/2004,17.1
7/24/2004,17.09
7/25/2004,17.1
7/26/2004,17.12
7/27/2004,17.3
7/28/2004,17.33
7/29/2004,17.51
7/30/2004,17.64
7/31/2004,17.71
8/1/2004,17.7
8/2/2004,17.71
8/3/2004,17.77
8/4/2004,17.74
8/5/2004,17.76
8/6/2004,17.78
8/7/2004,17.98
8/8/2004,18.11
8/9/2004,18.09
8/10/2004,17.97
8/11/2004,18.02
8/12/2004,18.11
8/13/2004,18.23
8/14/2004,18.29
8/15/2004,18.35
8/16/2004,18.42
8/17/2004,18.37
8/18/2004,18.31
8/19/2004,18.32
8/20/2004,18.33
8/21/2004,18.38
8/22/2004,18.41
8/23/2004,18.55
8/24/2004,18.73
8/25/2004,18.86
8/26/2004,18.86
8/27/2004,18.89
8/28/2004,18.89
8/29/2004,18.94
8/30/2004,18.98
8/31/2004,19.07
9/1/2004,19.05
9/2/2004,19.12
9/3/2004,19.14
9/4/2004,19.23
9/5/2004,19.3
9/6/2004,19.28
9/7/2004,19.32
9/8/2004,19.3
9/9/2004,19.28
9/10/2004,19.24
9/11/2004,19.16
9/12/2004,19.12
9/13/2004,19.1
9/14/2004,19.13
9/15/2004,19.15
9/16/2004,19.1
9/17/2004,19.11
9/18/2004,19.13
9/19/2004,19.19
9/20/2004,19.27
9/21/2004,19.2
9/22/2004,19.19
9/23/2004,19.14
9/24/2004,19.12
9/25/2004,19.11
9/26/2004,19.09
9/27/2004,19.1
9/28/2004,19.14
9/29/2004,19.19
9/30/2004,19.16
10/1/2004,19.18
10/2/2004,19.13
10/3/2004,19.09
10/4/2004,19.08
10/5/2004,19.1
10/6/2004,19.05
10/7/2004,18.99
10/8/2004,18.93
10/9/2004,18.89
10/10/2004,18.89
10/11/2004,18.87
10/12/2004,18.89
10/13/2004,18.91
10/14/2004,18.85
10/15/2004,18.79
10/16/2004,18.79
10/17/2004,18.79
10/18/2004,18.8
10/19/2004,18.75
10/20/2004,18.65
10/21/2004,18.57
10/22/2004,18.51
10/23/2004,18.46
10/24/2004,18.41
10/25/2004,18.39
10/26/2004,18.36
10/27/2004,18.25
10/28/2004,18.25
10/29/2004,18.17
10/30/2004,18.09
10/31/2004,18.08
11/1/2004,17.84
11/2/2004,17.73
11/3/2004,17.64
11/4/2004,17.57
11/5/2004,17.52
11/6/2004,17.39
11/7/2004,17.34
11/8/2004,17.37
11/9/2004,17.3
11/10/2004,17.28
11/11/2004,17.2
11/12/2004,17.08
11/13/2004,16.93
11/14/2004,16.8
11/15/2004,16.64
11/16/2004,16.47
11/17/2004,16.38
11/18/2004,16.24
11/19/2004,16.07
11/20/2004,15.99
11/21/2004,15.83
11/22/2004,15.62
11/23/2004,15.5
11/24/2004,15.38
11/25/2004,15.2
11/26/2004,15.04
11/27/2004,14.83
11/28/2004,14.52
11/29/2004,14.35
11/30/2004,14.12
12/1/2004,13.93
12/2/2004,13.78
12/3/2004,13.66
12/4/2004,13.49
12/5/2004,13.36
12/6/2004,13.13
12/7/2004,13
12/8/2004,12.84
12/9/2004,12.63
12/10/2004,12.47
12/11/2004,12.2
12/12/2004,11.81
12/13/2004,11.43
12/14/2004,11.14
12/15/2004,10.82
12/16/2004,10.44
12/17/2004,9.94
12/18/2004,9.61
12/19/2004,9.31
12/20/2004,9.06
12/21/2004,8.88
12/22/2004,8.7
12/23/2004,8.54
12/24/2004,8.36
12/25/2004,8.15
12/26/2004,7.91
12/27/2004,7.71
12/28/2004,7.58
12/29/2004,7.47
12/30/2004,7.37
12/31/2004,7.19
1/1/2005,7.03
1/2/2005,6.89
1/3/2005,6.73
1/4/2005,6.52
1/5/2005,6.22
1/6/2005,6.01
1/7/2005,6
1/8/2005,5.87
1/9/2005,5.65
1/10/2005,5.57
1/11/2005,5.48
1/12/2005,5.28
1/13/2005,5.04
1/14/2005,4.88
1/15/2005,4.65
1/16/2005,4.52
1/17/2005,4.43
1/18/2005,4.35
1/19/2005,4.28
1/20/2005,4.22
1/21/2005,4.12
1/22/2005,4.03
1/23/2005,3.93
1/24/2005,3.86
1/25/2005,3.77
1/26/2005,3.71
1/27/2005,3.63
1/28/2005,3.59
1/29/2005,3.53
1/30/2005,3.45
1/31/2005,3.36
2/1/2005,3.26
2/2/2005,3.27
2/3/2005,3.23
2/4/2005,3.19
2/5/2005,3.14
2/6/2005,3.12
2/7/2005,3.07
2/8/2005,3.08
2/9/2005,2.98
2/10/2005,2.99
2/11/2005,3
2/12/2005,2.92
2/13/2005,2.91
2/14/2005,2.9
2/15/2005,2.89
2/16/2005,2.94
2/17/2005,2.9
2/18/2005,2.86
2/19/2005,2.89
2/20/2005,2.89
2/21/2005,2.9
2/22/2005,2.92
2/23/2005,2.96
2/24/2005,2.96
2/25/2005,2.94
2/26/2005,2.98
2/27/2005,3.13
2/28/2005,3.22
3/1/2005,3.23
3/2/2005,3.32
3/3/2005,3.37
3/4/2005,3.39
3/5/2005,3.4
3/6/2005,3.41
3/7/2005,3.51
3/8/2005,3.6
3/9/2005,3.6
3/10/2005,3.68
3/11/2005,3.71
3/12/2005,3.81
3/13/2005,3.94
3/14/2005,3.95
3/15/2005,4.05
3/16/2005,4.15
3/17/2005,4.23
3/18/2005,4.33
3/19/2005,4.43
3/20/2005,4.46
3/21/2005,4.62
3/22/2005,4.7
3/23/2005,4.77
3/24/2005,4.83
3/25/2005,4.91
3/26/2005,5.02
3/27/2005,5.16
3/28/2005,5.22
3/29/2005,5.36
3/30/2005,5.5
3/31/2005,5.54
4/1/2005,5.68
4/2/2005,5.8
4/3/2005,5.87
4/4/2005,6.01
4/5/2005,6.11
4/6/2005,6.23
4/7/2005,6.33
4/8/2005,6.45
4/9/2005,6.55
4/10/2005,6.68
4/11/2005,6.74
4/12/2005,6.87
4/13/2005,7.01
4/14/2005,7.19
4/15/2005,7.23
4/16/2005,7.29
4/17/2005,7.32
4/18/2005,7.37
4/19/2005,7.58
4/20/2005,7.75
4/21/2005,7.83
4/22/2005,7.96
4/23/2005,8.02
4/24/2005,8.08
4/25/2005,8.21
4/26/2005,8.31
4/27/2005,8.42
4/28/2005,8.54
4/29/2005,8.65
4/30/2005,8.76
5/1/2005,8.89
5/2/2005,8.98
5/3/2005,9.05
5/4/2005,9.19
5/5/2005,9.3
5/6/2005,9.38
5/7/2005,9.49
5/8/2005,9.66
5/9/2005,9.8
5/10/2005,9.89
5/11/2005,9.99
5/12/2005,10.1
5/13/2005,10.21
5/14/2005,10.36
5/15/2005,10.37
5/16/2005,10.44
5/17/2005,10.61
5/18/2005,10.8
5/19/2005,10.9
5/20/2005,11
5/21/2005,11.17
5/22/2005,11.32
5/23/2005,11.46
5/24/2005,11.62
5/25/2005,11.72
5/26/2005,11.72
5/27/2005,11.78
5/28/2005,11.84
5/29/2005,11.95
5/30/2005,12.06
5/31/2005,12.08
6/1/2005,12.22
6/2/2005,12.27
6/3/2005,12.33
6/4/2005,12.38
6/5/2005,12.43
6/6/2005,12.55
6/7/2005,12.65
6/8/2005,12.78
6/9/2005,12.95
6/10/2005,13.1
6/11/2005,13.21
6/12/2005,13.3
6/13/2005,13.36
6/14/2005,13.53
6/15/2005,13.61
6/16/2005,13.69
6/17/2005,13.81
6/18/2005,13.91
6/19/2005,13.94
6/20/2005,13.94
6/21/2005,14.16
6/22/2005,14.36
6/23/2005,14.49
6/24/2005,14.69
6/25/2005,14.82
6/26/2005,14.77
6/27/2005,14.84
6/28/2005,14.88
6/29/2005,14.99
6/30/2005,15.13
7/1/2005,15.26
7/2/2005,15.4
7/3/2005,15.4
7/4/2005,15.35
7/5/2005,15.43
7/6/2005,15.59
7/7/2005,15.68
7/8/2005,15.71
7/9/2005,15.74
7/10/2005,15.84
7/11/2005,16.12
7/12/2005,16.32
7/13/2005,16.4
7/14/2005,16.47
7/15/2005,16.54
7/16/2005,16.57
7/17/2005,16.67
7/18/2005,16.83
7/19/2005,16.96
7/20/2005,17.01
7/21/2005,17.08
7/22/2005,17.09
7/23/2005,17.15
7/24/2005,17.29
7/25/2005,17.36
7/26/2005,17.46
7/27/2005,17.5
7/28/2005,17.52
7/29/2005,17.62
7/30/2005,17.68
7/31/2005,17.79
8/1/2005,17.9
8/2/2005,17.88
8/3/2005,17.84
8/4/2005,17.95
8/5/2005,18.02
8/6/2005,18.01
8/7/2005,17.98
8/8/2005,17.98
8/9/2005,17.96
8/10/2005,17.94
8/11/2005,17.99
8/12/2005,17.98
8/13/2005,18.15
8/14/2005,18.24
8/15/2005,18.2
8/16/2005,18.2
8/17/2005,18.21
8/18/2005,18.36
8/19/2005,18.43
8/20/2005,18.41
8/21/2005,18.33
8/22/2005,18.34
8/23/2005,18.42
8/24/2005,18.46
8/25/2005,18.49
8/26/2005,18.59
8/27/2005,18.62
8/28/2005,18.53
8/29/2005,18.43
8/30/2005,18.38
8/31/2005,18.4
9/1/2005,18.45
9/2/2005,18.48
9/3/2005,18.58
9/4/2005,18.62
9/5/2005,18.73
9/6/2005,18.79
9/7/2005,18.89
9/8/2005,18.95
9/9/2005,18.98
9/10/2005,18.99
9/11/2005,19.07
9/12/2005,19.09
9/13/2005,19.02
9/14/2005,19.01
9/15/2005,19.1
9/16/2005,19.08
9/17/2005,19.1
9/18/2005,19.16
9/19/2005,19.22
9/20/2005,19.27
9/21/2005,19.35
9/22/2005,19.33
9/23/2005,19.37
9/24/2005,19.47
9/25/2005,19.55
9/26/2005,19.56
9/27/2005,19.62
9/28/2005,19.58
9/29/2005,19.66
9/30/2005,19.61
10/1/2005,19.48
10/2/2005,19.39
10/3/2005,19.36
10/4/2005,19.32
10/5/2005,19.29
10/6/2005,19.34
10/7/2005,19.19
10/8/2005,19.14
10/9/2005,19.08
10/10/2005,19.03
10/11/2005,19
10/12/2005,18.99
10/13/2005,19.01
10/14/2005,18.96
10/15/2005,18.87
10/16/2005,18.75
10/17/2005,18.58
10/18/2005,18.5
10/19/2005,18.46
10/20/2005,18.39
10/21/2005,18.39
10/22/2005,18.34
10/23/2005,18.31
10/24/2005,18.33
10/25/2005,18.25
10/26/2005,18.26
10/27/2005,18.26
10/28/2005,18.27
10/29/2005,18.23
10/30/2005,18.13
10/31/2005,18.09
11/1/2005,18.06
11/2/2005,18.1
11/3/2005,17.99
11/4/2005,17.93
11/5/2005,17.82
11/6/2005,17.67
11/7/2005,17.58
11/8/2005,17.44
11/9/2005,17.36
11/10/2005,17.3
11/11/2005,17.24
11/12/2005,17.19
11/13/2005,17.12
11/14/2005,17.01
11/15/2005,16.96
11/16/2005,16.86
11/17/2005,16.69
11/18/2005,16.56
11/19/2005,16.41
11/20/2005,16.21
11/21/2005,16.01
11/22/2005,15.85
11/23/2005,15.68
11/24/2005,15.48
11/25/2005,15.29
11/26/2005,15.08
11/27/2005,14.83
11/28/2005,14.68
11/29/2005,14.51
11/30/2005,14.37
12/1/2005,14.14
12/2/2005,13.92
12/3/2005,13.63
12/4/2005,13.36
12/5/2005,13
12/6/2005,12.73
12/7/2005,12.44
12/8/2005,12.13
12/9/2005,11.8
12/10/2005,11.38
12/11/2005,11.08
12/12/2005,10.79
12/13/2005,10.58
12/14/2005,10.24
12/15/2005,10.04
12/16/2005,9.85
12/17/2005,9.66
12/18/2005,9.48
12/19/2005,9.19
12/20/2005,8.86
12/21/2005,8.51
12/22/2005,8.2
12/23/2005,7.95
12/24/2005,7.71
12/25/2005,7.48
12/26/2005,7.3
12/27/2005,7.16
12/28/2005,6.99
12/29/2005,6.84
12/30/2005,6.66
12/31/2005,6.43
1/1/2006,6.34
1/2/2006,6.17
1/3/2006,5.97
1/4/2006,5.72
1/5/2006,5.51
1/6/2006,5.31
1/7/2006,5.12
1/8/2006,4.97
1/9/2006,4.83
1/10/2006,4.75
1/11/2006,4.66
1/12/2006,4.5
1/13/2006,4.38
1/14/2006,4.27
1/15/2006,4.16
1/16/2006,4.1
1/17/2006,3.94
1/18/2006,3.8
1/19/2006,3.71
1/20/2006,3.68
1/21/2006,3.61
1/22/2006,3.46
1/23/2006,3.4
1/24/2006,3.39
1/25/2006,3.27
1/26/2006,3.24
1/27/2006,3.15
1/28/2006,3.1
1/29/2006,3.06
1/30/2006,3.02
1/31/2006,2.94
2/1/2006,2.86
2/2/2006,2.82
2/3/2006,2.82
2/4/2006,2.81
2/5/2006,2.82
2/6/2006,2.74
2/7/2006,2.71
2/8/2006,2.67
2/9/2006,2.69
2/10/2006,2.66
2/11/2006,2.64
2/12/2006,2.65
2/13/2006,2.65
2/14/2006,2.66
2/15/2006,2.61
2/16/2006,2.6
2/17/2006,2.62
2/18/2006,2.56
2/19/2006,2.57
2/20/2006,2.57
2/21/2006,2.57
2/22/2006,2.58
2/23/2006,2.61
2/24/2006,2.62
2/25/2006,2.7
2/26/2006,2.72
2/27/2006,2.67
2/28/2006,2.63
3/1/2006,2.6
3/2/2006,2.59
3/3/2006,2.65
3/4/2006,2.66
3/5/2006,2.73
3/6/2006,2.76
3/7/2006,2.81
3/8/2006,2.85
3/9/2006,2.91
3/10/2006,2.88
3/11/2006,2.93
3/12/2006,3.01
3/13/2006,2.98
3/14/2006,3
3/15/2006,3.06
3/16/2006,3.13
3/17/2006,3.21
3/18/2006,3.28
3/19/2006,3.4
3/20/2006,3.48
3/21/2006,3.54
3/22/2006,3.61
3/23/2006,3.72
3/24/2006,3.84
3/25/2006,3.97
3/26/2006,4.07
3/27/2006,4.17
3/28/2006,4.28
3/29/2006,4.39
3/30/2006,4.48
3/31/2006,4.6
4/1/2006,4.69
4/2/2006,4.83
4/3/2006,4.96
4/4/2006,5.04
4/5/2006,5.07
4/6/2006,5.16
4/7/2006,5.24
4/8/2006,5.31
4/9/2006,5.47
4/10/2006,5.62
4/11/2006,5.75
4/12/2006,5.79
4/13/2006,5.9
4/14/2006,6.02
4/15/2006,6.11
4/16/2006,6.23
4/17/2006,6.37
4/18/2006,6.5
4/19/2006,6.58
4/20/2006,6.71
4/21/2006,6.8
4/22/2006,6.9
4/23/2006,7
4/24/2006,7.1
4/25/2006,7.22
4/26/2006,7.3
4/27/2006,7.39
4/28/2006,7.49
4/29/2006,7.61
4/30/2006,7.7
5/1/2006,7.81
5/2/2006,7.94
5/3/2006,8.1
5/4/2006,8.2
5/5/2006,8.31
5/6/2006,8.38
5/7/2006,8.48
5/8/2006,8.63
5/9/2006,8.8
5/10/2006,8.9
5/11/2006,9.02
5/12/2006,9.13
5/13/2006,9.23
5/14/2006,9.32
5/15/2006,9.36
5/16/2006,9.56
5/17/2006,9.68
5/18/2006,9.84
5/19/2006,10.03
5/20/2006,10.11
5/21/2006,10.25
5/22/2006,10.38
5/23/2006,10.63
5/24/2006,10.81
5/25/2006,11
5/26/2006,11.15
5/27/2006,11.33
5/28/2006,11.46
5/29/2006,11.69
5/30/2006,11.84
5/31/2006,11.95
6/1/2006,12.08
6/2/2006,12.18
6/3/2006,12.28
6/4/2006,12.38
6/5/2006,12.39
6/6/2006,12.47
6/7/2006,12.65
6/8/2006,12.84
6/9/2006,12.99
6/10/2006,13.13
6/11/2006,13.33
6/12/2006,13.48
6/13/2006,13.63
6/14/2006,13.7
6/15/2006,13.73
6/16/2006,13.83
6/17/2006,13.87
6/18/2006,13.97
6/19/2006,14
6/20/2006,14.1
6/21/2006,14.14
6/22/2006,14.25
6/23/2006,14.37
6/24/2006,14.48
6/25/2006,14.61
6/26/2006,14.72
6/27/2006,14.81
6/28/2006,14.92
6/29/2006,15
6/30/2006,15.12
7/1/2006,15.21
7/2/2006,15.28
7/3/2006,15.35
7/4/2006,15.42
7/5/2006,15.58
7/6/2006,15.73
7/7/2006,15.82
7/8/2006,15.9
7/9/2006,15.91
7/10/2006,15.96
7/11/2006,16.01
7/12/2006,16.15
7/13/2006,16.25
7/14/2006,16.18
7/15/2006,16.25
7/16/2006,16.36
7/17/2006,16.46
7/18/2006,16.51
7/19/2006,16.67
7/20/2006,16.76
7/21/2006,16.81
7/22/2006,16.9
7/23/2006,17.07
7/24/2006,17.19
7/25/2006,17.31
7/26/2006,17.3
7/27/2006,17.31
7/28/2006,17.3
7/29/2006,17.34
7/30/2006,17.31
7/31/2006,17.34
8/1/2006,17.36
8/2/2006,17.44
8/3/2006,17.5
8/4/2006,17.55
8/5/2006,17.62
8/6/2006,17.61
8/7/2006,17.73
8/8/2006,17.98
8/9/2006,18.06
8/10/2006,18.12
8/11/2006,18.18
8/12/2006,18.19
8/13/2006,18.23
8/14/2006,18.27
8/15/2006,18.33
8/16/2006,18.46
8/17/2006,18.65
8/18/2006,18.8
8/19/2006,18.82
8/20/2006,18.86
8/21/2006,18.96
8/22/2006,18.99
8/23/2006,19.07
8/24/2006,19.12
8/25/2006,19.13
8/26/2006,19.11
8/27/2006,19.17
8/28/2006,19.28
8/29/2006,19.31
8/30/2006,19.3
8/31/2006,19.28
9/1/2006,19.29
9/2/2006,19.22
9/3/2006,19.2
9/4/2006,19.16
9/5/2006,19.15
9/6/2006,19.12
9/7/2006,19.15
9/8/2006,19.13
9/9/2006,19.14
9/10/2006,19.14
9/11/2006,19.13
9/12/2006,19.17
9/13/2006,19.23
9/14/2006,19.33
9/15/2006,19.42
9/16/2006,19.47
9/17/2006,19.54
9/18/2006,19.53
9/19/2006,19.59
9/20/2006,19.64
9/21/2006,19.61
9/22/2006,19.66
9/23/2006,19.6
9/24/2006,19.65
9/25/2006,19.61
9/26/2006,19.51
9/27/2006,19.49
9/28/2006,19.45
9/29/2006,19.4
9/30/2006,19.39
10/1/2006,19.4
10/2/2006,19.4
10/3/2006,19.49
10/4/2006,19.56
10/5/2006,19.48
10/6/2006,19.48
10/7/2006,19.42
10/8/2006,19.41
10/9/2006,19.35
10/10/2006,19.26
10/11/2006,19.19
10/12/2006,19.11
10/13/2006,19.1
10/14/2006,19.1
10/15/2006,19.08
10/16/2006,18.99
10/17/2006,18.96
10/18/2006,18.94
10/19/2006,18.9
10/20/2006,18.86
10/21/2006,18.81
10/22/2006,18.75
10/23/2006,18.69
10/24/2006,18.69
10/25/2006,18.62
10/26/2006,18.51
10/27/2006,18.39
10/28/2006,18.36
10/29/2006,18.29
10/30/2006,18.21
10/31/2006,18.2
11/1/2006,18.19
11/2/2006,18.11
11/3/2006,18.02
11/4/2006,17.89
11/5/2006,17.76
11/6/2006,17.66
11/7/2006,17.52
11/8/2006,17.43
11/9/2006,17.41
11/10/2006,17.35
11/11/2006,17.19
11/12/2006,17.08
11/13/2006,16.98
11/14/2006,16.84
11/15/2006,16.73
11/16/2006,16.68
11/17/2006,16.59
11/18/2006,16.47
11/19/2006,16.32
11/20/2006,16.17
11/21/2006,15.96
11/22/2006,15.74
11/23/2006,15.56
11/24/2006,15.39
11/25/2006,15.23
11/26/2006,14.93
11/27/2006,14.71
11/28/2006,14.47
11/29/2006,14.27
11/30/2006,14.06
12/1/2006,13.76
12/2/2006,13.6
12/3/2006,13.33
12/4/2006,13.04
12/5/2006,12.77
12/6/2006,12.54
12/7/2006,12.28
12/8/2006,11.99
12/9/2006,11.76
12/10/2006,11.46
12/11/2006,11.17
12/12/2006,10.91
12/13/2006,10.72
12/14/2006,10.42
12/15/2006,10.26
12/16/2006,10
12/17/2006,9.7
12/18/2006,9.39
12/19/2006,9.14
12/20/2006,8.96
12/21/2006,8.73
12/22/2006,8.6
12/23/2006,8.4
12/24/2006,8.3
12/25/2006,8.14
12/26/2006,7.96
12/27/2006,7.79
12/28/2006,7.53
12/29/2006,7.35
12/30/2006,7.19
12/31/2006,6.96
1/1/2007,6.82
1/2/2007,6.65
1/3/2007,6.54
1/4/2007,6.42
1/5/2007,6.31
1/6/2007,6.09
1/7/2007,5.91
1/8/2007,5.78
1/9/2007,5.66
1/10/2007,5.5
1/11/2007,5.37
1/12/2007,5.23
1/13/2007,5.1
1/14/2007,4.94
1/15/2007,4.83
1/16/2007,4.7
1/17/2007,4.55
1/18/2007,4.41
1/19/2007,4.26
1/20/2007,4.18
1/21/2007,4.08
1/22/2007,3.98
1/23/2007,3.86
1/24/2007,3.78
1/25/2007,3.71
1/26/2007,3.65
1/27/2007,3.6
1/28/2007,3.52
1/29/2007,3.41
1/30/2007,3.33
1/31/2007,3.32
2/1/2007,3.29
2/2/2007,3.23
2/3/2007,3.19
2/4/2007,3.19
2/5/2007,3.13
2/6/2007,3.11
2/7/2007,3.05
2/8/2007,3.02
2/9/2007,3.01
2/10/2007,2.95
2/11/2007,2.89
2/12/2007,2.92
2/13/2007,2.89
2/14/2007,2.83
2/15/2007,2.82
2/16/2007,2.79
2/17/2007,2.8
2/18/2007,2.82
2/19/2007,2.81
2/20/2007,2.79
2/21/2007,2.79
2/22/2007,2.82
2/23/2007,2.84
2/24/2007,2.88
2/25/2007,2.99
2/26/2007,3.05
2/27/2007,3.11
2/28/2007,3.25
3/1/2007,3.22
3/2/2007,3.21
3/3/2007,3.33
3/4/2007,3.39
3/5/2007,3.43
3/6/2007,3.38
3/7/2007,3.44
3/8/2007,3.52
3/9/2007,3.59
3/10/2007,3.66
3/11/2007,3.71
3/12/2007,3.74
3/13/2007,3.77
3/14/2007,3.82
3/15/2007,3.84
3/16/2007,3.85
3/17/2007,3.96
3/18/2007,4.04
3/19/2007,4.07
3/20/2007,4.11
3/21/2007,4.16
3/22/2007,4.17
3/23/2007,4.25
3/24/2007,4.36
3/25/2007,4.43
3/26/2007,4.53
3/27/2007,4.62
3/28/2007,4.71
3/29/2007,4.82
3/30/2007,4.97
3/31/2007,5.04
4/1/2007,5.08
4/2/2007,5.16
4/3/2007,5.22
4/4/2007,5.28
4/5/2007,5.36
4/6/2007,5.51
4/7/2007,5.64
4/8/2007,5.74
4/9/2007,5.96
4/10/2007,6.09
4/11/2007,6.14
4/12/2007,6.24
4/13/2007,6.35
4/14/2007,6.4
4/15/2007,6.46
4/16/2007,6.59
4/17/2007,6.74
4/18/2007,6.89
4/19/2007,7.04
4/20/2007,7.13
4/21/2007,7.29
4/22/2007,7.41
4/23/2007,7.47
4/24/2007,7.59
4/25/2007,7.71
4/26/2007,7.81
4/27/2007,7.89
4/28/2007,8.01
4/29/2007,8.14
4/30/2007,8.21
5/1/2007,8.25
5/2/2007,8.28
5/3/2007,8.32
5/4/2007,8.4
5/5/2007,8.49
5/6/2007,8.61
5/7/2007,8.77
5/8/2007,8.94
5/9/2007,9.04
5/10/2007,9.16
5/11/2007,9.3
5/12/2007,9.4
5/13/2007,9.54
5/14/2007,9.68
5/15/2007,9.76
5/16/2007,9.89
5/17/2007,9.98
5/18/2007,10.06
5/19/2007,10.15
5/20/2007,10.33
5/21/2007,10.53
5/22/2007,10.72
5/23/2007,10.84
5/24/2007,10.92
5/25/2007,10.99
5/26/2007,11.15
5/27/2007,11.28
5/28/2007,11.42
5/29/2007,11.59
5/30/2007,11.81
5/31/2007,11.92
6/1/2007,12.04
6/2/2007,12.19
6/3/2007,12.26
6/4/2007,12.31
6/5/2007,12.45
6/6/2007,12.53
6/7/2007,12.63
6/8/2007,12.72
6/9/2007,12.87
6/10/2007,13.04
6/11/2007,13.2
6/12/2007,13.24
6/13/2007,13.31
6/14/2007,13.4
6/15/2007,13.55
6/16/2007,13.67
6/17/2007,13.84
6/18/2007,13.94
6/19/2007,14.05
6/20/2007,14.17
6/21/2007,14.33
6/22/2007,14.43
6/23/2007,14.56
6/24/2007,14.52
6/25/2007,14.55
6/26/2007,14.63
6/27/2007,14.73
6/28/2007,14.81
6/29/2007,14.81
6/30/2007,14.91
7/1/2007,15.03
7/2/2007,15.16
7/3/2007,15.2
7/4/2007,15.26
7/5/2007,15.23
7/6/2007,15.29
7/7/2007,15.43
7/8/2007,15.51
7/9/2007,15.67
7/10/2007,15.73
7/11/2007,15.66
7/12/2007,15.72
7/13/2007,15.81
7/14/2007,15.97
7/15/2007,16.15
7/16/2007,16.21
7/17/2007,16.35
7/18/2007,16.45
7/19/2007,16.55
7/20/2007,16.68
7/21/2007,16.83
7/22/2007,16.94
7/23/2007,17.12
7/24/2007,17.33
7/25/2007,17.35
7/26/2007,17.34
7/27/2007,17.41
7/28/2007,17.43
7/29/2007,17.46
7/30/2007,17.51
7/31/2007,17.61
8/1/2007,17.61
8/2/2007,17.71
8/3/2007,17.8
8/4/2007,17.8
8/5/2007,17.69
8/6/2007,17.68
8/7/2007,17.76
8/8/2007,17.85
8/9/2007,17.85
8/10/2007,17.82
8/11/2007,17.85
8/12/2007,17.78
8/13/2007,17.79
8/14/2007,17.74
8/15/2007,17.75
8/16/2007,17.77
8/17/2007,17.76
8/18/2007,17.9
8/19/2007,17.84
8/20/2007,17.86
8/21/2007,17.9
8/22/2007,17.9
8/23/2007,17.98
8/24/2007,18.14
8/25/2007,18.32
8/26/2007,18.43
8/27/2007,18.59
8/28/2007,18.62
8/29/2007,18.65
8/30/2007,18.7
8/31/2007,18.79
9/1/2007,18.81
9/2/2007,18.84
9/3/2007,18.86
9/4/2007,18.89
9/5/2007,19.01
9/6/2007,19.13
9/7/2007,19.17
9/8/2007,19.13
9/9/2007,19.06
9/10/2007,19.09
9/11/2007,19.06
9/12/2007,19.1
9/13/2007,19.07
9/14/2007,19.08
9/15/2007,19.11
9/16/2007,19.11
9/17/2007,19.14
9/18/2007,19.13
9/19/2007,19.21
9/20/2007,19.27
9/21/2007,19.31
9/22/2007,19.33
9/23/2007,19.25
9/24/2007,19.23
9/25/2007,19.22
9/26/2007,19.23
9/27/2007,19.27
9/28/2007,19.34
9/29/2007,19.29
9/30/2007,19.29
10/1/2007,19.23
10/2/2007,19.24
10/3/2007,19.1
10/4/2007,19.06
10/5/2007,19
10/6/2007,18.93
10/7/2007,18.96
10/8/2007,18.94
10/9/2007,18.86
10/10/2007,18.78
10/11/2007,18.77
10/12/2007,18.81
10/13/2007,18.87
10/14/2007,18.91
10/15/2007,18.95
10/16/2007,19.02
10/17/2007,18.96
10/18/2007,18.92
10/19/2007,18.84
10/20/2007,18.8
10/21/2007,18.72
10/22/2007,18.68
10/23/2007,18.62
10/24/2007,18.63
10/25/2007,18.56
10/26/2007,18.5
10/27/2007,18.36
10/28/2007,18.27
10/29/2007,18.23
10/30/2007,18.17
10/31/2007,18.11
11/1/2007,18.01
11/2/2007,17.87
11/3/2007,17.75
11/4/2007,17.63
11/5/2007,17.51
11/6/2007,17.4
11/7/2007,17.28
11/8/2007,17.18
11/9/2007,17.02
11/10/2007,16.84
11/11/2007,16.68
11/12/2007,16.62
11/13/2007,16.45
11/14/2007,16.29
11/15/2007,16.17
11/16/2007,16.02
11/17/2007,15.9
11/18/2007,15.78
11/19/2007,15.65
11/20/2007,15.52
11/21/2007,15.44
11/22/2007,15.3
11/23/2007,15.21
11/24/2007,15.1
11/25/2007,15.01
11/26/2007,14.88
11/27/2007,14.71
11/28/2007,14.64
11/29/2007,14.5
11/30/2007,14.4
12/1/2007,14.24
12/2/2007,14.14
12/3/2007,14.02
12/4/2007,13.9
12/5/2007,13.78
12/6/2007,13.64
12/7/2007,13.52
12/8/2007,13.45
12/9/2007,13.31
12/10/2007,13.14
12/11/2007,13.06
12/12/2007,12.92
12/13/2007,12.8
12/14/2007,12.71
12/15/2007,12.6
12/16/2007,12.46
12/17/2007,12.33
12/18/2007,12.17
12/19/2007,12
12/20/2007,11.82
12/21/2007,11.62
12/22/2007,11.46
12/23/2007,11.21
12/24/2007,11.09
12/25/2007,10.89
12/26/2007,10.66
12/27/2007,10.43
12/28/2007,10.15
12/29/2007,9.96
12/30/2007,9.79
12/31/2007,9.49
1/1/2008,9.45
1/2/2008,9.2
1/3/2008,9
1/4/2008,8.78
1/5/2008,8.54
1/6/2008,8.27
1/7/2008,8.02
1/8/2008,7.84
1/9/2008,7.65
1/10/2008,7.46
1/11/2008,7.31
1/12/2008,7.18
1/13/2008,6.86
1/14/2008,6.66
1/15/2008,6.54
1/16/2008,6.38
1/17/2008,6.28
1/18/2008,6.15
1/19/2008,5.97
1/20/2008,5.87
1/21/2008,5.73
1/22/2008,5.55
1/23/2008,5.37
1/24/2008,5.2
1/25/2008,5.1
1/26/2008,4.91
1/27/2008,4.85
1/28/2008,4.68
1/29/2008,4.63
1/30/2008,4.53
1/31/2008,4.46
2/1/2008,4.38
2/2/2008,4.33
2/3/2008,4.28
2/4/2008,4.2
2/5/2008,4.17
2/6/2008,4.17
2/7/2008,4.13
2/8/2008,4.07
2/9/2008,3.98
2/10/2008,3.94
2/11/2008,3.9
2/12/2008,3.95
2/13/2008,3.94
2/14/2008,3.83
2/15/2008,3.77
2/16/2008,3.73
2/17/2008,3.84
2/18/2008,3.78
2/19/2008,3.86
2/20/2008,3.85
2/21/2008,3.88
2/22/2008,3.98
2/23/2008,4.04
2/24/2008,4.09
2/25/2008,4.08
2/26/2008,4.06
2/27/2008,4.04
2/28/2008,4.09
2/29/2008,4.25
3/1/2008,4.29
3/2/2008,4.34
3/3/2008,4.42
3/4/2008,4.48
3/5/2008,4.51
3/6/2008,4.63
3/7/2008,4.65
3/8/2008,4.74
3/9/2008,4.76
3/10/2008,4.88
3/11/2008,5
3/12/2008,5.06
3/13/2008,5.13
3/14/2008,5.24
3/15/2008,5.3
3/16/2008,5.38
3/17/2008,5.43
3/18/2008,5.51
3/19/2008,5.51
3/20/2008,5.51
3/21/2008,6.12
3/22/2008,6.24
3/23/2008,6.28
3/24/2008,0
3/25/2008,0
3/26/2008,6.25
3/27/2008,6.33
3/28/2008,6.4
3/29/2008,6.5
3/30/2008,6.6
3/31/2008,6.66
4/1/2008,6.82
4/2/2008,6.92
4/3/2008,7.11
4/4/2008,7.24
4/5/2008,7.33
4/6/2008,7.46
4/7/2008,7.55
4/8/2008,7.61
4/9/2008,7.74
4/10/2008,7.88
4/11/2008,7.95
4/12/2008,8.06
4/13/2008,8.18
4/14/2008,8.31
4/15/2008,8.43
4/16/2008,8.54
4/17/2008,8.66
4/18/2008,8.78
4/19/2008,8.96
4/20/2008,9.07
4/21/2008,9.17
4/22/2008,9.23
4/23/2008,9.33
4/24/2008,9.39
4/25/2008,9.41
4/26/2008,9.44
4/27/2008,9.5
4/28/2008,9.55
4/29/2008,9.62
4/30/2008,9.74
5/1/2008,9.82
5/2/2008,9.95
5/3/2008,10.08
5/4/2008,10.2
5/5/2008,10.3
5/6/2008,10.4
5/7/2008,10.47
5/8/2008,10.55
5/9/2008,10.63
5/10/2008,10.73
5/11/2008,10.78
5/12/2008,10.87
5/13/2008,10.96
5/14/2008,11.09
5/15/2008,11.2
5/16/2008,11.25
5/17/2008,11.32
5/18/2008,11.41
5/19/2008,11.53
5/20/2008,11.59
5/21/2008,11.66
5/22/2008,11.79
5/23/2008,11.91
5/24/2008,12.01
5/25/2008,12.13
5/26/2008,12.22
5/27/2008,12.26
5/28/2008,12.37
5/29/2008,12.45
5/30/2008,12.61
5/31/2008,12.71
6/1/2008,12.8
6/2/2008,13
6/3/2008,13.06
6/4/2008,13.17
6/5/2008,13.28
6/6/2008,13.43
6/7/2008,13.48
6/8/2008,13.64
6/9/2008,13.73
6/10/2008,13.85
6/11/2008,13.97
6/12/2008,14.1
6/13/2008,14.16
6/14/2008,14.27
6/15/2008,14.32
6/16/2008,14.39
6/17/2008,14.44
6/18/2008,14.56
6/19/2008,14.69
6/20/2008,14.84
6/21/2008,14.93
6/22/2008,15.02
6/23/2008,15.12
6/24/2008,15.2
6/25/2008,15.29
6/26/2008,15.32
6/27/2008,15.31
6/28/2008,15.37
6/29/2008,15.31
6/30/2008,15.34
7/1/2008,15.33
7/2/2008,15.48
7/3/2008,15.57
7/4/2008,15.64
7/5/2008,15.71
7/6/2008,15.76
7/7/2008,15.86
7/8/2008,15.88
7/9/2008,15.78
7/10/2008,15.79
7/11/2008,15.9
7/12/2008,16.08
7/13/2008,16.21
7/14/2008,16.38
7/15/2008,16.46
7/16/2008,16.55
7/17/2008,16.59
7/18/2008,16.68
7/19/2008,16.77
7/20/2008,16.82
7/21/2008,16.83
7/22/2008,16.79
7/23/2008,16.76
7/24/2008,16.72
7/25/2008,16.61
7/26/2008,16.73
7/27/2008,16.8
7/28/2008,16.91
7/29/2008,17.06
7/30/2008,17.28
7/31/2008,17.34
8/1/2008,17.29
8/2/2008,17.35
8/3/2008,17.41
8/4/2008,17.46
8/5/2008,17.5
8/6/2008,17.59
8/7/2008,17.7
8/8/2008,17.76
8/9/2008,17.82
8/10/2008,17.88
8/11/2008,17.98
8/12/2008,18.09
8/13/2008,18.2
8/14/2008,18.16
8/15/2008,18.12
8/16/2008,18.09
8/17/2008,18.05
8/18/2008,18.04
8/19/2008,17.98
8/20/2008,18.02
8/21/2008,17.97
8/22/2008,17.95
8/23/2008,17.98
8/24/2008,18.06
8/25/2008,18.15
8/26/2008,18.11
8/27/2008,18.11
8/28/2008,18.16
8/29/2008,18.26
8/30/2008,18.42
8/31/2008,18.41
9/1/2008,18.45
9/2/2008,18.52
9/3/2008,18.58
9/4/2008,18.57
9/5/2008,18.53
9/6/2008,18.5
9/7/2008,18.5
9/8/2008,18.47
9/9/2008,18.47
9/10/2008,18.44
9/11/2008,18.44
9/12/2008,18.41
9/13/2008,18.44
9/14/2008,18.5
9/15/2008,18.49
9/16/2008,18.44
9/17/2008,18.49
9/18/2008,18.41
9/19/2008,18.36
9/20/2008,18.34
9/21/2008,18.28
9/22/2008,18.26
9/23/2008,18.22
9/24/2008,18.19
9/25/2008,18.27
9/26/2008,18.29
9/27/2008,18.21
9/28/2008,18.2
9/29/2008,18.26
9/30/2008,18.28
10/1/2008,18.36
10/2/2008,18.42
10/3/2008,18.44
10/4/2008,18.46
10/5/2008,18.47
10/6/2008,18.4
10/7/2008,18.41
10/8/2008,18.35
10/9/2008,18.31
10/10/2008,18.3
10/11/2008,18.28
10/12/2008,18.31
10/13/2008,18.38
10/14/2008,18.45
10/15/2008,18.33
10/16/2008,18.26
10/17/2008,18.25
10/18/2008,18.2
10/19/2008,18.2
10/20/2008,18.21
10/21/2008,18.13
10/22/2008,18.16
10/23/2008,18.12
10/24/2008,18.12
10/25/2008,18.13
10/26/2008,18.12
10/27/2008,18.15
10/28/2008,18.14
10/29/2008,18.08
10/30/2008,18
10/31/2008,18.06
11/1/2008,18.03
11/2/2008,17.98
11/3/2008,17.9
11/4/2008,17.83
11/5/2008,17.77
11/6/2008,17.67
11/7/2008,17.52
11/8/2008,17.41
11/9/2008,17.23
11/10/2008,17.1
11/11/2008,16.99
11/12/2008,16.89
11/13/2008,16.8
11/14/2008,16.72
11/15/2008,16.59
11/16/2008,16.54
11/17/2008,16.39
11/18/2008,16.18
11/19/2008,16.03
11/20/2008,15.97
11/21/2008,15.87
11/22/2008,15.78
11/23/2008,15.62
11/24/2008,15.46
11/25/2008,15.29
11/26/2008,15.18
11/27/2008,15.12
11/28/2008,14.97
11/29/2008,14.85
11/30/2008,14.71
12/1/2008,14.55
12/2/2008,14.37
12/3/2008,14.19
12/4/2008,14.12
12/5/2008,13.95
12/6/2008,13.79
12/7/2008,13.61
12/8/2008,13.38
12/9/2008,13.2
12/10/2008,13
12/11/2008,12.83
12/12/2008,12.73
12/13/2008,12.63
12/14/2008,12.52
12/15/2008,12.35
12/16/2008,12.07
12/17/2008,11.81
12/18/2008,11.6
12/19/2008,11.34
12/20/2008,11.06
12/21/2008,10.9
12/22/2008,10.64
12/23/2008,10.5
12/24/2008,10.18
12/25/2008,9.96
12/26/2008,9.72
12/27/2008,9.34
12/28/2008,9.14
12/29/2008,8.78
12/30/2008,8.41
12/31/2008,8.25
1/1/2009,8.19
1/2/2009,7.96
1/3/2009,7.78
1/4/2009,7.61
1/5/2009,7.5
1/6/2009,7.35
1/7/2009,7.18
1/8/2009,7.07
1/9/2009,6.94
1/10/2009,6.78
1/11/2009,6.69
1/12/2009,6.58
1/13/2009,6.42
1/14/2009,6.26
1/15/2009,6.09
1/16/2009,5.92
1/17/2009,5.77
1/18/2009,5.59
1/19/2009,5.47
1/20/2009,5.17
1/21/2009,5.07
1/22/2009,4.96
1/23/2009,4.75
1/24/2009,4.6
1/25/2009,4.44
1/26/2009,4.37
1/27/2009,4.24
1/28/2009,4.14
1/29/2009,3.99
1/30/2009,3.93
1/31/2009,3.83
2/1/2009,3.76
2/2/2009,3.7
2/3/2009,3.53
2/4/2009,3.39
2/5/2009,3.37
2/6/2009,3.33
2/7/2009,3.35
2/8/2009,3.3
2/9/2009,3.23
2/10/2009,3.1
2/11/2009,3.08
2/12/2009,3.03
2/13/2009,3.01
2/14/2009,2.95
2/15/2009,2.9
2/16/2009,2.87
2/17/2009,2.84
2/18/2009,2.78
2/19/2009,2.75
2/20/2009,2.77
2/21/2009,2.76
2/22/2009,2.79
2/23/2009,2.8
2/24/2009,2.84
2/25/2009,2.96
2/26/2009,2.97
2/27/2009,3.1
2/28/2009,3.22
3/1/2009,3.3
3/2/2009,3.4
3/3/2009,3.48
3/4/2009,3.59
3/5/2009,3.65
3/6/2009,3.75
3/7/2009,3.8
3/8/2009,3.82
3/9/2009,3.86
3/10/2009,3.91
3/11/2009,4.03
3/12/2009,4.11
3/13/2009,4.22
3/14/2009,4.35
3/15/2009,4.42
3/16/2009,4.55
3/17/2009,4.64
3/18/2009,4.82
3/19/2009,5.1
3/20/2009,5.18
3/21/2009,5.15
3/22/2009,5.17
3/23/2009,5.27
3/24/2009,5.31
3/25/2009,5.39
3/26/2009,5.54
3/27/2009,5.69
3/28/2009,5.76
3/29/2009,5.89
3/30/2009,6.06
3/31/2009,6.14
4/1/2009,6.25
4/2/2009,6.33
4/3/2009,6.44
4/4/2009,6.53
4/5/2009,6.65
4/6/2009,6.77
4/7/2009,6.89
4/8/2009,6.98
4/9/2009,7.15
4/10/2009,7.27
4/11/2009,7.49
4/12/2009,7.69
4/13/2009,7.8
4/14/2009,7.97
4/15/2009,8.05
4/16/2009,8.16
4/17/2009,8.25
4/18/2009,8.37
4/19/2009,8.43
4/20/2009,8.54
4/21/2009,8.67
4/22/2009,8.75
4/23/2009,8.88
4/24/2009,9
4/25/2009,9.13
4/26/2009,9.21
4/27/2009,9.29
4/28/2009,9.4
4/29/2009,9.44
4/30/2009,9.48
5/1/2009,9.56
5/2/2009,9.69
5/3/2009,9.81
5/4/2009,9.92
5/5/2009,10.02
5/6/2009,10.12
5/7/2009,10.24
5/8/2009,10.33
5/9/2009,10.47
5/10/2009,10.54
5/11/2009,10.72
5/12/2009,10.86
5/13/2009,10.98
5/14/2009,11.06
5/15/2009,11.15
5/16/2009,11.25
5/17/2009,11.34
5/18/2009,11.41
5/19/2009,11.44
5/20/2009,11.47
5/21/2009,11.52
5/22/2009,11.63
5/23/2009,11.71
5/24/2009,11.91
5/25/2009,12.05
5/26/2009,12.21
5/27/2009,12.29
5/28/2009,12.42
5/29/2009,12.52
5/30/2009,12.61
5/31/2009,12.65
6/1/2009,12.72
6/2/2009,12.86
6/3/2009,12.97
6/4/2009,13.05
6/5/2009,13.14
6/6/2009,13.28
6/7/2009,13.36
6/8/2009,13.53
6/9/2009,13.65
6/10/2009,13.76
6/11/2009,13.81
6/12/2009,13.87
6/13/2009,13.96
6/14/2009,14.05
6/15/2009,14.17
6/16/2009,14.21
6/17/2009,14.32
6/18/2009,14.48
6/19/2009,14.54
6/20/2009,14.65
6/21/2009,14.69
6/22/2009,14.8
6/23/2009,14.89
6/24/2009,15.03
6/25/2009,15.14
6/26/2009,15.16
6/27/2009,15.17
6/28/2009,15.16
6/29/2009,15.24
6/30/2009,15.26
7/1/2009,15.48
7/2/2009,15.61
7/3/2009,15.61
7/4/2009,15.57
7/5/2009,15.63
7/6/2009,15.74
7/7/2009,15.93
7/8/2009,16.1
7/9/2009,16.25
7/10/2009,16.39
7/11/2009,16.49
7/12/2009,16.63
7/13/2009,16.63
7/14/2009,16.61
7/15/2009,16.64
7/16/2009,16.76
7/17/2009,16.82
7/18/2009,16.74
7/19/2009,16.63
7/20/2009,16.69
7/21/2009,16.73
7/22/2009,16.81
7/23/2009,16.85
7/24/2009,16.94
7/25/2009,17.03
7/26/2009,17.12
7/27/2009,17.14
7/28/2009,17.23
7/29/2009,17.32
7/30/2009,17.34
7/31/2009,17.47
8/1/2009,17.57
8/2/2009,17.62
8/3/2009,17.69
8/4/2009,17.78
8/5/2009,17.95
8/6/2009,18
8/7/2009,18.03
8/8/2009,18.12
8/9/2009,18.23
8/10/2009,18.26
8/11/2009,18.34
8/12/2009,18.39
8/13/2009,18.41
8/14/2009,18.52
8/15/2009,18.54
8/16/2009,18.56
8/17/2009,18.55
8/18/2009,18.6
8/19/2009,18.57
8/20/2009,18.63
8/21/2009,18.64
8/22/2009,18.64
8/23/2009,18.68
8/24/2009,18.65
8/25/2009,18.68
8/26/2009,18.74
8/27/2009,18.8
8/28/2009,18.81
8/29/2009,18.78
8/30/2009,18.81
8/31/2009,18.8
9/1/2009,18.83
9/2/2009,18.93
9/3/2009,19.02
9/4/2009,19.08
9/5/2009,19.15
9/6/2009,19.11
9/7/2009,19.1
9/8/2009,19.09
9/9/2009,19.13
9/10/2009,19.13
9/11/2009,19.14
9/12/2009,19.15
9/13/2009,19.23
9/14/2009,19.17
9/15/2009,19.21
9/16/2009,19.22
9/17/2009,19.24
9/18/2009,19.3
9/19/2009,19.39
9/20/2009,19.45
9/21/2009,19.53
9/22/2009,19.5
9/23/2009,19.5
9/24/2009,19.52
9/25/2009,19.45
9/26/2009,19.4
9/27/2009,19.3
9/28/2009,19.27
9/29/2009,19.16
9/30/2009,19.11
10/1/2009,19.1
10/2/2009,19.13
10/3/2009,19.11
10/4/2009,19.15
10/5/2009,19.06
10/6/2009,18.94
10/7/2009,18.92
10/8/2009,18.82
10/9/2009,18.82
10/10/2009,18.76
10/11/2009,18.72
10/12/2009,18.73
10/13/2009,18.67
10/14/2009,18.59
10/15/2009,18.49
10/16/2009,18.43
10/17/2009,18.41
10/18/2009,18.41
10/19/2009,18.38
10/20/2009,18.38
10/21/2009,18.35
10/22/2009,18.29
10/23/2009,18.23
10/24/2009,18.18
10/25/2009,18.14
10/26/2009,17.95
10/27/2009,17.88
10/28/2009,17.81
10/29/2009,17.77
10/30/2009,17.73
10/31/2009,17.66
11/1/2009,17.52
11/2/2009,17.45
11/3/2009,17.35
11/4/2009,17.26
11/5/2009,17.19
11/6/2009,17.08
11/7/2009,17.04
11/8/2009,16.93
11/9/2009,16.81
11/10/2009,16.75
11/11/2009,16.73
11/12/2009,16.67
11/13/2009,16.53
11/14/2009,16.42
11/15/2009,16.28
11/16/2009,16.18
11/17/2009,15.98
11/18/2009,15.85
11/19/2009,15.69
11/20/2009,15.54
11/21/2009,15.45
11/22/2009,15.33
11/23/2009,15.21
11/24/2009,15.05
11/25/2009,14.88
11/26/2009,14.75
11/27/2009,14.62
11/28/2009,14.47
11/29/2009,14.27
11/30/2009,14.12
12/1/2009,13.93
12/2/2009,13.7
12/3/2009,13.58
12/4/2009,13.37
12/5/2009,13.2
12/6/2009,12.94
12/7/2009,12.73
12/8/2009,12.51
12/9/2009,12.38
12/10/2009,12.2
12/11/2009,12
12/12/2009,11.82
12/13/2009,11.55
12/14/2009,11.36
12/15/2009,11.16
12/16/2009,11.04
12/17/2009,10.82
12/18/2009,10.55
12/19/2009,10.35
12/20/2009,10.22
12/21/2009,10.03
12/22/2009,9.81
12/23/2009,9.59
12/24/2009,9.39
12/25/2009,9.16
12/26/2009,8.95
12/27/2009,8.79
12/28/2009,8.56
12/29/2009,8.33
12/30/2009,8.06
12/31/2009,7.87
1/1/2010,7.62
1/2/2010,7.27
1/3/2010,6.95
1/4/2010,6.7
1/5/2010,6.41
1/6/2010,6.19
1/7/2010,6.08
1/8/2010,5.86
1/9/2010,5.69
1/10/2010,5.48
1/11/2010,5.3
1/12/2010,5.11
1/13/2010,4.97
1/14/2010,4.91
1/15/2010,4.81
1/16/2010,4.74
1/17/2010,4.67
1/18/2010,4.59
1/19/2010,4.44
1/20/2010,4.37
1/21/2010,4.32
1/22/2010,4.32
1/23/2010,4.28
1/24/2010,4.13
1/25/2010,4.05
1/26/2010,4.01
1/27/2010,3.93
1/28/2010,3.85
1/29/2010,3.75
1/30/2010,3.68
1/31/2010,3.63
2/1/2010,3.57
2/2/2010,3.55
2/3/2010,3.52
2/4/2010,3.47
2/5/2010,3.41
2/6/2010,3.35
2/7/2010,3.24
2/8/2010,3.16
2/9/2010,3.19
2/10/2010,3.13
2/11/2010,3.06
2/12/2010,2.96
2/13/2010,2.86
2/14/2010,2.9
2/15/2010,2.92
2/16/2010,2.95
2/17/2010,2.94
2/18/2010,2.9
2/19/2010,2.93
2/20/2010,2.91
2/21/2010,2.97
2/22/2010,3.07
2/23/2010,3.13
2/24/2010,3.17
2/25/2010,3.19
2/26/2010,3.21
2/27/2010,3.22
2/28/2010,3.22
3/1/2010,3.21
3/2/2010,3.29
3/3/2010,3.29
3/4/2010,3.31
3/5/2010,3.4
3/6/2010,3.47
3/7/2010,3.53
3/8/2010,3.64
3/9/2010,3.7
3/10/2010,3.74
3/11/2010,3.77
3/12/2010,3.81
3/13/2010,3.82
3/14/2010,3.86
3/15/2010,3.84
3/16/2010,3.89
3/17/2010,3.88
3/18/2010,3.92
3/19/2010,3.97
3/20/2010,3.95
3/21/2010,3.97
3/22/2010,4
3/23/2010,4.08
3/24/2010,4.22
3/25/2010,4.36
3/26/2010,4.51
3/27/2010,4.62
3/28/2010,4.72
3/29/2010,4.77
3/30/2010,4.96
3/31/2010,5.06
4/1/2010,5.2
4/2/2010,5.33
4/3/2010,5.45
4/4/2010,5.6
4/5/2010,5.71
4/6/2010,5.8
4/7/2010,5.89
4/8/2010,5.96
4/9/2010,6.08
4/10/2010,6.19
4/11/2010,6.24
4/12/2010,6.34
4/13/2010,6.43
4/14/2010,6.56
4/15/2010,6.68
4/16/2010,6.82
4/17/2010,6.98
4/18/2010,7.17
4/19/2010,7.27
4/20/2010,7.4
4/21/2010,7.48
4/22/2010,7.6
4/23/2010,7.78
4/24/2010,7.96
4/25/2010,8.18
4/26/2010,8.28
4/27/2010,8.32
4/28/2010,8.43
4/29/2010,8.61
4/30/2010,8.76
5/1/2010,8.85
5/2/2010,8.97
5/3/2010,9.09
5/4/2010,9.22
5/5/2010,9.38
5/6/2010,9.6
5/7/2010,9.75
5/8/2010,9.83
5/9/2010,9.88
5/10/2010,9.96
5/11/2010,10.04
5/12/2010,10.22
5/13/2010,10.39
5/14/2010,10.49
5/15/2010,10.61
5/16/2010,10.73
5/17/2010,10.92
5/18/2010,11.05
5/19/2010,11.12
5/20/2010,11.22
5/21/2010,11.39
5/22/2010,11.6
5/23/2010,11.88
5/24/2010,12.02
5/25/2010,12.18
5/26/2010,12.3
5/27/2010,12.51
5/28/2010,12.65
5/29/2010,12.72
5/30/2010,12.83
5/31/2010,12.91
6/1/2010,13.06
6/2/2010,13.15
6/3/2010,13.18
6/4/2010,13.34
6/5/2010,13.53
6/6/2010,13.61
6/7/2010,13.7
6/8/2010,13.84
6/9/2010,13.97
6/10/2010,14.1
6/11/2010,14.19
6/12/2010,14.25
6/13/2010,14.29
6/14/2010,14.41
6/15/2010,14.56
6/16/2010,14.68
6/17/2010,14.81
6/18/2010,14.96
6/19/2010,15.06
6/20/2010,15.17
6/21/2010,15.21
6/22/2010,15.36
6/23/2010,15.48
6/24/2010,15.59
6/25/2010,15.67
6/26/2010,15.79
6/27/2010,15.91
6/28/2010,15.94
6/29/2010,16.12
6/30/2010,16.17
7/1/2010,16.23
7/2/2010,16.29
7/3/2010,16.29
7/4/2010,16.39
7/5/2010,16.52
7/6/2010,16.65
7/7/2010,16.65
7/8/2010,16.65
7/9/2010,16.72
7/10/2010,16.83
7/11/2010,16.94
7/12/2010,17.03
7/13/2010,17.14
7/14/2010,17.18
7/15/2010,17.19
7/16/2010,17.25
7/17/2010,17.26
7/18/2010,17.27
7/19/2010,17.42
7/20/2010,17.46
7/21/2010,17.42
7/22/2010,17.44
7/23/2010,17.47
7/24/2010,17.44
7/25/2010,17.52
7/26/2010,17.61
7/27/2010,17.65
7/28/2010,17.68
7/29/2010,17.8
7/30/2010,17.94
7/31/2010,17.99
8/1/2010,18.06
8/2/2010,18.13
8/3/2010,18.16
8/4/2010,18.25
8/5/2010,18.4
8/6/2010,18.49
8/7/2010,18.47
8/8/2010,18.6
8/9/2010,18.62
8/10/2010,18.69
8/11/2010,18.75
8/12/2010,18.87
8/13/2010,18.97
8/14/2010,18.99
8/15/2010,19.08
8/16/2010,19.03
8/17/2010,19.03
8/18/2010,19.04
8/19/2010,18.95
8/20/2010,18.95
8/21/2010,19.03
8/22/2010,19.07
8/23/2010,19.14
8/24/2010,19.24
8/25/2010,19.24
8/26/2010,19.21
8/27/2010,19.15
8/28/2010,19.16
8/29/2010,19.15
8/30/2010,19.07
8/31/2010,19.05
9/1/2010,19.1
9/2/2010,19.15
9/3/2010,19.23
9/4/2010,19.21
9/5/2010,19.24
9/6/2010,19.28
9/7/2010,19.23
9/8/2010,19.22
9/9/2010,19.19
9/10/2010,19.18
9/11/2010,19.19
9/12/2010,19.21
9/13/2010,19.19
9/14/2010,19.14
9/15/2010,19.09
9/16/2010,19.05
9/17/2010,19.03
9/18/2010,18.99
9/19/2010,18.9
9/20/2010,18.84
9/21/2010,18.93
9/22/2010,19.02
9/23/2010,19.05
9/24/2010,19.07
9/25/2010,19.1
9/26/2010,19.04
9/27/2010,18.96
9/28/2010,19.01
9/29/2010,19.06
9/30/2010,19.04
10/1/2010,19.08
10/2/2010,19.11
10/3/2010,19.14
10/4/2010,19.19
10/5/2010,19.15
10/6/2010,19.14
10/7/2010,19.14
10/8/2010,19.11
10/9/2010,19.09
10/10/2010,19.04
10/11/2010,19.06
10/12/2010,19.01
10/13/2010,18.97
10/14/2010,18.96
10/15/2010,18.94
10/16/2010,18.89
10/17/2010,18.85
10/18/2010,18.84
10/19/2010,18.79
10/20/2010,18.7
10/21/2010,18.73
10/22/2010,18.71
10/23/2010,18.65
10/24/2010,18.65
10/25/2010,18.57
10/26/2010,18.5
10/27/2010,18.44
10/28/2010,18.39
10/29/2010,18.34
10/30/2010,18.3
10/31/2010,18.21
11/1/2010,18.1
11/2/2010,18.07
11/3/2010,17.93
11/4/2010,17.85
11/5/2010,17.89
11/6/2010,17.84
11/7/2010,17.71
11/8/2010,17.66
11/9/2010,17.63
11/10/2010,17.46
11/11/2010,17.36
11/12/2010,17.37
11/13/2010,17.31
11/14/2010,17.24
11/15/2010,17.19
11/16/2010,17.07
11/17/2010,16.99
11/18/2010,16.94
11/19/2010,16.85
11/20/2010,16.73
11/21/2010,16.66
11/22/2010,16.56
11/23/2010,16.47
11/24/2010,16.34
11/25/2010,16.21
11/26/2010,16.1
11/27/2010,15.93
11/28/2010,15.79
11/29/2010,15.64
11/30/2010,15.5
12/1/2010,15.27
12/2/2010,15.07
12/3/2010,14.88
12/4/2010,14.77
12/5/2010,14.58
12/6/2010,14.37
12/7/2010,14.09
12/8/2010,13.77
12/9/2010,13.54
12/10/2010,13.35
12/11/2010,13.07
12/12/2010,12.88
12/13/2010,12.72
12/14/2010,12.45
12/15/2010,12.22
12/16/2010,11.84
12/17/2010,11.44
12/18/2010,11.09
12/19/2010,10.9
12/20/2010,10.57
12/21/2010,10.27
12/22/2010,9.98
12/23/2010,9.77
12/24/2010,9.52
12/25/2010,9.2
12/26/2010,8.84
12/27/2010,8.53
12/28/2010,8.19
12/29/2010,7.9
12/30/2010,7.52
12/31/2010,7.33
1/1/2011,7.08
1/2/2011,6.84
1/3/2011,6.66
1/4/2011,6.5
1/5/2011,6.36
1/6/2011,6.25
1/7/2011,6.07
1/8/2011,5.89
1/9/2011,5.67
1/10/2011,5.47
1/11/2011,5.26
1/12/2011,5.04
1/13/2011,4.96
1/14/2011,4.71
1/15/2011,4.46
1/16/2011,4.3
1/17/2011,4.12
1/18/2011,3.92
1/19/2011,3.74
1/20/2011,3.6
1/21/2011,3.53
1/22/2011,3.51
1/23/2011,3.39
1/24/2011,3.39
1/25/2011,3.33
1/26/2011,3.28
1/27/2011,3.19
1/28/2011,3.14
1/29/2011,3.09
1/30/2011,3
1/31/2011,2.96
2/1/2011,2.91
2/2/2011,2.88
2/3/2011,2.85
2/4/2011,2.8
2/5/2011,2.74
2/6/2011,2.67
2/7/2011,2.63
2/8/2011,2.63
2/9/2011,2.6
2/10/2011,2.56
2/11/2011,2.54
2/12/2011,2.54
2/13/2011,2.51
2/14/2011,2.47
2/15/2011,2.41
2/16/2011,2.38
2/17/2011,2.36
2/18/2011,2.36
2/19/2011,2.36
2/20/2011,2.35
2/21/2011,2.33
2/22/2011,2.37
2/23/2011,2.37
2/24/2011,2.38
2/25/2011,2.41
2/26/2011,2.45
2/27/2011,2.48
2/28/2011,2.59
3/1/2011,2.67
3/2/2011,2.62
3/3/2011,2.68
3/4/2011,2.7
3/5/2011,2.77
3/6/2011,2.84
3/7/2011,2.93
3/8/2011,3.07
3/9/2011,3.11
3/10/2011,3.14
3/11/2011,3.2
3/12/2011,3.28
3/13/2011,3.32
3/14/2011,3.38
3/15/2011,3.47
3/16/2011,3.57
3/17/2011,3.67
3/18/2011,3.7
3/19/2011,3.77
3/20/2011,3.78
3/21/2011,3.8
3/22/2011,3.89
3/23/2011,3.98
3/24/2011,4.03
3/25/2011,4.12
3/26/2011,4.12
3/27/2011,4.19
3/28/2011,4.22
3/29/2011,4.28
3/30/2011,4.38
3/31/2011,4.46
4/1/2011,4.55
4/2/2011,4.61
4/3/2011,4.68
4/4/2011,4.76
4/5/2011,4.88
4/6/2011,5.13
4/7/2011,5.28
4/8/2011,5.34
4/9/2011,5.56
4/10/2011,5.78
4/11/2011,5.87
4/12/2011,5.96
4/13/2011,6.06
4/14/2011,6.15
4/15/2011,6.17
4/16/2011,6.35
4/17/2011,6.58
4/18/2011,6.72
4/19/2011,6.84
4/20/2011,6.88
4/21/2011,6.95
4/22/2011,7.02
4/23/2011,7.11
4/24/2011,7.27
4/25/2011,7.41
4/26/2011,7.56
4/27/2011,7.66
4/28/2011,7.78
4/29/2011,7.97
4/30/2011,8.11
5/1/2011,8.27
5/2/2011,8.43
5/3/2011,8.51
5/4/2011,8.6
5/5/2011,8.68
5/6/2011,8.85
5/7/2011,8.94
5/8/2011,9.06
5/9/2011,9.28
5/10/2011,9.51
5/11/2011,9.72
5/12/2011,9.91
5/13/2011,10.03
5/14/2011,10.18
5/15/2011,10.31
5/16/2011,10.46
5/17/2011,10.53
5/18/2011,10.59
5/19/2011,10.76
5/20/2011,10.92
5/21/2011,11.01
5/22/2011,11.19
5/23/2011,11.34
5/24/2011,11.54
5/25/2011,11.53
5/26/2011,11.58
5/27/2011,11.76
5/28/2011,11.92
5/29/2011,12.07
5/30/2011,12.19
5/31/2011,12.33
6/1/2011,12.43
6/2/2011,12.44
6/3/2011,12.43
6/4/2011,12.5
6/5/2011,12.66
6/6/2011,12.79
6/7/2011,12.85
6/8/2011,12.91
6/9/2011,12.97
6/10/2011,13.1
6/11/2011,13.25
6/12/2011,13.36
6/13/2011,13.48
6/14/2011,13.6
6/15/2011,13.75
6/16/2011,13.71
6/17/2011,13.82
6/18/2011,13.91
6/19/2011,13.96
6/20/2011,13.99
6/21/2011,14.05
6/22/2011,14.16
6/23/2011,14.21
6/24/2011,14.21
6/25/2011,14.25
6/26/2011,14.32
6/27/2011,14.43
6/28/2011,14.47
6/29/2011,14.56
6/30/2011,14.64
7/1/2011,14.71
7/2/2011,14.83
7/3/2011,14.91
7/4/2011,14.94
7/5/2011,14.97
7/6/2011,14.97
7/7/2011,14.97
7/8/2011,15.06
7/9/2011,15.21
7/10/2011,15.31
7/11/2011,15.49
7/12/2011,15.7
7/13/2011,15.73
7/14/2011,15.78
7/15/2011,15.97
7/16/2011,16.08
7/17/2011,16.2
7/18/2011,16.39
7/19/2011,16.47
7/20/2011,16.6
7/21/2011,16.74
7/22/2011,16.78
7/23/2011,16.8
7/24/2011,16.82
7/25/2011,17.02
7/26/2011,17.18
7/27/2011,17.23
7/28/2011,17.27
7/29/2011,17.29
7/30/2011,17.35
7/31/2011,17.44
8/1/2011,17.48
8/2/2011,17.63
8/3/2011,17.71
8/4/2011,17.79
8/5/2011,17.81
8/6/2011,17.79
8/7/2011,17.82
8/8/2011,17.81
8/9/2011,17.85
8/10/2011,17.94
8/11/2011,17.96
8/12/2011,18.1
8/13/2011,18.14
8/14/2011,18.15
8/15/2011,18.18
8/16/2011,18.23
8/17/2011,18.23
8/18/2011,18.32
8/19/2011,18.29
8/20/2011,18.33
8/21/2011,18.39
8/22/2011,18.39
8/23/2011,18.38
8/24/2011,18.17
8/25/2011,18.14
8/26/2011,18.24
8/27/2011,18.36
8/28/2011,18.44
8/29/2011,18.51
8/30/2011,18.61
8/31/2011,18.7
9/1/2011,18.79
9/2/2011,18.88
9/3/2011,18.89
9/4/2011,18.87
9/5/2011,18.86
9/6/2011,18.83
9/7/2011,18.82
9/8/2011,18.83
9/9/2011,18.87
9/10/2011,18.88
9/11/2011,18.89
9/12/2011,18.93
9/13/2011,19
9/14/2011,18.99
9/15/2011,19.06
9/16/2011,19.09
9/17/2011,19.12
9/18/2011,19.15
9/19/2011,19.14
9/20/2011,19.14
9/21/2011,19.13
9/22/2011,19.15
9/23/2011,19.12
9/24/2011,19.07
9/25/2011,19.11
9/26/2011,19.07
9/27/2011,19.09
9/28/2011,19.03
9/29/2011,19.05
9/30/2011,19.08
10/1/2011,19.18
10/2/2011,19.18
10/3/2011,19.11
10/4/2011,19.11
10/5/2011,19.11
10/6/2011,19.06
10/7/2011,19
10/8/2011,18.93
10/9/2011,18.88
10/10/2011,18.79
10/11/2011,18.72
10/12/2011,18.62
10/13/2011,18.54
10/14/2011,18.46
10/15/2011,18.38
10/16/2011,18.39
10/17/2011,18.37
10/18/2011,18.28
10/19/2011,18.25
10/20/2011,18.19
10/21/2011,18.15
10/22/2011,18.07
10/23/2011,18.01
10/24/2011,17.99
10/25/2011,17.91
10/26/2011,17.85
10/27/2011,17.79
10/28/2011,17.77
10/29/2011,17.75
10/30/2011,17.69
10/31/2011,17.66
11/1/2011,17.62
11/2/2011,17.53
11/3/2011,17.42
11/4/2011,17.32
11/5/2011,17.26
11/6/2011,17.22
11/7/2011,17.12
11/8/2011,17.02
11/9/2011,16.95
11/10/2011,16.84
11/11/2011,16.81
11/12/2011,16.67
11/13/2011,16.49
11/14/2011,16.3
11/15/2011,16.12
11/16/2011,16.02
11/17/2011,15.84
11/18/2011,15.7
11/19/2011,15.53
11/20/2011,15.38
11/21/2011,15.23
11/22/2011,15.16
11/23/2011,15.07
11/24/2011,14.95
11/25/2011,14.85
11/26/2011,14.72
11/27/2011,14.57
11/28/2011,14.44
11/29/2011,14.36
11/30/2011,14.2
12/1/2011,14.11
12/2/2011,14.03
12/3/2011,13.96
12/4/2011,13.85
12/5/2011,13.72
12/6/2011,13.63
12/7/2011,13.44
12/8/2011,13.27
12/9/2011,13.13
12/10/2011,12.93
12/11/2011,12.78
12/12/2011,12.62
12/13/2011,12.42
12/14/2011,12.33
12/15/2011,12.02
12/16/2011,11.9
12/17/2011,11.69
12/18/2011,11.38
12/19/2011,11.16
12/20/2011,10.88
12/21/2011,10.58
12/22/2011,10.26
12/23/2011,9.96
12/24/2011,9.68
12/25/2011,9.35
12/26/2011,9.05
12/27/2011,8.75
12/28/2011,8.53
12/29/2011,8.39
12/30/2011,8.26
12/31/2011,8.05
1/1/2012,7.82
1/2/2012,7.64
1/3/2012,7.48
1/4/2012,7.35
1/5/2012,7.17
1/6/2012,7
1/7/2012,6.81
1/8/2012,6.68
1/9/2012,6.56
1/10/2012,6.37
1/11/2012,6.21
1/12/2012,6.14
1/13/2012,6.02
1/14/2012,5.8
1/15/2012,5.63
1/16/2012,5.53
1/17/2012,5.38
1/18/2012,5.29
1/19/2012,5.27
1/20/2012,5.15
1/21/2012,5.04
1/22/2012,4.96
1/23/2012,4.86
1/24/2012,4.81
1/25/2012,4.74
1/26/2012,4.66
1/27/2012,4.59
1/28/2012,4.52
1/29/2012,4.5
1/30/2012,4.37
1/31/2012,4.32
2/1/2012,4.29
2/2/2012,4.22
2/3/2012,4.22
2/4/2012,4.15
2/5/2012,4.06
2/6/2012,3.99
2/7/2012,3.94
2/8/2012,3.91
2/9/2012,3.83
2/10/2012,3.76
2/11/2012,3.74
2/12/2012,3.73
2/13/2012,3.62
2/14/2012,3.63
2/15/2012,3.55
2/16/2012,3.46
2/17/2012,3.44
2/18/2012,3.43
2/19/2012,3.41
2/20/2012,3.37
2/21/2012,3.31
2/22/2012,3.29
2/23/2012,3.24
2/24/2012,3.3
2/25/2012,3.34
2/26/2012,3.33
2/27/2012,3.38
2/28/2012,3.41
2/29/2012,3.45
3/1/2012,3.51
3/2/2012,3.56
3/3/2012,3.56
3/4/2012,3.63
3/5/2012,3.72
3/6/2012,3.79
3/7/2012,3.85
3/8/2012,3.97
3/9/2012,4.08
3/10/2012,4.19
3/11/2012,4.3
3/12/2012,4.43
3/13/2012,4.61
3/14/2012,4.68
3/15/2012,4.74
3/16/2012,4.83
3/17/2012,4.92
3/18/2012,4.99
3/19/2012,5.08
3/20/2012,5.13
3/21/2012,5.21
3/22/2012,5.29
3/23/2012,5.32
3/24/2012,5.36
3/25/2012,5.44
3/26/2012,5.59
3/27/2012,5.73
3/28/2012,5.81
3/29/2012,5.82
3/30/2012,5.91
3/31/2012,5.98
4/1/2012,6.07
4/2/2012,6.15
4/3/2012,6.26
4/4/2012,6.32
4/5/2012,6.4
4/6/2012,6.42
4/7/2012,6.49
4/8/2012,6.54
4/9/2012,6.57
4/10/2012,6.68
4/11/2012,6.89
4/12/2012,7.03
4/13/2012,7.15
4/14/2012,7.28
4/15/2012,7.4
4/16/2012,7.55
4/17/2012,7.64
4/18/2012,7.76
4/19/2012,7.81
4/20/2012,7.94
4/21/2012,8.08
4/22/2012,8.18
4/23/2012,8.3
4/24/2012,8.42
4/25/2012,8.57
4/26/2012,8.7
4/27/2012,8.78
4/28/2012,8.9
4/29/2012,9
4/30/2012,9.05
5/1/2012,9.15
5/2/2012,9.31
5/3/2012,9.38
5/4/2012,9.44
5/5/2012,9.53
5/6/2012,9.68
5/7/2012,9.89
5/8/2012,9.98
5/9/2012,10.16
5/10/2012,10.2
5/11/2012,10.17
5/12/2012,10.3
5/13/2012,10.41
5/14/2012,10.46
5/15/2012,10.6
5/16/2012,10.7
5/17/2012,10.77
5/18/2012,10.9
5/19/2012,10.98
5/20/2012,11.06
5/21/2012,11.19
5/22/2012,11.26
5/23/2012,11.29
5/24/2012,11.38
5/25/2012,11.48
5/26/2012,11.55
5/27/2012,11.81
5/28/2012,11.94
5/29/2012,12
5/30/2012,12.06
5/31/2012,12.13
6/1/2012,12.19
6/2/2012,12.32
6/3/2012,12.44
6/4/2012,12.53
6/5/2012,12.6
6/6/2012,12.73
6/7/2012,12.82
6/8/2012,12.97
6/9/2012,13.13
6/10/2012,13.29
6/11/2012,13.37
6/12/2012,13.46
6/13/2012,13.54
6/14/2012,13.67
6/15/2012,13.79
6/16/2012,13.89
6/17/2012,14.07
6/18/2012,14.15
6/19/2012,14.23
6/20/2012,14.33
6/21/2012,14.44
6/22/2012,14.51
6/23/2012,14.59
6/24/2012,14.66
6/25/2012,14.82
6/26/2012,14.92
6/27/2012,15.08
6/28/2012,15.19
6/29/2012,15.23
6/30/2012,15.27
7/1/2012,15.35
7/2/2012,15.41
7/3/2012,15.55
7/4/2012,15.6
7/5/2012,15.73
7/6/2012,15.89
7/7/2012,15.96
7/8/2012,16.05
7/9/2012,16.14
7/10/2012,16.21
7/11/2012,16.35
7/12/2012,16.38
7/13/2012,16.39
7/14/2012,16.45
7/15/2012,16.48
7/16/2012,16.6
7/17/2012,16.73
7/18/2012,16.75
7/19/2012,16.76
7/20/2012,16.8
7/21/2012,16.81
7/22/2012,16.9
7/23/2012,17.04
7/24/2012,17.1
7/25/2012,17.23
7/26/2012,17.31
7/27/2012,17.3
7/28/2012,17.35
7/29/2012,17.38
7/30/2012,17.38
7/31/2012,17.57
8/1/2012,17.69
8/2/2012,17.78
8/3/2012,17.83
8/4/2012,17.97
8/5/2012,17.98
8/6/2012,18.02
8/7/2012,18.07
8/8/2012,18.11
8/9/2012,18.32
8/10/2012,18.18
8/11/2012,18.25
8/12/2012,18.28
8/13/2012,18.28
8/14/2012,18.32
8/15/2012,18.3
8/16/2012,18.29
8/17/2012,18.3
8/18/2012,18.3
8/19/2012,18.33
8/20/2012,18.38
8/21/2012,18.42
8/22/2012,18.49
8/23/2012,18.52
8/24/2012,18.55
8/25/2012,18.58
8/26/2012,18.65
8/27/2012,18.77
8/28/2012,18.82
8/29/2012,18.86
8/30/2012,18.85
8/31/2012,18.86
9/1/2012,18.92
9/2/2012,18.98
9/3/2012,19.02
9/4/2012,19.06
9/5/2012,19.07
9/6/2012,19.16
9/7/2012,19.22
9/8/2012,19.3
9/9/2012,19.51
9/10/2012,19.55
9/11/2012,19.57
9/12/2012,19.62
9/13/2012,19.64
9/14/2012,19.62
9/15/2012,19.65
9/16/2012,19.57
9/17/2012,19.51
9/18/2012,19.48
9/19/2012,19.54
9/20/2012,19.61
9/21/2012,19.63
9/22/2012,19.73
9/23/2012,19.69
9/24/2012,19.69
9/25/2012,19.71
9/26/2012,19.67
9/27/2012,19.59
9/28/2012,19.55
9/29/2012,19.45
9/30/2012,19.4
10/1/2012,19.4
10/2/2012,19.38
10/3/2012,19.4
10/4/2012,19.33
10/5/2012,19.26
10/6/2012,19.26
10/7/2012,19.24
10/8/2012,19.14
10/9/2012,19.11
10/10/2012,19.08
10/11/2012,19.01
10/12/2012,18.97
10/13/2012,18.88
10/14/2012,18.85
10/15/2012,18.8
10/16/2012,18.82
10/17/2012,18.79
10/18/2012,18.75
10/19/2012,18.72
10/20/2012,18.71
10/21/2012,18.66
10/22/2012,18.62
10/23/2012,18.53
10/24/2012,18.46
10/25/2012,18.44
10/26/2012,18.37
10/27/2012,18.31
10/28/2012,18.17
10/29/2012,18.14
10/30/2012,18.12
10/31/2012,18.03
11/1/2012,17.99
11/2/2012,17.93
11/3/2012,17.86
11/4/2012,17.72
11/5/2012,17.65
11/6/2012,17.55
11/7/2012,17.46
11/8/2012,17.37
11/9/2012,17.28
11/10/2012,17.18
11/11/2012,17.1
11/12/2012,17.02
11/13/2012,16.94
11/14/2012,16.78
11/15/2012,16.61
11/16/2012,16.52
11/17/2012,16.4
11/18/2012,16.25
11/19/2012,16.12
11/20/2012,15.94
11/21/2012,15.78
11/22/2012,15.59
11/23/2012,15.45
11/24/2012,15.29
11/25/2012,15.11
11/26/2012,14.76
11/27/2012,14.53
11/28/2012,14.37
11/29/2012,14.24
11/30/2012,14.06
12/1/2012,13.89
12/2/2012,13.69
12/3/2012,13.38
12/4/2012,13.1
12/5/2012,13
12/6/2012,12.82
12/7/2012,12.64
12/8/2012,12.45
12/9/2012,12.29
12/10/2012,12.07
12/11/2012,11.89
12/12/2012,11.69
12/13/2012,11.48
12/14/2012,11.2
12/15/2012,10.92
12/16/2012,10.6
12/17/2012,10.36
12/18/2012,10.12
12/19/2012,9.95
12/20/2012,9.76
12/21/2012,9.49
12/22/2012,9.24
12/23/2012,8.98
12/24/2012,8.71
12/25/2012,8.5
12/26/2012,8.35
12/27/2012,8.19
12/28/2012,7.94
12/29/2012,7.65
12/30/2012,7.46
12/31/2012,7.34
1/1/2013,7.17
1/2/2013,7.09
1/3/2013,6.96
1/4/2013,6.8
1/5/2013,6.7
1/6/2013,6.62
1/7/2013,6.5
1/8/2013,6.38
1/9/2013,6.22
1/10/2013,6.15
1/11/2013,6
1/12/2013,5.88
1/13/2013,5.82
1/14/2013,5.7
1/15/2013,5.59
1/16/2013,5.5
1/17/2013,5.42
1/18/2013,5.31
1/19/2013,5.22
1/20/2013,5.12
1/21/2013,5.03
1/22/2013,4.97
1/23/2013,4.91
1/24/2013,4.83
1/25/2013,4.67
1/26/2013,4.62
1/27/2013,4.59
1/28/2013,4.52
1/29/2013,4.43
1/30/2013,4.31
1/31/2013,4.28
2/1/2013,4.21
2/2/2013,4.18
2/3/2013,4.05
2/4/2013,3.97
2/5/2013,3.96
2/6/2013,3.94
2/7/2013,3.89
2/8/2013,3.87
2/9/2013,3.82
2/10/2013,3.76
2/11/2013,3.78
2/12/2013,3.73
2/13/2013,3.69
2/14/2013,3.72
2/15/2013,3.7
2/16/2013,3.71
2/17/2013,3.69
2/18/2013,3.71
2/19/2013,3.69
2/20/2013,3.73
2/21/2013,3.8
2/22/2013,3.9
2/23/2013,3.85
2/24/2013,3.89
2/25/2013,3.86
2/26/2013,3.86
2/27/2013,3.95
2/28/2013,4
3/1/2013,4.08
3/2/2013,4.19
3/3/2013,4.22
3/4/2013,4.24
3/5/2013,4.29
3/6/2013,4.4
3/7/2013,4.52
3/8/2013,4.59
3/9/2013,4.69
3/10/2013,4.84
3/11/2013,4.85
3/12/2013,4.95
3/13/2013,5.03
3/14/2013,5.07
3/15/2013,5.09
3/16/2013,5.14
3/17/2013,5.22
3/18/2013,5.29
3/19/2013,5.35
3/20/2013,5.36
3/21/2013,5.45
3/22/2013,5.54
3/23/2013,5.6
3/24/2013,5.68
3/25/2013,5.77
3/26/2013,5.81
3/27/2013,5.87
3/28/2013,5.95
3/29/2013,6.06
3/30/2013,6.14
3/31/2013,6.23
4/1/2013,6.32
4/2/2013,6.46
4/3/2013,6.52
4/4/2013,6.64
4/5/2013,6.76
4/6/2013,6.87
4/7/2013,6.97
4/8/2013,7.08
4/9/2013,7.18
4/10/2013,7.25
4/11/2013,7.37
4/12/2013,7.46
4/13/2013,7.55
4/14/2013,7.64
4/15/2013,7.72
4/16/2013,7.74
4/17/2013,7.89
4/18/2013,8.03
4/19/2013,8.09
4/20/2013,8.13
4/21/2013,8.22
4/22/2013,8.33
4/23/2013,8.49
4/24/2013,8.61
4/25/2013,8.74
4/26/2013,8.83
4/27/2013,8.93
4/28/2013,9.07
4/29/2013,9.17
4/30/2013,9.35
5/1/2013,9.42
5/2/2013,9.57
5/3/2013,9.72
5/4/2013,9.83
5/5/2013,9.9
5/6/2013,10
5/7/2013,10.17
5/8/2013,10.27
5/9/2013,10.39
5/10/2013,10.5
5/11/2013,10.64
5/12/2013,10.79
5/13/2013,10.9
5/14/2013,10.95
5/15/2013,11.07
5/16/2013,11.17
5/17/2013,11.29
5/18/2013,11.38
5/19/2013,11.51
5/20/2013,11.61
5/21/2013,11.73
5/22/2013,11.85
5/23/2013,11.96
5/24/2013,12.09
5/25/2013,12.19
5/26/2013,12.31
5/27/2013,12.36
5/28/2013,12.36
5/29/2013,12.41
5/30/2013,12.59
5/31/2013,12.69
6/1/2013,12.81
6/2/2013,13
6/3/2013,13.22
6/4/2013,13.4
6/5/2013,13.47
6/6/2013,13.6
6/7/2013,13.64
6/8/2013,13.7
6/9/2013,13.81
6/10/2013,13.89
6/11/2013,13.92
6/12/2013,13.97
6/13/2013,14.17
6/14/2013,14.3
6/15/2013,14.5
6/16/2013,14.7
6/17/2013,14.74
6/18/2013,14.84
6/19/2013,14.82
6/20/2013,14.8
6/21/2013,14.93
6/22/2013,15.04
6/23/2013,15.07
6/24/2013,15.15
6/25/2013,15.33
6/26/2013,15.43
6/27/2013,15.52
6/28/2013,15.63
6/29/2013,15.7
6/30/2013,15.73
7/1/2013,15.82
7/2/2013,15.83
7/3/2013,15.95
7/4/2013,16.07
7/5/2013,16.2
7/6/2013,16.3
7/7/2013,16.44
7/8/2013,16.55
7/9/2013,16.63
7/10/2013,16.69
7/11/2013,16.72
7/12/2013,16.81
7/13/2013,16.93
7/14/2013,17.06
7/15/2013,17.06
7/16/2013,17.14
7/17/2013,17.12
7/18/2013,17.09
7/19/2013,17.2
7/20/2013,17.38
7/21/2013,17.5
7/22/2013,17.49
7/23/2013,17.42
7/24/2013,17.49
7/25/2013,17.64
7/26/2013,17.77
7/27/2013,17.9
7/28/2013,17.98
7/29/2013,18.07
7/30/2013,18.23
7/31/2013,18.34
8/1/2013,18.34
8/2/2013,18.38
8/3/2013,18.39
8/4/2013,18.38
8/5/2013,18.34
8/6/2013,18.27
8/7/2013,18.33
8/8/2013,18.45
8/9/2013,18.64
8/10/2013,18.73
8/11/2013,18.82
8/12/2013,18.88
8/13/2013,18.97
8/14/2013,19.07
8/15/2013,19.08
8/16/2013,19.05
8/17/2013,19.02
8/18/2013,19.08
8/19/2013,19.18
8/20/2013,19.18
8/21/2013,19.26
8/22/2013,19.28
8/23/2013,19.31
8/24/2013,19.32
8/25/2013,19.35
8/26/2013,19.36
8/27/2013,19.39
8/28/2013,19.4
8/29/2013,19.37
8/30/2013,19.36
8/31/2013,19.32
9/1/2013,19.45
9/2/2013,19.55
9/3/2013,19.57
9/4/2013,19.51
9/5/2013,19.47
9/6/2013,19.38
9/7/2013,19.4
9/8/2013,19.45
9/9/2013,19.52
9/10/2013,19.6
9/11/2013,19.64
9/12/2013,19.69
9/13/2013,19.8
9/14/2013,19.85
9/15/2013,19.81
9/16/2013,19.74
9/17/2013,19.81
9/18/2013,19.8
9/19/2013,19.8
9/20/2013,19.87
9/21/2013,19.84
9/22/2013,19.8
9/23/2013,19.69
9/24/2013,19.71
9/25/2013,19.71
9/26/2013,19.77
9/27/2013,19.81
9/28/2013,19.84
9/29/2013,19.8
9/30/2013,19.8
10/1/2013,19.86
10/2/2013,19.76
10/3/2013,19.69
10/4/2013,19.65
10/5/2013,19.66
10/6/2013,19.62
10/7/2013,19.62
10/8/2013,19.59
10/9/2013,19.62
10/10/2013,19.6
10/11/2013,19.55
10/12/2013,19.48
10/13/2013,19.49
10/14/2013,19.47
10/15/2013,19.45
10/16/2013,19.46
10/17/2013,19.38
10/18/2013,19.33
10/19/2013,19.23
10/20/2013,19.15
10/21/2013,18.98
10/22/2013,18.95
10/23/2013,18.81
10/24/2013,18.75
10/25/2013,18.68
10/26/2013,18.63
10/27/2013,18.65
10/28/2013,18.65
10/29/2013,18.59
10/30/2013,18.55
10/31/2013,18.53
11/1/2013,18.46
11/2/2013,18.37
11/3/2013,18.3
11/4/2013,18.21
11/5/2013,18.17
11/6/2013,18.08
11/7/2013,18.02
11/8/2013,18.01
11/9/2013,17.9
11/10/2013,17.79
11/11/2013,17.69
11/12/2013,17.57
11/13/2013,17.49
11/14/2013,17.34
11/15/2013,17.25
11/16/2013,17.17
11/17/2013,17
11/18/2013,16.92
11/19/2013,16.84
11/20/2013,16.71
11/21/2013,16.61
11/22/2013,16.47
11/23/2013,16.34
11/24/2013,16.17
11/25/2013,16.08
11/26/2013,15.97
11/27/2013,15.84
11/28/2013,15.66
11/29/2013,15.52
11/30/2013,15.31
12/1/2013,15.07
12/2/2013,14.9
12/3/2013,14.69
12/4/2013,14.5
12/5/2013,14.33
12/6/2013,14.15
12/7/2013,13.9
12/8/2013,13.7
12/9/2013,13.52
12/10/2013,13.27
12/11/2013,13.03
12/12/2013,12.78
12/13/2013,12.64
12/14/2013,12.53
12/15/2013,12.4
12/16/2013,12.26
12/17/2013,12.11
12/18/2013,11.84
12/19/2013,11.59
12/20/2013,11.38
12/21/2013,11.1
12/22/2013,10.89
12/23/2013,10.61
12/24/2013,10.32
12/25/2013,10.06
12/26/2013,9.89
12/27/2013,9.74
12/28/2013,9.54
12/29/2013,9.33
12/30/2013,9.06
12/31/2013,8.82
1/1/2014,8.73
1/2/2014,8.6
1/3/2014,8.4
1/4/2014,8.2
1/5/2014,7.99
1/6/2014,7.78
1/7/2014,7.6
1/8/2014,7.42
1/9/2014,7.33
1/10/2014,7.22
1/11/2014,7.07
1/12/2014,6.92
1/13/2014,6.76
1/14/2014,6.6
1/15/2014,6.36
1/16/2014,6.2
1/17/2014,6.06
1/18/2014,5.91
1/19/2014,5.77
1/20/2014,5.67
1/21/2014,5.6
1/22/2014,5.48
1/23/2014,5.37
1/24/2014,5.29
1/25/2014,5.18
1/26/2014,5.02
1/27/2014,4.94
1/28/2014,4.81
1/29/2014,4.76
1/30/2014,4.69
1/31/2014,4.59
2/1/2014,4.55
2/2/2014,4.5
2/3/2014,4.41
2/4/2014,4.28
2/5/2014,4.15
2/6/2014,4.11
2/7/2014,4.03
2/8/2014,4
2/9/2014,3.95
2/10/2014,3.92
2/11/2014,3.87
2/12/2014,3.77
2/13/2014,3.72
2/14/2014,3.72
2/15/2014,3.66
2/16/2014,3.65
2/17/2014,3.65
2/18/2014,3.63
2/19/2014,3.6
2/20/2014,3.61
2/21/2014,3.66
2/22/2014,3.65
2/23/2014,3.61
2/24/2014,3.65
2/25/2014,3.71
2/26/2014,3.76
2/27/2014,3.76
2/28/2014,3.82
3/1/2014,3.85
3/2/2014,3.93
3/3/2014,3.97
3/4/2014,4.06
3/5/2014,4.17
3/6/2014,4.26
3/7/2014,4.22
3/8/2014,4.37
3/9/2014,4.55
3/10/2014,4.5
3/11/2014,4.54
3/12/2014,4.61
3/13/2014,4.7
3/14/2014,4.82
3/15/2014,4.91
3/16/2014,4.89
3/17/2014,4.96
3/18/2014,5.08
3/19/2014,5.17
3/20/2014,5.25
3/21/2014,5.42
3/22/2014,5.62
3/23/2014,5.67
3/24/2014,5.76
3/25/2014,5.89
3/26/2014,6.05
3/27/2014,6.2
3/28/2014,6.35
3/29/2014,6.4
3/30/2014,6.49
3/31/2014,6.65
4/1/2014,6.76
4/2/2014,6.89
4/3/2014,7.02
4/4/2014,7.14
4/5/2014,7.29
4/6/2014,7.4
4/7/2014,7.51
4/8/2014,7.66
4/9/2014,7.8
4/10/2014,7.89
4/11/2014,8.07
4/12/2014,8.19
4/13/2014,8.33
4/14/2014,8.41
4/15/2014,8.56
4/16/2014,8.74
4/17/2014,8.9
4/18/2014,8.98
4/19/2014,9.08
4/20/2014,9.2
4/21/2014,9.24
4/22/2014,9.23
4/23/2014,9.32
4/24/2014,9.45
4/25/2014,9.53
4/26/2014,9.65
4/27/2014,9.74
4/28/2014,9.79
4/29/2014,9.88
4/30/2014,10.03
5/1/2014,10.19
5/2/2014,10.3
5/3/2014,10.55
5/4/2014,10.71
5/5/2014,10.8
5/6/2014,10.85
5/7/2014,10.9
5/8/2014,11.01
5/9/2014,11.1
5/10/2014,11.12
5/11/2014,11.21
5/12/2014,11.3
5/13/2014,11.43
5/14/2014,11.52
5/15/2014,11.61
5/16/2014,11.7
5/17/2014,11.82
5/18/2014,11.95
5/19/2014,12.21
5/20/2014,12.23
5/21/2014,12.34
5/22/2014,12.46
5/23/2014,12.6
5/24/2014,12.67
5/25/2014,12.63
5/26/2014,12.68
5/27/2014,12.78
5/28/2014,12.89
5/29/2014,12.93
5/30/2014,13.07
5/31/2014,13.25
6/1/2014,13.42
6/2/2014,13.51
6/3/2014,13.63
6/4/2014,13.67
6/5/2014,13.76
6/6/2014,13.9
6/7/2014,14.01
6/8/2014,14.08
6/9/2014,14.15
6/10/2014,14.23
6/11/2014,14.34
6/12/2014,14.45
6/13/2014,14.53
6/14/2014,14.66
6/15/2014,14.82
6/16/2014,14.99
6/17/2014,15.11
6/18/2014,15.26
6/19/2014,15.35
6/20/2014,15.46
6/21/2014,15.65
6/22/2014,15.77
6/23/2014,15.82
6/24/2014,15.9
6/25/2014,16.03
6/26/2014,16.12
6/27/2014,16.22
6/28/2014,16.31
6/29/2014,16.4
6/30/2014,16.53
7/1/2014,16.69
7/2/2014,16.72
7/3/2014,16.74
7/4/2014,16.77
7/5/2014,16.81
7/6/2014,16.78
7/7/2014,16.8
7/8/2014,16.79
7/9/2014,16.75
7/10/2014,16.71
7/11/2014,16.75
7/12/2014,16.91
7/13/2014,16.91
7/14/2014,16.95
7/15/2014,16.99
7/16/2014,17.06
7/17/2014,17.16
7/18/2014,17.36
7/19/2014,17.47
7/20/2014,17.61
7/21/2014,17.75
7/22/2014,17.82
7/23/2014,17.92
7/24/2014,18.04
7/25/2014,18.13
7/26/2014,18.21
7/27/2014,18.2
7/28/2014,18.28
7/29/2014,18.29
7/30/2014,18.37
7/31/2014,18.45
8/1/2014,18.53
8/2/2014,18.59
8/3/2014,18.73
8/4/2014,18.85
8/5/2014,18.97
8/6/2014,18.83
8/7/2014,18.96
8/8/2014,19.04
8/9/2014,19.04
8/10/2014,19.06
8/11/2014,19.16
8/12/2014,19.17
8/13/2014,19.2
8/14/2014,19.31
8/15/2014,19.3
8/16/2014,19.22
8/17/2014,19.2
8/18/2014,19.21
8/19/2014,19.27
8/20/2014,19.3
8/21/2014,19.36
8/22/2014,19.44
8/23/2014,19.46
8/24/2014,19.35
8/25/2014,19.26
8/26/2014,19.29
8/27/2014,19.44
8/28/2014,19.5
8/29/2014,19.56
8/30/2014,19.56
8/31/2014,19.59
9/1/2014,19.51
9/2/2014,19.52
9/3/2014,19.54
9/4/2014,19.58
9/5/2014,19.69
9/6/2014,19.73
9/7/2014,19.68
9/8/2014,19.67
9/9/2014,19.8
9/10/2014,19.92
9/11/2014,19.97
9/12/2014,20.17
9/13/2014,20.21
9/14/2014,20.24
9/15/2014,20.29
9/16/2014,20.35
9/17/2014,20.41
9/18/2014,20.46
9/19/2014,20.5
9/20/2014,20.53
9/21/2014,20.43
9/22/2014,20.41
9/23/2014,20.33
9/24/2014,20.32
9/25/2014,20.23
9/26/2014,20.28
9/27/2014,20.33
9/28/2014,20.28
9/29/2014,20.16
9/30/2014,20.11
10/1/2014,19.94
10/2/2014,19.86
10/3/2014,19.8
10/4/2014,19.74
10/5/2014,19.76
10/6/2014,19.81
10/7/2014,19.72
10/8/2014,19.62
10/9/2014,19.56
10/10/2014,19.51
10/11/2014,19.45
10/12/2014,19.37
10/13/2014,19.32
10/14/2014,19.26
10/15/2014,19.23
10/16/2014,19.15
10/17/2014,19.07
10/18/2014,19.03
10/19/2014,19.01
10/20/2014,18.94
10/21/2014,18.89
10/22/2014,18.9
10/23/2014,18.9
10/24/2014,18.87
10/25/2014,18.85
10/26/2014,18.77
10/27/2014,18.74
10/28/2014,18.69
10/29/2014,18.62
10/30/2014,18.53
10/31/2014,18.41
11/1/2014,18.28
11/2/2014,18.1
11/3/2014,18.04
11/4/2014,18.01
11/5/2014,17.93
11/6/2014,17.82
11/7/2014,17.77
11/8/2014,17.73
11/9/2014,17.53
11/10/2014,17.38
11/11/2014,17.21
11/12/2014,17.09
11/13/2014,16.93
11/14/2014,16.81
11/15/2014,16.71
11/16/2014,16.5
11/17/2014,16.34
11/18/2014,16.28
11/19/2014,16.19
11/20/2014,16.11
11/21/2014,16.02
11/22/2014,15.9
11/23/2014,15.78
11/24/2014,15.62
11/25/2014,15.5
11/26/2014,15.35
11/27/2014,15.17
11/28/2014,15.06
11/29/2014,14.89
11/30/2014,14.69
12/1/2014,14.58
12/2/2014,14.47
12/3/2014,14.36
12/4/2014,14.24
12/5/2014,14.13
12/6/2014,13.99
12/7/2014,13.83
12/8/2014,13.65
12/9/2014,13.44
12/10/2014,13.27
12/11/2014,13.13
12/12/2014,12.98
12/13/2014,12.84
12/14/2014,12.66
12/15/2014,12.47
12/16/2014,12.31
12/17/2014,12.07
12/18/2014,11.88
12/19/2014,11.7
12/20/2014,11.49
12/21/2014,11.2
12/22/2014,10.96
12/23/2014,10.82
12/24/2014,10.65
12/25/2014,10.41
12/26/2014,10.28
12/27/2014,10.13
12/28/2014,9.98
12/29/2014,9.89
12/30/2014,9.77
12/31/2014,9.67
1/1/2015,9.56
1/2/2015,9.45
1/3/2015,9.26
1/4/2015,9.12
1/5/2015,9.02
1/6/2015,8.86
1/7/2015,8.62
1/8/2015,8.52
1/9/2015,8.3
1/10/2015,8.18
1/11/2015,8.01
1/12/2015,7.84
1/13/2015,7.72
1/14/2015,7.56
1/15/2015,7.43
1/16/2015,7.27
1/17/2015,6.98
1/18/2015,6.69
1/19/2015,6.5
1/20/2015,6.21
1/21/2015,6
1/22/2015,5.71
1/23/2015,5.52
1/24/2015,5.29
1/25/2015,5.25
1/26/2015,5.16
1/27/2015,5.02
1/28/2015,4.94
1/29/2015,4.83
1/30/2015,4.79
1/31/2015,4.78
2/1/2015,4.65
2/2/2015,4.57
2/3/2015,4.4
2/4/2015,4.24
2/5/2015,4.14
2/6/2015,4.02
2/7/2015,3.99
2/8/2015,3.96
2/9/2015,3.85
2/10/2015,3.79
2/11/2015,3.75
2/12/2015,3.7
2/13/2015,3.66
2/14/2015,3.66
2/15/2015,3.69
2/16/2015,3.65
2/17/2015,3.64
2/18/2015,3.63
2/19/2015,3.64
2/20/2015,3.66
2/21/2015,3.66
2/22/2015,3.69
2/23/2015,3.68
2/24/2015,3.65
2/25/2015,3.65
2/26/2015,3.7
2/27/2015,3.78
2/28/2015,3.77
3/1/2015,3.8
3/2/2015,3.86
3/3/2015,4.02
3/4/2015,4.07
3/5/2015,4.13
3/6/2015,4.18
3/7/2015,4.2
3/8/2015,4.29
3/9/2015,4.39
3/10/2015,4.47
3/11/2015,4.65
3/12/2015,4.72
3/13/2015,4.77
3/14/2015,4.83
3/15/2015,4.94
3/16/2015,5.05
3/17/2015,5.17
3/18/2015,5.27
3/19/2015,5.37
3/20/2015,5.48
3/21/2015,5.55
3/22/2015,5.68
3/23/2015,5.76
3/24/2015,5.84
3/25/2015,5.95
3/26/2015,6.06
3/27/2015,6.19
3/28/2015,6.28
3/29/2015,6.38
3/30/2015,6.47
3/31/2015,6.57
4/1/2015,6.74
4/2/2015,6.83
4/3/2015,6.94
4/4/2015,7.01
4/5/2015,7.11
4/6/2015,7.24
4/7/2015,7.44
4/8/2015,7.64
4/9/2015,7.78
4/10/2015,7.92
4/11/2015,7.97
4/12/2015,8.06
4/13/2015,8.17
4/14/2015,8.28
4/15/2015,8.45
4/16/2015,8.65
4/17/2015,8.8
4/18/2015,8.96
4/19/2015,9.07
4/20/2015,9.23
4/21/2015,9.35
4/22/2015,9.42
4/23/2015,9.54
4/24/2015,9.72
4/25/2015,9.82
4/26/2015,9.99
4/27/2015,10.05
4/28/2015,10.15
4/29/2015,10.25
4/30/2015,10.33
5/1/2015,10.46
5/2/2015,10.55
5/3/2015,10.65
5/4/2015,10.76
5/5/2015,10.85
5/6/2015,11
5/7/2015,11.15
5/8/2015,11.28
5/9/2015,11.37
5/10/2015,11.41
5/11/2015,11.46
5/12/2015,11.48
5/13/2015,11.75
5/14/2015,11.81
5/15/2015,11.94
5/16/2015,12.06
5/17/2015,12.12
5/18/2015,12.11
5/19/2015,12.19
5/20/2015,12.27
5/21/2015,12.43
5/22/2015,12.5
5/23/2015,12.68
5/24/2015,12.79
5/25/2015,12.88
5/26/2015,12.96
5/27/2015,13.01
5/28/2015,13.06
5/29/2015,13.13
5/30/2015,13.09
5/31/2015,13.13
6/1/2015,13.29
6/2/2015,13.36
6/3/2015,13.47
6/4/2015,13.53
6/5/2015,13.59
6/6/2015,13.69
6/7/2015,13.81
6/8/2015,13.86
6/9/2015,14.05
6/10/2015,14.11
6/11/2015,14.22
6/12/2015,14.34
6/13/2015,14.48
6/14/2015,14.63
6/15/2015,14.7
6/16/2015,14.8
6/17/2015,14.92
6/18/2015,15.08
6/19/2015,15.22
6/20/2015,15.34
6/21/2015,15.36
6/22/2015,15.39
6/23/2015,15.47
6/24/2015,15.55
6/25/2015,15.64
6/26/2015,15.75
6/27/2015,15.83
6/28/2015,15.99
6/29/2015,16.09
6/30/2015,16.19
7/1/2015,16.22
7/2/2015,16.29
7/3/2015,16.4
7/4/2015,16.52
7/5/2015,16.68
7/6/2015,16.73
7/7/2015,16.81
7/8/2015,16.82
7/9/2015,16.88
7/10/2015,16.93
7/11/2015,16.99
7/12/2015,16.92
7/13/2015,16.89
7/14/2015,16.89
7/15/2015,16.91
7/16/2015,16.9
7/17/2015,16.9
7/18/2015,16.96
7/19/2015,16.99
7/20/2015,16.98
7/21/2015,17.08
7/22/2015,17.12
7/23/2015,17.14
7/24/2015,17.25
7/25/2015,17.38
7/26/2015,17.47
7/27/2015,17.6
7/28/2015,17.67
7/29/2015,17.7
7/30/2015,17.59
7/31/2015,17.68
8/1/2015,17.67
8/2/2015,17.71
8/3/2015,17.75
8/4/2015,17.8
8/5/2015,17.85
8/6/2015,17.89
8/7/2015,17.9
8/8/2015,17.94
8/9/2015,17.93
8/10/2015,17.9
8/11/2015,17.89
8/12/2015,17.87
8/13/2015,17.79
8/14/2015,17.76
8/15/2015,17.76
8/16/2015,17.84
8/17/2015,17.89
8/18/2015,17.83
8/19/2015,17.83
8/20/2015,17.87
8/21/2015,17.93
8/22/2015,18.04
8/23/2015,18.11
8/24/2015,18.18
8/25/2015,18.3
8/26/2015,18.24
8/27/2015,18.28
8/28/2015,18.39
8/29/2015,18.5
8/30/2015,18.63
8/31/2015,18.63
9/1/2015,18.66
9/2/2015,18.72
9/3/2015,18.71
9/4/2015,18.77
9/5/2015,18.84
9/6/2015,18.76
9/7/2015,18.77
9/8/2015,18.77
9/9/2015,18.76
9/10/2015,18.77
9/11/2015,18.65
9/12/2015,18.69
9/13/2015,18.59
9/14/2015,18.54
9/15/2015,18.52
9/16/2015,18.58
9/17/2015,18.54
9/18/2015,18.56
9/19/2015,18.6
9/20/2015,18.6
9/21/2015,18.57
9/22/2015,18.54
9/23/2015,18.48
9/24/2015,18.45
9/25/2015,18.44
9/26/2015,18.59
9/27/2015,18.83
9/28/2015,18.98
9/29/2015,19.07
9/30/2015,19.13
10/1/2015,19.09
10/2/2015,19.15
10/3/2015,19.1
10/4/2015,19.09
10/5/2015,19.1
10/6/2015,19.13
10/7/2015,19.07
10/8/2015,18.96
10/9/2015,18.92
10/10/2015,18.88
10/11/2015,18.82
10/12/2015,18.74
10/13/2015,18.75
10/14/2015,18.79
10/15/2015,18.83
10/16/2015,18.73
10/17/2015,18.7
10/18/2015,18.66
10/19/2015,18.64
10/20/2015,18.58
10/21/2015,18.59
10/22/2015,18.49
10/23/2015,18.42
10/24/2015,18.32
10/25/2015,18.22
10/26/2015,18.17
10/27/2015,18.08
10/28/2015,18.05
10/29/2015,17.98
10/30/2015,17.91
10/31/2015,17.77
11/1/2015,17.74
11/2/2015,17.65
11/3/2015,17.56
11/4/2015,17.48
11/5/2015,17.4
11/6/2015,17.32
11/7/2015,17.21
11/8/2015,17.13
11/9/2015,17.08
11/10/2015,17.03
11/11/2015,16.99
11/12/2015,16.97
11/13/2015,16.9
11/14/2015,16.8
11/15/2015,16.69
11/16/2015,16.6
11/17/2015,16.48
11/18/2015,16.35
11/19/2015,16.28
11/20/2015,16.15
11/21/2015,16.05
11/22/2015,16.02
11/23/2015,15.81
11/24/2015,15.56
11/25/2015,15.39
11/26/2015,15.32
11/27/2015,15.07
11/28/2015,14.92
11/29/2015,14.73
11/30/2015,14.58
12/1/2015,14.36
12/2/2015,14.09
12/3/2015,13.83
12/4/2015,13.69
12/5/2015,13.5
12/6/2015,13.32
12/7/2015,13.1
12/8/2015,12.88
12/9/2015,12.64
12/10/2015,12.25
12/11/2015,11.98
12/12/2015,11.67
12/13/2015,11.32
12/14/2015,11.07
12/15/2015,10.83
12/16/2015,10.68
12/17/2015,10.43
12/18/2015,10.27
12/19/2015,10.09
12/20/2015,9.92
12/21/2015,9.8
12/22/2015,9.65
12/23/2015,9.44
12/24/2015,9.15
12/25/2015,9.09
12/26/2015,8.78
12/27/2015,8.47
12/28/2015,8.19
12/29/2015,7.98
12/30/2015,7.76
12/31/2015,7.43
1/1/2016,7.18
1/2/2016,6.97
1/3/2016,6.74
1/4/2016,6.61
1/5/2016,6.34
1/6/2016,6.19
1/7/2016,6.04
1/8/2016,5.82
1/9/2016,5.61
1/10/2016,5.49
1/11/2016,5.34
1/12/2016,5.21
1/13/2016,4.99
1/14/2016,4.79
1/15/2016,4.68
1/16/2016,4.51
1/17/2016,4.37
1/18/2016,4.23
1/19/2016,4.15
1/20/2016,4.06
1/21/2016,3.92
1/22/2016,3.84
1/23/2016,3.79
1/24/2016,3.79
1/25/2016,3.68
1/26/2016,3.6
1/27/2016,3.51
1/28/2016,3.48
1/29/2016,3.41
1/30/2016,3.31
1/31/2016,3.26
2/1/2016,3.21
2/2/2016,3.15
2/3/2016,3.1
2/4/2016,3.06
2/5/2016,3.04
2/6/2016,3
2/7/2016,2.94
2/8/2016,2.89
2/9/2016,2.87
2/10/2016,2.84
2/11/2016,2.77
2/12/2016,2.75
2/13/2016,2.74
2/14/2016,2.7
2/15/2016,2.67
2/16/2016,2.69
2/17/2016,2.69
2/18/2016,2.73
2/19/2016,2.73
2/20/2016,2.77
2/21/2016,2.78
2/22/2016,2.82
2/23/2016,2.82
2/24/2016,2.83
2/25/2016,2.87
2/26/2016,2.86
2/27/2016,2.84
2/28/2016,2.86
2/29/2016,2.9
3/1/2016,2.92
3/2/2016,2.99
3/3/2016,3.04
3/4/2016,3.14
3/5/2016,3.15
3/6/2016,3.18
3/7/2016,3.22
3/8/2016,3.3
3/9/2016,3.39
3/10/2016,3.46
3/11/2016,3.54
3/12/2016,3.68
3/13/2016,3.77
3/14/2016,3.87
3/15/2016,4
3/16/2016,4.14
3/17/2016,4.25
3/18/2016,4.37
3/19/2016,4.44
3/20/2016,4.56
3/21/2016,4.64
3/22/2016,4.81
3/23/2016,4.99
3/24/2016,5.13
3/25/2016,5.24
3/26/2016,5.35
3/27/2016,5.49
3/28/2016,5.57
3/29/2016,5.69
3/30/2016,5.78
3/31/2016,5.87
4/1/2016,5.96
4/2/2016,6.04
4/3/2016,6.12
4/4/2016,6.2
4/5/2016,6.28
4/6/2016,6.41
4/7/2016,6.44
4/8/2016,6.56
4/9/2016,6.62
4/10/2016,6.68
4/11/2016,6.79
4/12/2016,7.02
4/13/2016,7.15
4/14/2016,7.29
4/15/2016,7.44
4/16/2016,7.57
4/17/2016,7.67
4/18/2016,7.73
4/19/2016,7.79
4/20/2016,7.91
4/21/2016,8.04
4/22/2016,8.13
4/23/2016,8.22
4/24/2016,8.37
4/25/2016,8.48
4/26/2016,8.61
4/27/2016,8.61
4/28/2016,8.67
4/29/2016,8.77
4/30/2016,8.85
5/1/2016,8.94
5/2/2016,9.06
5/3/2016,9.18
5/4/2016,9.32
5/5/2016,9.34
5/6/2016,9.47
5/7/2016,9.54
5/8/2016,9.63
5/9/2016,9.72
5/10/2016,9.77
5/11/2016,9.81
5/12/2016,9.92
5/13/2016,10.01
5/14/2016,10.16
5/15/2016,10.29
5/16/2016,10.43
5/17/2016,10.48
5/18/2016,10.53
5/19/2016,10.72
5/20/2016,10.83
5/21/2016,10.94
5/22/2016,10.95
5/23/2016,11.04
5/24/2016,11.1
5/25/2016,11.16
5/26/2016,11.19
5/27/2016,11.31
5/28/2016,11.3
5/29/2016,11.31
5/30/2016,11.37
5/31/2016,11.51
6/1/2016,11.68
6/2/2016,11.83
6/3/2016,12
6/4/2016,12.1
6/5/2016,12.3
6/6/2016,12.48
6/7/2016,12.6
6/8/2016,12.78
6/9/2016,12.82
6/10/2016,12.91
6/11/2016,13.07
6/12/2016,13.23
6/13/2016,13.44
6/14/2016,13.58
6/15/2016,13.64
6/16/2016,13.74
6/17/2016,13.78
6/18/2016,13.92
6/19/2016,14.13
6/20/2016,14.18
6/21/2016,14.21
6/22/2016,14.33
6/23/2016,14.37
6/24/2016,14.44
6/25/2016,14.48
6/26/2016,14.59
6/27/2016,14.73
6/28/2016,14.84
6/29/2016,14.93
6/30/2016,15.04
7/1/2016,15.16
7/2/2016,15.1
7/3/2016,15.16
7/4/2016,15.34
7/5/2016,15.48
7/6/2016,15.72
7/7/2016,15.85
7/8/2016,15.92
7/9/2016,15.98
7/10/2016,16.07
7/11/2016,16.13
7/12/2016,16.22
7/13/2016,16.27
7/14/2016,16.29
7/15/2016,16.34
7/16/2016,16.37
7/17/2016,16.41
7/18/2016,16.49
7/19/2016,16.45
7/20/2016,16.48
7/21/2016,16.58
7/22/2016,16.71
7/23/2016,16.83
7/24/2016,16.88
7/25/2016,16.91
7/26/2016,16.98
7/27/2016,17.08
7/28/2016,17.05
7/29/2016,17.12
7/30/2016,17.18
7/31/2016,17.18
8/1/2016,17.29
8/2/2016,17.23
8/3/2016,17.28
8/4/2016,17.38
8/5/2016,17.37
8/6/2016,17.44
8/7/2016,17.56
8/8/2016,17.71
8/9/2016,17.82
8/10/2016,17.86
8/11/2016,17.97
8/12/2016,18.09
8/13/2016,18.17
8/14/2016,18.16
8/15/2016,18.3
8/16/2016,18.39
8/17/2016,18.4
8/18/2016,18.47
8/19/2016,18.57
8/20/2016,18.6
8/21/2016,18.67
8/22/2016,18.66
8/23/2016,18.59
8/24/2016,18.64
8/25/2016,18.78
8/26/2016,18.85
8/27/2016,18.85
8/28/2016,18.88
8/29/2016,18.88
8/30/2016,18.77
8/31/2016,18.71
9/1/2016,18.59
9/2/2016,18.57
9/3/2016,18.6
9/4/2016,18.6
9/5/2016,18.65
9/6/2016,18.65
9/7/2016,18.66
9/8/2016,18.71
9/9/2016,18.51
9/10/2016,18.52
9/11/2016,18.37
9/12/2016,18.28
9/13/2016,18.19
9/14/2016,18.14
9/15/2016,18.19
9/16/2016,18.12
9/17/2016,18.25
9/18/2016,18.34
9/19/2016,18.23
9/20/2016,18.25
9/21/2016,18.31
9/22/2016,18.33
9/23/2016,18.28
9/24/2016,18.29
9/25/2016,18.29
9/26/2016,18.35
9/27/2016,18.28
9/28/2016,18.3
9/29/2016,18.31
9/30/2016,18.34
10/1/2016,18.3
10/2/2016,18.32
10/3/2016,18.33
10/4/2016,18.35
10/5/2016,18.32
10/6/2016,18.27
10/7/2016,18.18
10/8/2016,18.15
10/9/2016,18.18
10/10/2016,18.13
10/11/2016,18.11
10/12/2016,18.1
10/13/2016,18.05
10/14/2016,17.97
10/15/2016,17.92
10/16/2016,17.8
10/17/2016,17.68
10/18/2016,17.67
10/19/2016,17.52
10/20/2016,17.47
10/21/2016,17.39
10/22/2016,17.32
10/23/2016,17.31
10/24/2016,17.17
10/25/2016,17.12
10/26/2016,17.04
10/27/2016,16.99
10/28/2016,16.94
10/29/2016,16.88
10/30/2016,16.82
10/31/2016,16.78
11/1/2016,16.73
11/2/2016,16.66
11/3/2016,16.63
11/4/2016,16.35
11/5/2016,16.34
11/6/2016,16.21
11/7/2016,16.16
11/8/2016,15.97
11/9/2016,15.81
11/10/2016,15.56
11/11/2016,15.26
11/12/2016,15.02
11/13/2016,14.79
11/14/2016,14.57
11/15/2016,14.44
11/16/2016,14.25
11/17/2016,14.18
11/18/2016,13.99
11/19/2016,13.8
11/20/2016,13.63
11/21/2016,13.51
11/22/2016,13.39
11/23/2016,13.24
11/24/2016,13.08
11/25/2016,12.99
11/26/2016,12.86
11/27/2016,12.68
11/28/2016,12.5
11/29/2016,12.31
11/30/2016,12.14
12/1/2016,11.94
12/2/2016,11.69
12/3/2016,11.42
12/4/2016,11.2
12/5/2016,11
12/6/2016,10.78
12/7/2016,10.59
12/8/2016,10.34
12/9/2016,10.07
12/10/2016,9.65
12/11/2016,9.32
12/12/2016,9.08
12/13/2016,8.83
12/14/2016,8.57
12/15/2016,8.39
12/16/2016,8.21
12/17/2016,8.01
12/18/2016,7.78
12/19/2016,7.62
12/20/2016,7.44
12/21/2016,7.33
12/22/2016,7.11
12/23/2016,6.87
12/24/2016,6.65
12/25/2016,6.52
12/26/2016,6.35
12/27/2016,6.23
12/28/2016,6.15
12/29/2016,6.05
12/30/2016,5.85
12/31/2016,5.74
1/1/2017,5.54
1/2/2017,5.51
1/3/2017,5.4
1/4/2017,5.23
1/5/2017,5.2
1/6/2017,5.07
1/7/2017,4.96
1/8/2017,4.88
1/9/2017,4.76
1/10/2017,4.51
1/11/2017,4.3
1/12/2017,4.15
1/13/2017,4.03
1/14/2017,3.83
1/15/2017,3.69
1/16/2017,3.58
1/17/2017,3.47
1/18/2017,3.34
1/19/2017,3.28
1/20/2017,3.2
1/21/2017,3.14
1/22/2017,3.04
1/23/2017,3
1/24/2017,2.88
1/25/2017,2.78
1/26/2017,2.72
1/27/2017,2.62
1/28/2017,2.55
1/29/2017,2.46
1/30/2017,2.48
1/31/2017,2.5
2/1/2017,2.41
2/2/2017,2.38
2/3/2017,2.4
2/4/2017,2.38
2/5/2017,2.38
2/6/2017,2.39
2/7/2017,2.34
2/8/2017,2.29
2/9/2017,2.28
2/10/2017,2.25
2/11/2017,2.25
2/12/2017,2.21
2/13/2017,2.21
2/14/2017,2.23
2/15/2017,2.22
2/16/2017,2.26
2/17/2017,2.22
2/18/2017,2.21
2/19/2017,2.19
2/20/2017,2.19
2/21/2017,2.17
2/22/2017,2.16
2/23/2017,2.14
2/24/2017,2.13
2/25/2017,2.1
2/26/2017,2.07
2/27/2017,2.1
2/28/2017,2.1
3/1/2017,2.05
3/2/2017,2.09
3/3/2017,2.11
3/4/2017,2.1
3/5/2017,2.13
3/6/2017,2.16
3/7/2017,2.2
3/8/2017,2.3
3/9/2017,2.34
3/10/2017,2.35
3/11/2017,2.39
3/12/2017,2.46
3/13/2017,2.53
3/14/2017,2.58
3/15/2017,2.64
3/16/2017,2.7
3/17/2017,2.74
3/18/2017,2.86
3/19/2017,2.99
3/20/2017,2.96
3/21/2017,3.01
3/22/2017,3.01
3/23/2017,3.04
3/24/2017,3.15
3/25/2017,3.21
3/26/2017,3.27
3/27/2017,3.38
3/28/2017,3.43
3/29/2017,3.51
3/30/2017,3.59
3/31/2017,3.71
4/1/2017,3.78
4/2/2017,3.84
4/3/2017,4.09
4/4/2017,4.27
4/5/2017,4.4
4/6/2017,4.49
4/7/2017,4.6
4/8/2017,4.74
4/9/2017,4.81
4/10/2017,4.93
4/11/2017,5.07
4/12/2017,5.15
4/13/2017,5.25
4/14/2017,5.37
4/15/2017,5.51
4/16/2017,5.6
4/17/2017,5.74
4/18/2017,5.88
4/19/2017,5.99
4/20/2017,6.14
4/21/2017,6.31
4/22/2017,6.45
4/23/2017,6.55
4/24/2017,6.66
4/25/2017,6.73
4/26/2017,6.91
4/27/2017,7.05
4/28/2017,7.13
4/29/2017,7.2
4/30/2017,7.27
5/1/2017,7.38
5/2/2017,7.59
5/3/2017,7.69
5/4/2017,7.81
5/5/2017,7.91
5/6/2017,8.02
5/7/2017,8.17
5/8/2017,8.3
5/9/2017,8.35
5/10/2017,8.5
5/11/2017,8.68
5/12/2017,8.82
5/13/2017,8.95
5/14/2017,9.11
5/15/2017,9.26
5/16/2017,9.39
5/17/2017,9.52
5/18/2017,9.63
5/19/2017,9.7
5/20/2017,9.77
5/21/2017,9.79
5/22/2017,9.89
5/23/2017,10.01
5/24/2017,10.13
5/25/2017,10.17
5/26/2017,10.29
5/27/2017,10.41
5/28/2017,10.58
5/29/2017,10.64
5/30/2017,10.79
5/31/2017,10.93
6/1/2017,10.99
6/2/2017,11.13
6/3/2017,11.33
6/4/2017,11.5
6/5/2017,11.68
6/6/2017,11.79
6/7/2017,11.93
6/8/2017,12.08
6/9/2017,12.19
6/10/2017,12.29
6/11/2017,12.38
6/12/2017,12.38
6/13/2017,12.43
6/14/2017,12.61
6/15/2017,12.81
6/16/2017,12.86
6/17/2017,12.94
6/18/2017,13.03
6/19/2017,13.03
6/20/2017,13.16
6/21/2017,13.23
6/22/2017,13.31
6/23/2017,13.44
6/24/2017,13.51
6/25/2017,13.6
6/26/2017,13.65
6/27/2017,13.72
6/28/2017,13.83
6/29/2017,13.96
6/30/2017,14.01
7/1/2017,14.12
7/2/2017,14.3
7/3/2017,14.43
7/4/2017,14.47
7/5/2017,14.58
7/6/2017,14.72
7/7/2017,14.79
7/8/2017,14.81
7/9/2017,14.81
7/10/2017,14.91
7/11/2017,15.02
7/12/2017,15.15
7/13/2017,15.2
7/14/2017,15.22
7/15/2017,15.28
7/16/2017,15.36
7/17/2017,15.47
7/18/2017,15.7
7/19/2017,15.86
7/20/2017,15.99
7/21/2017,16.1
7/22/2017,16.21
7/23/2017,16.24
7/24/2017,16.26
7/25/2017,16.38
7/26/2017,16.52
7/27/2017,16.62
7/28/2017,16.77
7/29/2017,16.86
7/30/2017,16.88
7/31/2017,16.78
8/1/2017,16.72
8/2/2017,16.7
8/3/2017,16.72
8/4/2017,16.76
8/5/2017,16.88
8/6/2017,17.02
8/7/2017,17.1
8/8/2017,17.08
8/9/2017,17.16
8/10/2017,17.19
8/11/2017,17.21
8/12/2017,17.19
8/13/2017,17.22
8/14/2017,17.36
8/15/2017,17.4
8/16/2017,17.44
8/17/2017,17.48
8/18/2017,17.49
8/19/2017,17.52
8/20/2017,17.68
8/21/2017,17.78
8/22/2017,17.9
8/23/2017,18
8/24/2017,18.03
8/25/2017,18.03
8/26/2017,17.99
8/27/2017,17.9
8/28/2017,17.9
8/29/2017,17.93
8/30/2017,18
8/31/2017,17.96
9/1/2017,17.95
9/2/2017,17.93
9/3/2017,17.91
9/4/2017,18.03
9/5/2017,18.18
9/6/2017,18.16
9/7/2017,18.15
9/8/2017,18.3
9/9/2017,18.33
9/10/2017,18.34
9/11/2017,18.36
9/12/2017,18.4
9/13/2017,18.39
9/14/2017,18.3
9/15/2017,18.29
9/16/2017,18.26
9/17/2017,18.23
9/18/2017,18.23
9/19/2017,18.15
9/20/2017,18.08
9/21/2017,18.06
9/22/2017,18.05
9/23/2017,18
9/24/2017,17.95
9/25/2017,17.95
9/26/2017,18.03
9/27/2017,18.02
9/28/2017,18.04
9/29/2017,18.08
9/30/2017,18.09
10/1/2017,18.08
10/2/2017,18.08
10/3/2017,18.15
10/4/2017,18.34
10/5/2017,18.32
10/6/2017,18.35
10/7/2017,18.3
10/8/2017,18.31
10/9/2017,18.31
10/10/2017,18.32
10/11/2017,18.27
10/12/2017,18.25
10/13/2017,18.21
10/14/2017,18.09
10/15/2017,18
10/16/2017,17.97
10/17/2017,17.97
10/18/2017,17.99
10/19/2017,17.95
10/20/2017,17.92
10/21/2017,17.9
10/22/2017,17.85
10/23/2017,17.87
10/24/2017,17.86
10/25/2017,17.84
10/26/2017,17.78
10/27/2017,17.75
10/28/2017,17.66
10/29/2017,17.59
10/30/2017,17.47
10/31/2017,17.44
11/1/2017,17.4
11/2/2017,17.3
11/3/2017,17.22
11/4/2017,17.11
11/5/2017,17.06
11/6/2017,16.9
11/7/2017,16.7
11/8/2017,16.58
11/9/2017,16.41
11/10/2017,16.26
11/11/2017,16.11
11/12/2017,15.94
11/13/2017,15.8
11/14/2017,15.64
11/15/2017,15.5
11/16/2017,15.31
11/17/2017,15.19
11/18/2017,14.92
11/19/2017,14.77
11/20/2017,14.65
11/21/2017,14.51
11/22/2017,14.32
11/23/2017,14.08
11/24/2017,13.95
11/25/2017,13.85
11/26/2017,13.72
11/27/2017,13.61
11/28/2017,13.51
11/29/2017,13.3
11/30/2017,13.14
12/1/2017,12.92
12/2/2017,12.79
12/3/2017,12.63
12/4/2017,12.48
12/5/2017,12.28
12/6/2017,12.05
12/7/2017,11.79
12/8/2017,11.61
12/9/2017,11.38
12/10/2017,11.14
12/11/2017,10.88
12/12/2017,10.58
12/13/2017,10.31
12/14/2017,10.08
12/15/2017,9.83
12/16/2017,9.52
12/17/2017,9.3
12/18/2017,9.08
12/19/2017,8.91
12/20/2017,8.64
12/21/2017,8.41
12/22/2017,8.19
12/23/2017,8.06
12/24/2017,7.84
12/25/2017,7.68
12/26/2017,7.47
12/27/2017,7.31
12/28/2017,7.14
12/29/2017,6.96
12/30/2017,6.8
12/31/2017,6.65
1/1/2018,6.53
1/2/2018,6.39
1/3/2018,6.22
1/4/2018,6.06
1/5/2018,5.91
1/6/2018,5.77
1/7/2018,5.53
1/8/2018,5.31
1/9/2018,5.13
1/10/2018,4.92
1/11/2018,4.8
1/12/2018,4.62
1/13/2018,4.39
1/14/2018,4.27
1/15/2018,4.22
1/16/2018,4.09
1/17/2018,4
1/18/2018,3.85
1/19/2018,3.72
1/20/2018,3.63
1/21/2018,3.49
1/22/2018,3.4
1/23/2018,3.29
1/24/2018,3.23
1/25/2018,3.13
1/26/2018,3.05
1/27/2018,3
1/28/2018,2.93
1/29/2018,2.86
1/30/2018,2.8
1/31/2018,2.76
2/1/2018,2.69
2/2/2018,2.59
2/3/2018,2.5
2/4/2018,2.47
2/5/2018,2.43
2/6/2018,2.39
2/7/2018,2.31
2/8/2018,2.35
2/9/2018,2.31
2/10/2018,2.32
2/11/2018,2.29
2/12/2018,2.26
2/13/2018,2.22
2/14/2018,2.31
2/15/2018,2.29
2/16/2018,2.28
2/17/2018,2.19
2/18/2018,2.15
2/19/2018,2.18
2/20/2018,2.17
2/21/2018,2.22
2/22/2018,2.22
2/23/2018,2.22
2/24/2018,2.26
2/25/2018,2.24
2/26/2018,2.28
2/27/2018,2.33
2/28/2018,2.39
3/1/2018,2.39
3/2/2018,2.42
3/3/2018,2.5
3/4/2018,2.58
3/5/2018,2.55
3/6/2018,2.63
3/7/2018,2.73
3/8/2018,2.92
3/9/2018,2.97
3/10/2018,3.12
3/11/2018,3.19
3/12/2018,3.37
3/13/2018,3.41
3/14/2018,3.45
3/15/2018,3.47
3/16/2018,3.55
3/17/2018,3.68
3/18/2018,3.75
3/19/2018,3.85
3/20/2018,3.98
3/21/2018,4.12
3/22/2018,4.3
3/23/2018,4.43
3/24/2018,4.54
3/25/2018,4.61
3/26/2018,4.7
3/27/2018,4.76
3/28/2018,4.87
3/29/2018,4.94
3/30/2018,5.05
3/31/2018,5.06
4/1/2018,5.11
4/2/2018,5.21
4/3/2018,5.21
4/4/2018,5.21
4/5/2018,5.27
4/6/2018,5.38
4/7/2018,5.53
4/8/2018,5.61
4/9/2018,5.77
4/10/2018,5.81
4/11/2018,5.87
4/12/2018,5.91
4/13/2018,5.96
4/14/2018,6.06
4/15/2018,6.16
4/16/2018,6.29
4/17/2018,6.37
4/18/2018,6.4
4/19/2018,6.42
4/20/2018,6.5
4/21/2018,6.58
4/22/2018,6.63
4/23/2018,6.73
4/24/2018,6.83
4/25/2018,6.92
4/26/2018,6.96
4/27/2018,7.08
4/28/2018,7.21
4/29/2018,7.29
4/30/2018,7.44
5/1/2018,7.59
5/2/2018,7.66
5/3/2018,7.79
5/4/2018,7.96
5/5/2018,8.24
5/6/2018,8.35
5/7/2018,8.49
5/8/2018,8.57
5/9/2018,8.63
5/10/2018,8.77
5/11/2018,8.94
5/12/2018,9.16
5/13/2018,9.33
5/14/2018,9.41
5/15/2018,9.51
5/16/2018,9.6
5/17/2018,9.69
5/18/2018,9.89
5/19/2018,10.02
5/20/2018,10.14
5/21/2018,10.32
5/22/2018,10.42
5/23/2018,10.44
5/24/2018,10.45
5/25/2018,10.53
5/26/2018,10.66
5/27/2018,10.79
5/28/2018,10.97
5/29/2018,11.08
5/30/2018,11.18
5/31/2018,11.33
6/1/2018,11.47
6/2/2018,11.61
6/3/2018,11.68
6/4/2018,11.82
6/5/2018,11.84
6/6/2018,11.97
6/7/2018,12.11
6/8/2018,12.32
6/9/2018,12.44
6/10/2018,12.61
6/11/2018,12.69
6/12/2018,12.87
6/13/2018,12.96
6/14/2018,13.09
6/15/2018,13.2
6/16/2018,13.3
6/17/2018,13.38
6/18/2018,13.39
6/19/2018,13.48
6/20/2018,13.68
6/21/2018,13.82
6/22/2018,13.87
6/23/2018,13.99
6/24/2018,14.1
6/25/2018,14.24
6/26/2018,14.35
6/27/2018,14.39
6/28/2018,14.5
6/29/2018,14.65
6/30/2018,14.73
7/1/2018,14.87
7/2/2018,14.91
7/3/2018,15.01
7/4/2018,15.12
7/5/2018,15.17
7/6/2018,15.25
7/7/2018,15.31
7/8/2018,15.4
7/9/2018,15.53
7/10/2018,15.58
7/11/2018,15.64
7/12/2018,15.76
7/13/2018,15.84
7/14/2018,15.9
7/15/2018,15.9
7/16/2018,15.92
7/17/2018,16.03
7/18/2018,16.06
7/19/2018,16.1
7/20/2018,16.16
7/21/2018,16.25
7/22/2018,16.36
7/23/2018,16.45
7/24/2018,16.51
7/25/2018,16.52
7/26/2018,16.59
7/27/2018,16.72
7/28/2018,16.72
7/29/2018,16.84
7/30/2018,16.94
7/31/2018,17.07
8/1/2018,17.13
8/2/2018,17.26
8/3/2018,17.22
8/4/2018,17.2
8/5/2018,17.2
8/6/2018,17.27
8/7/2018,17.37
8/8/2018,17.43
8/9/2018,17.37
8/10/2018,17.3
8/11/2018,17.36
8/12/2018,17.37
8/13/2018,17.5
8/14/2018,17.58
8/15/2018,17.6
8/16/2018,17.62
8/17/2018,17.75
8/18/2018,17.84
8/19/2018,17.82
8/20/2018,17.82
8/21/2018,17.87
8/22/2018,17.87
8/23/2018,17.99
8/24/2018,18.06
8/25/2018,18.12
8/26/2018,18.17
8/27/2018,18.11
8/28/2018,18.09
8/29/2018,18.16
8/30/2018,18.15
8/31/2018,18.06
9/1/2018,18.03
9/2/2018,18.09
9/3/2018,18.17
9/4/2018,18.14
9/5/2018,18.11
9/6/2018,18.06
9/7/2018,18.01
9/8/2018,17.95
9/9/2018,17.98
9/10/2018,17.93
9/11/2018,17.91
9/12/2018,17.92
9/13/2018,17.84
9/14/2018,17.86
9/15/2018,18.01
9/16/2018,18.1
9/17/2018,18.21
9/18/2018,18.23
9/19/2018,18.41
9/20/2018,18.47
9/21/2018,18.47
9/22/2018,18.45
9/23/2018,18.4
9/24/2018,18.35
9/25/2018,18.33
9/26/2018,18.35
9/27/2018,18.35
9/28/2018,18.37
9/29/2018,18.42
9/30/2018,18.45
10/1/2018,18.44
10/2/2018,18.41
10/3/2018,18.4
10/4/2018,18.37
10/5/2018,18.35
10/6/2018,18.35
10/7/2018,18.32
10/8/2018,18.29
10/9/2018,18.31
10/10/2018,18.27
10/11/2018,18.31
10/12/2018,18.29
10/13/2018,18.24
10/14/2018,18.19
10/15/2018,18.15
10/16/2018,18.13
10/17/2018,18.13
10/18/2018,18.05
10/19/2018,17.96
10/20/2018,17.85
10/21/2018,17.68
10/22/2018,17.63
10/23/2018,17.53
10/24/2018,17.53
10/25/2018,17.5
10/26/2018,17.46
10/27/2018,17.43
10/28/2018,17.4
10/29/2018,17.29
10/30/2018,17.19
10/31/2018,17.14
11/1/2018,17.11
11/2/2018,17
11/3/2018,16.86
11/4/2018,16.71
11/5/2018,16.56
11/6/2018,16.43
11/7/2018,16.35
11/8/2018,16.37
11/9/2018,16.27
11/10/2018,16.18
11/11/2018,16.05
11/12/2018,15.89
11/13/2018,15.75
11/14/2018,15.62
11/15/2018,15.46
11/16/2018,15.32
11/17/2018,15.23
11/18/2018,15.09
11/19/2018,14.9
11/20/2018,14.87
11/21/2018,14.74
11/22/2018,14.62
11/23/2018,14.51
11/24/2018,14.45
11/25/2018,14.28
11/26/2018,14.16
11/27/2018,14.05
11/28/2018,13.88
11/29/2018,13.73
11/30/2018,13.58
12/1/2018,13.41
12/2/2018,13.25
12/3/2018,13.01
12/4/2018,12.8
12/5/2018,12.62
12/6/2018,12.4
12/7/2018,12.27
12/8/2018,12
12/9/2018,11.62
12/10/2018,11.28
12/11/2018,11.05
12/12/2018,10.76
12/13/2018,10.51
12/14/2018,10.26
12/15/2018,9.93
12/16/2018,9.54
12/17/2018,9.24
12/18/2018,8.92
12/19/2018,8.64
12/20/2018,8.29
12/21/2018,8
12/22/2018,7.63
12/23/2018,7.32
12/24/2018,7.01
12/25/2018,6.67
12/26/2018,6.46
12/27/2018,6.32
12/28/2018,6.16
12/29/2018,5.99
12/30/2018,5.83
12/31/2018,5.64
1/1/2019,5.45
1/2/2019,5.31
1/3/2019,5.18
1/4/2019,5.1
1/5/2019,4.93
1/6/2019,4.8
1/7/2019,4.64
1/8/2019,4.55
1/9/2019,4.42
1/10/2019,4.28
1/11/2019,4.18
1/12/2019,4.1
1/13/2019,3.99
1/14/2019,3.89
1/15/2019,3.86
1/16/2019,3.77
1/17/2019,3.71
1/18/2019,3.64
1/19/2019,3.57
1/20/2019,3.48
1/21/2019,3.41
1/22/2019,3.37
1/23/2019,3.32
1/24/2019,3.29
1/25/2019,3.23
1/26/2019,3.16
1/27/2019,3.09
1/28/2019,3.1
1/29/2019,3.03
1/30/2019,3
1/31/2019,2.98
2/1/2019,2.94
2/2/2019,2.92
2/3/2019,2.92
2/4/2019,2.86
2/5/2019,2.87
2/6/2019,2.85
2/7/2019,2.87
2/8/2019,2.82
2/9/2019,2.81
2/10/2019,2.73
2/11/2019,2.66
2/12/2019,2.67
2/13/2019,2.61
2/14/2019,2.6
2/15/2019,2.6
2/16/2019,2.61
2/17/2019,2.62
2/18/2019,2.61
2/19/2019,2.57
2/20/2019,2.54
2/21/2019,2.54
2/22/2019,2.49
2/23/2019,2.48
2/24/2019,2.48
2/25/2019,2.49
2/26/2019,2.53
2/27/2019,2.51
2/28/2019,2.5
3/1/2019,2.55
3/2/2019,2.57
3/3/2019,2.58
3/4/2019,2.58
3/5/2019,2.59
3/6/2019,2.62
3/7/2019,2.71
3/8/2019,2.78
3/9/2019,2.83
3/10/2019,2.87
3/11/2019,2.9
3/12/2019,2.95
3/13/2019,3.01
3/14/2019,3.05
3/15/2019,3.05
3/16/2019,3.13
3/17/2019,3.21
3/18/2019,3.31
3/19/2019,3.41
3/20/2019,3.45
3/21/2019,3.53
3/22/2019,3.61
3/23/2019,3.7
3/24/2019,3.77
3/25/2019,3.83
3/26/2019,3.93
3/27/2019,4.1
3/28/2019,4.05
3/29/2019,4.1
3/30/2019,4.18
3/31/2019,4.34
4/1/2019,4.36
4/2/2019,4.53
4/3/2019,4.66
4/4/2019,4.68
4/5/2019,4.85
4/6/2019,5.03
4/7/2019,5.09
4/8/2019,5.14
4/9/2019,5.27
4/10/2019,5.35
4/11/2019,5.46
4/12/2019,5.57
4/13/2019,5.67
4/14/2019,5.76
4/15/2019,5.89
4/16/2019,6.03
4/17/2019,6.12
4/18/2019,6.18
4/19/2019,6.27
4/20/2019,6.34
4/21/2019,6.38
4/22/2019,6.43
4/23/2019,6.57
4/24/2019,6.7
4/25/2019,6.77
4/26/2019,6.85
4/27/2019,6.93
4/28/2019,7.02
4/29/2019,7.08
4/30/2019,7.18
5/1/2019,7.29
5/2/2019,7.41
5/3/2019,7.57
5/4/2019,7.74
5/5/2019,7.81
5/6/2019,7.87
5/7/2019,7.98
5/8/2019,8.09
5/9/2019,8.2
5/10/2019,8.36
5/11/2019,8.49
5/12/2019,8.58
5/13/2019,8.68
5/14/2019,8.78
5/15/2019,8.88
5/16/2019,9.04
5/17/2019,9.16
5/18/2019,9.26
5/19/2019,9.44
5/20/2019,9.54
5/21/2019,9.72
5/22/2019,9.87
5/23/2019,10.01
5/24/2019,10.13
5/25/2019,10.14
5/26/2019,10.22
5/27/2019,10.3
5/28/2019,10.38
5/29/2019,10.52
5/30/2019,10.61
5/31/2019,10.7
6/1/2019,10.84
6/2/2019,10.97
6/3/2019,11.05
6/4/2019,11.23
6/5/2019,11.36
6/6/2019,11.47
6/7/2019,11.58
6/8/2019,11.71
6/9/2019,11.82
6/10/2019,11.92
6/11/2019,12
6/12/2019,12.17
6/13/2019,12.21
6/14/2019,12.25
6/15/2019,12.37
6/16/2019,12.44
6/17/2019,12.55
6/18/2019,12.71
6/19/2019,12.86
6/20/2019,13.02
6/21/2019,13.19
6/22/2019,13.26
6/23/2019,13.35
6/24/2019,13.46
6/25/2019,13.71
6/26/2019,13.83
6/27/2019,13.89
6/28/2019,13.95
6/29/2019,14.05
6/30/2019,14.11
7/1/2019,14.15
7/2/2019,14.27
7/3/2019,14.38
7/4/2019,14.51
7/5/2019,14.62
7/6/2019,14.72
7/7/2019,14.75
7/8/2019,14.91
7/9/2019,15.09
7/10/2019,15.16
7/11/2019,15.27
7/12/2019,15.37
7/13/2019,15.39
7/14/2019,15.62
7/15/2019,15.84
7/16/2019,15.91
7/17/2019,15.98
7/18/2019,16.02
7/19/2019,15.93
7/20/2019,15.89
7/21/2019,15.97
7/22/2019,16.13
7/23/2019,16.22
7/24/2019,16.3
7/25/2019,16.46
7/26/2019,16.46
7/27/2019,16.53
7/28/2019,16.69
7/29/2019,16.76
7/30/2019,16.73
7/31/2019,16.81
8/1/2019,16.88
8/2/2019,16.97
8/3/2019,16.99
8/4/2019,17
8/5/2019,17.16
8/6/2019,17.33
8/7/2019,17.39
8/8/2019,17.51
8/9/2019,17.47
8/10/2019,17.62
8/11/2019,17.62
8/12/2019,17.66
8/13/2019,17.65
8/14/2019,17.71
8/15/2019,17.73
8/16/2019,17.76
8/17/2019,17.79
8/18/2019,17.83
8/19/2019,17.91
8/20/2019,17.93
8/21/2019,17.97
8/22/2019,18.05
8/23/2019,18.07
8/24/2019,18.13
8/25/2019,18.24
8/26/2019,18.26
8/27/2019,18.28
8/28/2019,18.29
8/29/2019,18.33
8/30/2019,18.39
8/31/2019,18.4
9/1/2019,18.5
9/2/2019,18.58
9/3/2019,18.65
9/4/2019,18.65
9/5/2019,18.66
9/6/2019,18.52
9/7/2019,18.52
9/8/2019,18.45
9/9/2019,18.54
9/10/2019,18.5
9/11/2019,18.52
9/12/2019,18.5
9/13/2019,18.54
9/14/2019,18.58
9/15/2019,18.63
9/16/2019,18.66
9/17/2019,18.6
9/18/2019,18.48
9/19/2019,18.46
9/20/2019,18.46
9/21/2019,18.49
9/22/2019,18.55
9/23/2019,18.6
9/24/2019,18.62
9/25/2019,18.66
9/26/2019,18.7
9/27/2019,18.63
9/28/2019,18.63
9/29/2019,18.66
9/30/2019,18.67
10/1/2019,18.63
10/2/2019,18.58
10/3/2019,18.57
10/4/2019,18.63
10/5/2019,18.66
10/6/2019,18.61
10/7/2019,18.58
10/8/2019,18.55
10/9/2019,18.47
10/10/2019,18.46
10/11/2019,18.49
10/12/2019,18.53
10/13/2019,18.51
10/14/2019,18.44
10/15/2019,18.42
10/16/2019,18.35
10/17/2019,18.25
10/18/2019,18.2
10/19/2019,18.16
10/20/2019,18.08
10/21/2019,17.99
10/22/2019,17.99
10/23/2019,17.94
10/24/2019,17.83
10/25/2019,17.75
10/26/2019,17.64
10/27/2019,17.53
10/28/2019,17.46
10/29/2019,17.41
10/30/2019,17.32
10/31/2019,17.29
11/1/2019,17.19
11/2/2019,17.04
11/3/2019,16.87
11/4/2019,16.69
11/5/2019,16.52
11/6/2019,16.43
11/7/2019,16.32
11/8/2019,16.2
11/9/2019,16.04
11/10/2019,15.86
11/11/2019,15.71
11/12/2019,15.54
11/13/2019,15.46
11/14/2019,15.37
11/15/2019,15.29
11/16/2019,15.22
11/17/2019,15.1
11/18/2019,14.99
11/19/2019,14.84
11/20/2019,14.64
11/21/2019,14.53
11/22/2019,14.37
11/23/2019,14.2
11/24/2019,14.12
11/25/2019,13.96
11/26/2019,13.78
11/27/2019,13.62
11/28/2019,13.54
11/29/2019,13.36
11/30/2019,13.18
12/1/2019,13.04
12/2/2019,12.82
12/3/2019,12.59
12/4/2019,12.41
12/5/2019,12.1
12/6/2019,11.88
12/7/2019,11.68
12/8/2019,11.43
12/9/2019,11.2
12/10/2019,10.88
12/11/2019,10.6
12/12/2019,10.34
12/13/2019,10.11
12/14/2019,9.89
12/15/2019,9.66
12/16/2019,9.53
12/17/2019,9.31
12/18/2019,9.02
12/19/2019,8.7
12/20/2019,8.48
12/21/2019,8.21
12/22/2019,7.95
12/23/2019,7.74
12/24/2019,7.52
12/25/2019,7.37
12/26/2019,7.24
12/27/2019,7.07
12/28/2019,6.93
12/29/2019,6.8
12/30/2019,6.64
12/31/2019,6.5
1/1/2020,6.41
1/2/2020,6.25
1/3/2020,6.13
1/4/2020,6.05
1/5/2020,5.91
1/6/2020,5.81
1/7/2020,5.64
1/8/2020,5.55
1/9/2020,5.31
1/10/2020,5.19
1/11/2020,5.04
1/12/2020,4.89
1/13/2020,4.71
1/14/2020,4.6
1/15/2020,4.51
1/16/2020,4.44
1/17/2020,4.38
1/18/2020,4.22
1/19/2020,4.1
1/20/2020,4.09
1/21/2020,4.05
1/22/2020,3.96
1/23/2020,3.9
1/24/2020,3.83
1/25/2020,3.76
1/26/2020,3.68
1/27/2020,3.59
1/28/2020,3.52
1/29/2020,3.5
1/30/2020,3.45
1/31/2020,3.34
2/1/2020,3.36
2/2/2020,3.3
2/3/2020,3.22
2/4/2020,3.22
2/5/2020,3.2
2/6/2020,3.15
2/7/2020,3.08
2/8/2020,3.05
2/9/2020,3.05
2/10/2020,3.04
2/11/2020,3.01
2/12/2020,2.99
2/13/2020,2.92
2/14/2020,2.88
2/15/2020,2.81
2/16/2020,2.73
2/17/2020,2.75
2/18/2020,2.73
2/19/2020,2.75
2/20/2020,2.8
2/21/2020,2.81
2/22/2020,2.87
2/23/2020,2.84
2/24/2020,2.8
2/25/2020,2.81
2/26/2020,2.81
2/27/2020,2.82
2/28/2020,2.81
2/29/2020,2.75
3/1/2020,2.8
3/2/2020,2.85
3/3/2020,2.93
3/4/2020,3.01
3/5/2020,3.16
3/6/2020,3.32
3/7/2020,3.41
3/8/2020,3.52
3/9/2020,3.57
3/10/2020,3.67
3/11/2020,3.81
3/12/2020,3.91
3/13/2020,4
3/14/2020,4.12
3/15/2020,4.16
3/16/2020,4.16
3/17/2020,4.23
3/18/2020,4.33
3/19/2020,4.4
3/20/2020,4.52
3/21/2020,4.59
3/22/2020,4.63
3/23/2020,4.7
3/24/2020,4.8
3/25/2020,4.87
3/26/2020,5.01
3/27/2020,5.06
3/28/2020,5.11
3/29/2020,5.29
3/30/2020,5.37
3/31/2020,5.45
4/1/2020,5.52
4/2/2020,5.61
4/3/2020,5.69
4/4/2020,5.72
4/5/2020,5.8
4/6/2020,5.93
4/7/2020,6.01
4/8/2020,6.09
4/9/2020,6.21
4/10/2020,6.26
4/11/2020,6.36
4/12/2020,6.43
4/13/2020,6.51
4/14/2020,6.59
4/15/2020,6.68
4/16/2020,6.72
4/17/2020,6.83
4/18/2020,6.91
4/19/2020,7.02
4/20/2020,7.18
4/21/2020,7.27
4/22/2020,7.38
4/23/2020,7.53
4/24/2020,7.67
4/25/2020,7.81
4/26/2020,8
4/27/2020,8.11
4/28/2020,8.21
4/29/2020,8.25
4/30/2020,8.42
5/1/2020,8.54
5/2/2020,8.59
5/3/2020,8.66
5/4/2020,8.73
5/5/2020,8.83
5/6/2020,8.95
5/7/2020,9.02
5/8/2020,9.14
5/9/2020,9.3
5/10/2020,9.43
5/11/2020,9.46
5/12/2020,9.6
5/13/2020,9.7
5/14/2020,9.72
5/15/2020,9.81
5/16/2020,9.92
5/17/2020,10.12
5/18/2020,10.27
5/19/2020,10.38
5/20/2020,10.48
5/21/2020,10.64
5/22/2020,10.82
5/23/2020,10.95
5/24/2020,11.05
5/25/2020,11.2
5/26/2020,11.25
5/27/2020,11.48
5/28/2020,11.56
5/29/2020,11.69
5/30/2020,11.76
5/31/2020,11.91
6/1/2020,12.06
6/2/2020,12.19
6/3/2020,12.26
6/4/2020,12.32
6/5/2020,12.4
6/6/2020,12.58
6/7/2020,12.67
6/8/2020,12.69
6/9/2020,12.87
6/10/2020,13.05
6/11/2020,13.14
6/12/2020,13.23
6/13/2020,13.33
6/14/2020,13.44
6/15/2020,13.59
6/16/2020,13.63
6/17/2020,13.68
6/18/2020,13.75
6/19/2020,13.81
6/20/2020,13.93
6/21/2020,14.09
6/22/2020,14.25
6/23/2020,14.35
6/24/2020,14.37
6/25/2020,14.43
6/26/2020,14.51
6/27/2020,14.67
6/28/2020,14.76
6/29/2020,14.8
6/30/2020,14.87
7/1/2020,14.9
7/2/2020,15.01
7/3/2020,15.21
7/4/2020,15.35
7/5/2020,15.41
7/6/2020,15.48
7/7/2020,15.5
7/8/2020,15.52
7/9/2020,15.62
7/10/2020,15.75
7/11/2020,15.73
7/12/2020,15.74
7/13/2020,15.83
7/14/2020,15.88
7/15/2020,15.92
7/16/2020,15.93
7/17/2020,15.99
7/18/2020,16.08
7/19/2020,16.14
7/20/2020,16.26
7/21/2020,16.3
7/22/2020,16.38
7/23/2020,16.47
7/24/2020,16.54
7/25/2020,16.65
7/26/2020,16.7
7/27/2020,16.78
7/28/2020,16.84
7/29/2020,16.8
7/30/2020,16.9
7/31/2020,17.03
8/1/2020,17.03
8/2/2020,17.08
8/3/2020,17.12
8/4/2020,17.08
8/5/2020,17.17
8/6/2020,17.27
8/7/2020,17.36
8/8/2020,17.56
8/9/2020,17.6
8/10/2020,17.73
8/11/2020,17.84
8/12/2020,17.92
8/13/2020,17.99
8/14/2020,18.06
8/15/2020,17.99
8/16/2020,18.03
8/17/2020,18.13
8/18/2020,18.24
8/19/2020,18.3
8/20/2020,18.32
8/21/2020,18.33
8/22/2020,18.39
8/23/2020,18.46
8/24/2020,18.5
8/25/2020,18.52
8/26/2020,18.6
8/27/2020,18.71
8/28/2020,18.82
8/29/2020,18.93
8/30/2020,18.85
8/31/2020,18.82
9/1/2020,18.73
9/2/2020,18.71
9/3/2020,18.79
9/4/2020,18.78
9/5/2020,18.85
9/6/2020,18.92
9/7/2020,18.96
9/8/2020,18.91
9/9/2020,18.95
9/10/2020,19.02
9/11/2020,19.1
9/12/2020,19.1
9/13/2020,19.19
9/14/2020,19.24
9/15/2020,19.22
9/16/2020,19.16
9/17/2020,19.12
9/18/2020,19.17
9/19/2020,19.15
9/20/2020,19.13
9/21/2020,19.08
9/22/2020,19.1
9/23/2020,19.17
9/24/2020,19.23
9/25/2020,19.26
9/26/2020,19.22
9/27/2020,19.22
9/28/2020,19.15
9/29/2020,19.1
9/30/2020,19.09
10/1/2020,19.09
10/2/2020,19.13
10/3/2020,19.14
10/4/2020,19.07
10/5/2020,19.09
10/6/2020,19.1
10/7/2020,18.99
10/8/2020,18.96
10/9/2020,18.9
10/10/2020,18.83
10/11/2020,18.76
10/12/2020,18.74
10/13/2020,18.68
10/14/2020,18.65
10/15/2020,18.66
10/16/2020,18.64
10/17/2020,18.61
10/18/2020,18.59
10/19/2020,18.58
10/20/2020,18.58
10/21/2020,18.58
10/22/2020,18.55
10/23/2020,18.53
10/24/2020,18.45
10/25/2020,18.4
10/26/2020,18.39
10/27/2020,18.33
10/28/2020,18.34
10/29/2020,18.29
10/30/2020,18.23
10/31/2020,18.13
11/1/2020,17.94
11/2/2020,17.88
11/3/2020,17.74
11/4/2020,17.64
11/5/2020,17.56
11/6/2020,17.56
11/7/2020,17.44
11/8/2020,17.3
11/9/2020,17.16
11/10/2020,17.09
11/11/2020,17.02
11/12/2020,16.88
11/13/2020,16.88
11/14/2020,16.8
11/15/2020,16.78
11/16/2020,16.63
11/17/2020,16.55
11/18/2020,16.47
11/19/2020,16.33
11/20/2020,16.21
11/21/2020,16.05
11/22/2020,15.85
11/23/2020,15.68
11/24/2020,15.51
11/25/2020,15.28
11/26/2020,15.13
11/27/2020,14.88
11/28/2020,14.71
11/29/2020,14.58
11/30/2020,14.42
12/1/2020,14.25
12/2/2020,14.1
12/3/2020,13.91
12/4/2020,13.73
12/5/2020,13.57
12/6/2020,13.32
12/7/2020,13.07
12/8/2020,12.9
12/9/2020,12.72
12/10/2020,12.51
12/11/2020,12.31
12/12/2020,12.02
12/13/2020,11.81
12/14/2020,11.57
12/15/2020,11.19
12/16/2020,10.97
12/17/2020,10.75
12/18/2020,10.52
12/19/2020,10.19
12/20/2020,9.89
12/21/2020,9.6
12/22/2020,9.27
12/23/2020,9
12/24/2020,8.66
12/25/2020,8.39
12/26/2020,8.08
12/27/2020,7.75
12/28/2020,7.58
12/29/2020,7.39
12/30/2020,7.19
12/31/2020,7
1/1/2021,6.86
1/2/2021,6.71
1/3/2021,6.5
1/4/2021,6.34
1/5/2021,6.22
1/6/2021,6.07
1/7/2021,5.9
1/8/2021,5.81
1/9/2021,5.68
1/10/2021,5.56
1/11/2021,5.44
1/12/2021,5.25
1/13/2021,5.17
1/14/2021,5.04
1/15/2021,4.97
1/16/2021,4.82
1/17/2021,4.66
1/18/2021,4.49
1/19/2021,4.31
1/20/2021,4.26
1/21/2021,4.17
1/22/2021,4.05
1/23/2021,4
1/24/2021,3.91
1/25/2021,3.82
1/26/2021,3.79
1/27/2021,3.66
1/28/2021,3.61
1/29/2021,3.62
1/30/2021,3.58
1/31/2021,3.48
2/1/2021,3.37
2/2/2021,3.32
2/3/2021,3.25
2/4/2021,3.19
2/5/2021,3.2
2/6/2021,3.11
2/7/2021,3.13
2/8/2021,3
2/9/2021,2.95
2/10/2021,2.94
2/11/2021,2.87
2/12/2021,2.85
2/13/2021,2.81
2/14/2021,2.84
2/15/2021,2.83
2/16/2021,2.83
2/17/2021,2.77
2/18/2021,2.86
2/19/2021,2.81
2/20/2021,2.8
2/21/2021,2.8
2/22/2021,2.83
2/23/2021,2.86
2/24/2021,2.88
2/25/2021,3.04
2/26/2021,3.09
2/27/2021,3.19
2/28/2021,3.32
3/1/2021,3.55
3/2/2021,3.59
3/3/2021,3.76
3/4/2021,3.84
3/5/2021,3.86
3/6/2021,3.94
3/7/2021,3.98
3/8/2021,4.09
3/9/2021,4.15
3/10/2021,4.2
3/11/2021,4.27
3/12/2021,4.34
3/13/2021,4.38
3/14/2021,4.45
3/15/2021,4.49
3/16/2021,4.55
3/17/2021,4.59
3/18/2021,4.68
3/19/2021,4.75
3/20/2021,4.84
3/21/2021,4.98
3/22/2021,5.06
3/23/2021,5.17
3/24/2021,5.33
3/25/2021,5.41
3/26/2021,5.46
3/27/2021,5.52
3/28/2021,5.59
3/29/2021,5.63
3/30/2021,5.71
3/31/2021,5.81
4/1/2021,5.9
4/2/2021,6.01
4/3/2021,6.15
4/4/2021,6.22
4/5/2021,6.27
4/6/2021,6.32
4/7/2021,6.41
4/8/2021,6.53
4/9/2021,6.56
4/10/2021,6.66
4/11/2021,6.79
4/12/2021,6.93
4/13/2021,7.07
4/14/2021,7.19
4/15/2021,7.26
4/16/2021,7.35
4/17/2021,7.51
4/18/2021,7.6
4/19/2021,7.69
4/20/2021,7.73
4/21/2021,7.87
4/22/2021,7.93
4/23/2021,8.01
4/24/2021,8.1
4/25/2021,8.21
4/26/2021,8.33
4/27/2021,8.48
4/28/2021,8.67
4/29/2021,8.81
4/30/2021,8.84
5/1/2021,8.98
5/2/2021,9.07
5/3/2021,9.21
5/4/2021,9.35
5/5/2021,9.5
5/6/2021,9.6
5/7/2021,9.74
5/8/2021,9.83
5/9/2021,9.95
5/10/2021,10.06
5/11/2021,10.18
5/12/2021,10.19
5/13/2021,10.3
5/14/2021,10.41
5/15/2021,10.5
5/16/2021,10.6
5/17/2021,10.68
5/18/2021,10.8
5/19/2021,10.84
5/20/2021,10.89
5/21/2021,11.06
5/22/2021,11.16
5/23/2021,11.26
5/24/2021,11.32
5/25/2021,11.52
5/26/2021,11.74
5/27/2021,11.82
5/28/2021,11.9
5/29/2021,11.91
5/30/2021,11.99
5/31/2021,12.1
6/1/2021,12.21
6/2/2021,12.28
6/3/2021,12.37
6/4/2021,12.46
6/5/2021,12.57
6/6/2021,12.7
6/7/2021,12.79
6/8/2021,12.94
6/9/2021,13.1
6/10/2021,13.24
6/11/2021,13.35
6/12/2021,13.49
6/13/2021,13.65
6/14/2021,13.78
6/15/2021,13.84
6/16/2021,13.99
6/17/2021,14.08
6/18/2021,14.11
6/19/2021,14.18
6/20/2021,14.26
6/21/2021,14.39
6/22/2021,14.45
6/23/2021,14.56
6/24/2021,14.67
6/25/2021,14.9
6/26/2021,15.02
6/27/2021,15.1
6/28/2021,15.15
6/29/2021,15.16
6/30/2021,15.23
7/1/2021,15.36
7/2/2021,15.51
7/3/2021,15.62
7/4/2021,15.74
7/5/2021,15.79
7/6/2021,15.92
7/7/2021,16.08
7/8/2021,16.12
7/9/2021,16.15
7/10/2021,16.14
7/11/2021,16.15
7/12/2021,16.22
7/13/2021,16.39
7/14/2021,16.56
7/15/2021,16.69
7/16/2021,16.89
7/17/2021,16.94
7/18/2021,17.01
7/19/2021,17.2
7/20/2021,17.09
7/21/2021,17.21
7/22/2021,17.38
7/23/2021,17.52
7/24/2021,17.59
7/25/2021,17.59
7/26/2021,17.62
7/27/2021,17.65
7/28/2021,17.7
7/29/2021,17.75
7/30/2021,17.78
7/31/2021,17.71
8/1/2021,17.75
8/2/2021,17.8
8/3/2021,17.81
8/4/2021,17.89
8/5/2021,17.93
8/6/2021,18.04
8/7/2021,18.09
8/8/2021,18.06
8/9/2021,18.09
8/10/2021,18.18
8/11/2021,18.19
8/12/2021,18.28
8/13/2021,18.37
8/14/2021,18.4
8/15/2021,18.35
8/16/2021,18.36
8/17/2021,18.51
8/18/2021,18.63
8/19/2021,18.73
8/20/2021,18.72
8/21/2021,18.71
8/22/2021,18.72
8/23/2021,18.77
8/24/2021,18.84
8/25/2021,18.95
8/26/2021,19
8/27/2021,19.02
8/28/2021,19.07
8/29/2021,19.2
8/30/2021,19.14
8/31/2021,19.08
9/1/2021,18.99
9/2/2021,18.87
9/3/2021,18.89
9/4/2021,18.92
9/5/2021,18.88
9/6/2021,18.89
9/7/2021,18.94
9/8/2021,19.01
9/9/2021,18.93
9/10/2021,18.9
9/11/2021,18.92
9/12/2021,18.88
9/13/2021,18.87
9/14/2021,18.74
9/15/2021,18.68
9/16/2021,18.69
9/17/2021,18.68
9/18/2021,18.7
9/19/2021,18.62
9/20/2021,18.66
9/21/2021,18.69
9/22/2021,18.71
9/23/2021,18.62
9/24/2021,18.62
9/25/2021,18.63
9/26/2021,18.53
9/27/2021,18.43
9/28/2021,18.41
9/29/2021,18.41
9/30/2021,18.35
10/1/2021,18.37
10/2/2021,18.4
10/3/2021,18.38
10/4/2021,18.34
10/5/2021,18.29
10/6/2021,18.18
10/7/2021,18.18
10/8/2021,18.16
10/9/2021,18.18
10/10/2021,18.14
10/11/2021,18.08
10/12/2021,18.1
10/13/2021,18.11
10/14/2021,18.13
10/15/2021,18.1
10/16/2021,18.12
10/17/2021,18.07
10/18/2021,18.04
10/19/2021,17.92
10/20/2021,17.85
10/21/2021,17.78
10/22/2021,17.8
10/23/2021,17.73
10/24/2021,17.61
10/25/2021,17.52
10/26/2021,17.41
10/27/2021,17.42
10/28/2021,17.32
10/29/2021,17.22
10/30/2021,17.11
10/31/2021,17.02
11/1/2021,16.91
11/2/2021,16.82
11/3/2021,16.73
11/4/2021,16.71
11/5/2021,16.62
11/6/2021,16.54
11/7/2021,16.42
11/8/2021,16.32
11/9/2021,16.22
11/10/2021,16.11
11/11/2021,16.06
11/12/2021,15.95
11/13/2021,15.88
11/14/2021,15.78
11/15/2021,15.66
11/16/2021,15.48
11/17/2021,15.21
11/18/2021,15.14
11/19/2021,15.06
11/20/2021,14.81
11/21/2021,14.64
11/22/2021,14.5
11/23/2021,14.32
11/24/2021,14.19
11/25/2021,14
11/26/2021,13.9
11/27/2021,13.74
11/28/2021,13.6
11/29/2021,13.43
11/30/2021,13.26
12/1/2021,13.09
12/2/2021,12.84
12/3/2021,12.58
12/4/2021,12.34
12/5/2021,12.18
12/6/2021,12.01
12/7/2021,11.77
12/8/2021,11.63
12/9/2021,11.45
12/10/2021,11.23
12/11/2021,11.01
12/12/2021,10.74
12/13/2021,10.55
12/14/2021,10.27
12/15/2021,10
12/16/2021,9.84
12/17/2021,9.56
12/18/2021,9.16
12/19/2021,8.89
12/20/2021,8.52
12/21/2021,8.25
12/22/2021,7.94
12/23/2021,7.66
12/24/2021,7.4
12/25/2021,7.18
12/26/2021,7.08
12/27/2021,6.94
12/28/2021,6.78
12/29/2021,6.53
12/30/2021,6.33
12/31/2021,6.16
1/1/2022,5.9
1/2/2022,5.72
1/3/2022,5.52
1/4/2022,5.33
1/5/2022,5.19
1/6/2022,4.96
1/7/2022,4.91
1/8/2022,4.78
1/9/2022,4.61
1/10/2022,4.55
1/11/2022,4.47
1/12/2022,4.39
1/13/2022,4.32
1/14/2022,4.18
1/15/2022,4.1
1/16/2022,3.93
1/17/2022,3.84
1/18/2022,3.71
1/19/2022,3.58
1/20/2022,3.55
1/21/2022,3.47
1/22/2022,3.43
1/23/2022,3.33
1/24/2022,3.24
1/25/2022,3.18
1/26/2022,3.11
1/27/2022,3.07
1/28/2022,3.03
1/29/2022,3
1/30/2022,2.92
1/31/2022,2.86
2/1/2022,2.82
2/2/2022,2.73
2/3/2022,2.67
2/4/2022,2.59
2/5/2022,2.55
2/6/2022,2.53
2/7/2022,2.44
2/8/2022,2.3
2/9/2022,2.3
2/10/2022,2.29
2/11/2022,2.23
2/12/2022,2.21
2/13/2022,2.15
2/14/2022,2.14
2/15/2022,2.11
2/16/2022,2.07
2/17/2022,2.07
2/18/2022,2.04
2/19/2022,2.01
2/20/2022,1.98
2/21/2022,2
2/22/2022,1.99
2/23/2022,1.96
2/24/2022,1.97
2/25/2022,2
2/26/2022,2.01
2/27/2022,2.03
2/28/2022,2.04
3/1/2022,2.09
3/2/2022,2.09
3/3/2022,2.15
3/4/2022,2.25
3/5/2022,2.29
3/6/2022,2.32
3/7/2022,2.35
3/8/2022,2.42
3/9/2022,2.48
3/10/2022,2.53
3/11/2022,2.54
3/12/2022,2.6
3/13/2022,2.67
3/14/2022,2.71
3/15/2022,2.8
3/16/2022,2.88
3/17/2022,2.93
3/18/2022,3.01
3/19/2022,3.11
3/20/2022,3.18
3/21/2022,3.23
3/22/2022,3.24
3/23/2022,3.31
3/24/2022,3.47
3/25/2022,3.6
3/26/2022,3.73
3/27/2022,3.87
3/28/2022,3.98
3/29/2022,4.13
3/30/2022,4.24
3/31/2022,4.34
4/1/2022,4.56
4/2/2022,4.72
4/3/2022,4.71
4/4/2022,4.75
4/5/2022,4.82
4/6/2022,4.99
4/7/2022,5.05
4/8/2022,5.15
4/9/2022,5.3
4/10/2022,5.44
4/11/2022,5.57
4/12/2022,5.7
4/13/2022,5.82
4/14/2022,5.97
4/15/2022,6.12
4/16/2022,6.2
4/17/2022,6.36
4/18/2022,6.49
4/19/2022,6.61
4/20/2022,6.71
4/21/2022,6.81
4/22/2022,6.97
4/23/2022,7.08
4/24/2022,7.25
4/25/2022,7.33
4/26/2022,7.49
4/27/2022,7.56
4/28/2022,7.66
4/29/2022,7.77
4/30/2022,7.88
5/1/2022,8
5/2/2022,8.08
5/3/2022,8.17
5/4/2022,8.36
5/5/2022,8.49
5/6/2022,8.64
5/7/2022,8.75
5/8/2022,8.86
5/9/2022,9
5/10/2022,9.05
5/11/2022,9.11
5/12/2022,9.29
5/13/2022,9.42
5/14/2022,9.52
5/15/2022,9.66
5/16/2022,9.8
5/17/2022,9.89
5/18/2022,9.97
5/19/2022,10.08
5/20/2022,10.16
5/21/2022,10.24
5/22/2022,10.3
5/23/2022,10.3
5/24/2022,10.35
5/25/2022,10.48
5/26/2022,10.56
5/27/2022,10.68
5/28/2022,10.73
5/29/2022,10.75
5/30/2022,10.77
5/31/2022,10.81
6/1/2022,10.89
6/2/2022,11.06
6/3/2022,11.24
6/4/2022,11.41
6/5/2022,11.52
6/6/2022,11.64
6/7/2022,11.64
6/8/2022,11.74
6/9/2022,11.81
6/10/2022,11.94
6/11/2022,12.08
6/12/2022,12.19
6/13/2022,12.25
6/14/2022,12.4
6/15/2022,12.5
6/16/2022,12.61
6/17/2022,12.7
6/18/2022,12.78
6/19/2022,12.81
6/20/2022,12.85
6/21/2022,12.88
6/22/2022,12.97
6/23/2022,13.04
6/24/2022,13.14
6/25/2022,13.29
6/26/2022,13.45
6/27/2022,13.59
6/28/2022,13.73
6/29/2022,13.8
6/30/2022,13.92
7/1/2022,14.1
7/2/2022,14.14
7/3/2022,14.24
7/4/2022,14.29
7/5/2022,14.34
7/6/2022,14.37
7/7/2022,14.5
7/8/2022,14.59
7/9/2022,14.72
7/10/2022,14.82
7/11/2022,14.92
7/12/2022,14.94
7/13/2022,14.95
7/14/2022,15.08
7/15/2022,15.13
7/16/2022,15.25
7/17/2022,15.41
7/18/2022,15.51
7/19/2022,15.62
7/20/2022,15.69
7/21/2022,15.74
7/22/2022,15.82
7/23/2022,15.81
7/24/2022,15.77
7/25/2022,15.75
7/26/2022,15.77
7/27/2022,15.9
7/28/2022,16.01
7/29/2022,16.15
7/30/2022,16.22
7/31/2022,16.39
8/1/2022,16.56
8/2/2022,16.67
8/3/2022,16.73
8/4/2022,16.88
8/5/2022,16.98
8/6/2022,17.01
8/7/2022,16.98
8/8/2022,16.96
8/9/2022,16.98
8/10/2022,17.01
8/11/2022,17.04
8/12/2022,17.09
8/13/2022,17.09
8/14/2022,17.25
8/15/2022,17.36
8/16/2022,17.38
8/17/2022,17.49
8/18/2022,17.56
8/19/2022,17.47
8/20/2022,17.44
8/21/2022,17.51
8/22/2022,17.61
8/23/2022,17.65
8/24/2022,17.74
8/25/2022,17.87
8/26/2022,17.89
8/27/2022,17.86
8/28/2022,17.85
8/29/2022,17.86
8/30/2022,17.82
8/31/2022,17.8
9/1/2022,17.88
9/2/2022,17.98
9/3/2022,18.05
9/4/2022,18.06
9/5/2022,18.07
9/6/2022,18.19
9/7/2022,18.24
9/8/2022,18.27
9/9/2022,18.33
9/10/2022,18.31
9/11/2022,18.35
9/12/2022,18.43
9/13/2022,18.48
9/14/2022,18.5
9/15/2022,18.49
9/16/2022,18.41
9/17/2022,18.4
9/18/2022,18.38
9/19/2022,18.41
9/20/2022,18.4
9/21/2022,18.41
9/22/2022,18.39
9/23/2022,18.36
9/24/2022,18.37
9/25/2022,18.39
9/26/2022,18.43
9/27/2022,18.33
9/28/2022,18.3
9/29/2022,18.24
9/30/2022,18.15
10/1/2022,18.15
10/2/2022,18.18
10/3/2022,18.21
10/4/2022,18.19
10/5/2022,18.17
10/6/2022,18.08
10/7/2022,18.09
10/8/2022,18.14
10/9/2022,18.14
10/10/2022,18.11
10/11/2022,18.09
10/12/2022,17.98
10/13/2022,17.9
10/14/2022,17.89
10/15/2022,17.86
10/16/2022,17.79
10/17/2022,17.72
10/18/2022,17.62
10/19/2022,17.54
10/20/2022,17.48
10/21/2022,17.46
10/22/2022,17.4
10/23/2022,17.35
10/24/2022,17.28
10/25/2022,17.28
10/26/2022,17.22
10/27/2022,17.11
10/28/2022,17
10/29/2022,16.9
10/30/2022,16.94
10/31/2022,16.78
11/1/2022,16.65
11/2/2022,16.57
11/3/2022,16.46
11/4/2022,16.43
11/5/2022,16.37
11/6/2022,16.31
11/7/2022,16.26
11/8/2022,16.21
11/9/2022,16.07
11/10/2022,16.03
11/11/2022,15.97
11/12/2022,15.94
11/13/2022,15.86
11/14/2022,15.76
11/15/2022,15.7
11/16/2022,15.61
11/17/2022,15.49
11/18/2022,15.37
11/19/2022,15.26
11/20/2022,15.06
11/21/2022,14.91
11/22/2022,14.75
11/23/2022,14.63
11/24/2022,14.38
11/25/2022,14.21
11/26/2022,14.13
11/27/2022,13.94
11/28/2022,13.75
11/29/2022,13.58
11/30/2022,13.28
12/1/2022,13.17
12/2/2022,12.9
12/3/2022,12.66
12/4/2022,12.47
12/5/2022,12.21
12/6/2022,12.03
12/7/2022,11.83
12/8/2022,11.59
12/9/2022,11.3
12/10/2022,10.94
12/11/2022,10.56
12/12/2022,10.22
12/13/2022,9.89
12/14/2022,9.61
12/15/2022,9.34
12/16/2022,9.12
12/17/2022,8.93
12/18/2022,8.64
12/19/2022,8.29
12/20/2022,7.97
12/21/2022,7.73
12/22/2022,7.41
12/23/2022,7.17
12/24/2022,6.84
12/25/2022,6.46
12/26/2022,6.21
12/27/2022,6.05
12/28/2022,5.73
12/29/2022,5.54
12/30/2022,5.22
12/31/2022,5.09
1/1/2023,4.97
1/2/2023,4.74
1/3/2023,4.64
1/4/2023,4.48
1/5/2023,4.35
1/6/2023,4.2
1/7/2023,4.05
1/8/2023,3.95
1/9/2023,3.84
1/10/2023,3.77
1/11/2023,3.69
1/12/2023,3.58
1/13/2023,3.53
1/14/2023,3.45
1/15/2023,3.36
1/16/2023,3.3
1/17/2023,3.29
1/18/2023,3.16
1/19/2023,3.09
1/20/2023,2.99
1/21/2023,2.93
1/22/2023,2.82
1/23/2023,2.75
1/24/2023,2.69
1/25/2023,2.6
1/26/2023,2.52
1/27/2023,2.45
1/28/2023,2.42
1/29/2023,2.39
1/30/2023,2.31
1/31/2023,2.29
2/1/2023,2.24
2/2/2023,2.2
2/3/2023,2.13
2/4/2023,2.11
2/5/2023,2.12
2/6/2023,2.11
2/7/2023,2.04
2/8/2023,2
2/9/2023,1.91
2/10/2023,1.89
2/11/2023,1.89
2/12/2023,1.88
2/13/2023,1.87
2/14/2023,1.88
2/15/2023,1.8
2/16/2023,1.85
2/17/2023,1.84
2/18/2023,1.86
2/19/2023,1.82
2/20/2023,1.83
2/21/2023,1.81
2/22/2023,1.87
2/23/2023,1.84
2/24/2023,1.88
2/25/2023,1.88
2/26/2023,1.92
2/27/2023,1.91
2/28/2023,1.91
3/1/2023,1.96
3/2/2023,1.98
3/3/2023,1.99
3/4/2023,2.01
3/5/2023,2.14
3/6/2023,2.21
3/7/2023,2.29
3/8/2023,2.43
3/9/2023,2.56
3/10/2023,2.6
3/11/2023,2.57
3/12/2023,2.59
3/13/2023,2.66
3/14/2023,2.7
3/15/2023,2.79
3/16/2023,2.89
3/17/2023,2.87
3/18/2023,2.91
3/19/2023,3.02
3/20/2023,3.08
3/21/2023,3.21
3/22/2023,3.36
3/23/2023,3.47
3/24/2023,3.69
3/25/2023,3.82
3/26/2023,3.89
3/27/2023,3.9
3/28/2023,4.02
3/29/2023,4.12
3/30/2023,4.25
3/31/2023,4.37
4/1/2023,4.5
4/2/2023,4.59
4/3/2023,4.67
4/4/2023,4.75
4/5/2023,4.81
4/6/2023,4.93
4/7/2023,5.02
4/8/2023,5.09
4/9/2023,5.07
4/10/2023,5.18
4/11/2023,5.28
4/12/2023,5.43
4/13/2023,5.54
4/14/2023,5.58
4/15/2023,5.67
4/16/2023,5.68
4/17/2023,5.78
4/18/2023,5.84
4/19/2023,5.91
4/20/2023,5.95
4/21/2023,6.09
4/22/2023,6.22
4/23/2023,6.33
4/24/2023,6.42
4/25/2023,6.56
4/26/2023,6.62
4/27/2023,6.75
4/28/2023,6.83
4/29/2023,6.97
4/30/2023,7.06
5/1/2023,7.13
5/2/2023,7.22
5/3/2023,7.31
5/4/2023,7.43
5/5/2023,7.52
5/6/2023,7.65
5/7/2023,7.77
5/8/2023,7.89
5/9/2023,7.97
5/10/2023,8.07
5/11/2023,8.19
5/12/2023,8.33
5/13/2023,8.43
5/14/2023,8.48
5/15/2023,8.57
5/16/2023,8.62
5/17/2023,8.68
5/18/2023,8.74
5/19/2023,8.87
5/20/2023,9.03
5/21/2023,9.18
5/22/2023,9.29
5/23/2023,9.4
5/24/2023,9.51
5/25/2023,9.65
5/26/2023,9.58
5/27/2023,9.64
5/28/2023,9.75
5/29/2023,9.89
5/30/2023,9.99
5/31/2023,10.09
6/1/2023,10.18
6/2/2023,10.3
6/3/2023,10.43
6/4/2023,10.51
6/5/2023,10.56
6/6/2023,10.6
6/7/2023,10.7
6/8/2023,10.84
6/9/2023,10.82
6/10/2023,10.91
6/11/2023,10.99
6/12/2023,11.01
6/13/2023,11.08
6/14/2023,11.16
6/15/2023,11.24
6/16/2023,11.41
6/17/2023,11.55
6/18/2023,11.62
6/19/2023,11.65
6/20/2023,11.74
6/21/2023,11.81
6/22/2023,11.84
6/23/2023,11.88
6/24/2023,11.98
6/25/2023,12.05
6/26/2023,12.12
6/27/2023,12.15
6/28/2023,12.19
6/29/2023,12.3
6/30/2023,12.45
7/1/2023,12.58
7/2/2023,12.58
7/3/2023,12.56
7/4/2023,12.58
7/5/2023,12.64
7/6/2023,12.72
7/7/2023,12.85
7/8/2023,13.08
7/9/2023,13.23
7/10/2023,13.29
7/11/2023,13.34
7/12/2023,13.43
7/13/2023,13.57
7/14/2023,13.63
7/15/2023,13.89
7/16/2023,14.05
7/17/2023,14.13
7/18/2023,14.15
7/19/2023,14.22
7/20/2023,14.3
7/21/2023,14.42
7/22/2023,14.47
7/23/2023,14.5
7/24/2023,14.55
7/25/2023,14.63
7/26/2023,14.67
7/27/2023,14.79
7/28/2023,14.84
7/29/2023,14.88
7/30/2023,14.96
7/31/2023,15.03
8/1/2023,15.05
8/2/2023,15.07
8/3/2023,15.1
8/4/2023,15.21
8/5/2023,15.3
8/6/2023,15.24
8/7/2023,15.26
8/8/2023,15.3
8/9/2023,15.29
8/10/2023,15.31
8/11/2023,15.28
8/12/2023,15.3
8/13/2023,15.35
8/14/2023,15.42
8/15/2023,15.66
8/16/2023,15.92
8/17/2023,15.99
8/18/2023,15.97
8/19/2023,16.02
8/20/2023,16.08
8/21/2023,16.18
8/22/2023,16.27
8/23/2023,16.31
8/24/2023,16.44
8/25/2023,16.46
8/26/2023,16.61
8/27/2023,16.59
8/28/2023,16.67
8/29/2023,16.78
8/30/2023,16.83
8/31/2023,16.85
9/1/2023,16.94
9/2/2023,17.04
9/3/2023,17.08
9/4/2023,17.18
9/5/2023,17.28
9/6/2023,17.36
9/7/2023,17.39
9/8/2023,17.38
9/9/2023,17.29
9/10/2023,17.29
9/11/2023,17.29
9/12/2023,17.31
9/13/2023,17.34
9/14/2023,17.29
9/15/2023,17.27
9/16/2023,17.26
9/17/2023,17.26
9/18/2023,17.24
9/19/2023,17.21
9/20/2023,17.14
9/21/2023,17.11
9/22/2023,17.04
9/23/2023,17.01
9/24/2023,16.94
9/25/2023,16.94
9/26/2023,16.91
9/27/2023,17.02
9/28/2023,17.1
9/29/2023,17.08
9/30/2023,17.09
10/1/2023,17.07
10/2/2023,17.1
10/3/2023,17.06
10/4/2023,16.96
10/5/2023,16.87
10/6/2023,16.78
10/7/2023,16.8
10/8/2023,16.74
10/9/2023,16.69
10/10/2023,16.66
10/11/2023,16.56
10/12/2023,16.47
10/13/2023,16.43
10/14/2023,16.35
10/15/2023,16.36
10/16/2023,16.38
10/17/2023,16.39
10/18/2023,16.39
10/19/2023,16.39
10/20/2023,16.24
10/21/2023,16.16
10/22/2023,16.17
10/23/2023,16.2
10/24/2023,16.23
10/25/2023,16.21
10/26/2023,16.19
10/27/2023,16.15
10/28/2023,16.11
10/29/2023,16.04
10/30/2023,15.97
10/31/2023,15.87
11/1/2023,15.75
11/2/2023,15.66
11/3/2023,15.6
11/4/2023,15.53
11/5/2023,15.56
11/6/2023,15.59
11/7/2023,15.56
11/8/2023,15.56
11/9/2023,15.51
11/10/2023,15.49
11/11/2023,15.46
11/12/2023,15.37
11/13/2023,15.22
11/14/2023,15.14
11/15/2023,15.02
11/16/2023,14.88
11/17/2023,14.72
11/18/2023,14.59
11/19/2023,14.47
11/20/2023,14.28
11/21/2023,14.1
11/22/2023,13.99
11/23/2023,13.79
11/24/2023,13.57
11/25/2023,13.46
11/26/2023,13.35
11/27/2023,13.23
11/28/2023,13.06
11/29/2023,12.8
11/30/2023,12.45
12/1/2023,12.08
12/2/2023,11.83
12/3/2023,11.5
12/4/2023,11.23
12/5/2023,10.94
12/6/2023,10.74
12/7/2023,10.48
12/8/2023,10.3
12/9/2023,10.04
12/10/2023,9.78
12/11/2023,9.66
12/12/2023,9.48
12/13/2023,9.33
12/14/2023,9.16
12/15/2023,8.95
12/16/2023,8.81
12/17/2023,8.72
12/18/2023,8.61
12/19/2023,8.4
12/20/2023,8.26
12/21/2023,8.17
12/22/2023,8.04
12/23/2023,7.84
12/24/2023,7.64
12/25/2023,7.47
12/26/2023,7.41
12/27/2023,7.27
12/28/2023,7.06
12/29/2023,6.89
12/30/2023,6.66
12/31/2023,6.47